user_id,date,actual,last_month,persistence,three_month_average,ridge,elastic_net,xgboost
05167b37-6076-5289-be16-0e4b4fc94ebe,2022-01-01,-7977.17,,-13252.345000000001,-13252.345000000001,-599.9161128181978,-584.6049202465573,-976.0215454101562
05167b37-6076-5289-be16-0e4b4fc94ebe,2022-02-01,-8911.64,-7977.17,-7977.17,-7977.17,-8543.448047371281,-8530.397895355576,-10121.977373046875
05167b37-6076-5289-be16-0e4b4fc94ebe,2022-03-01,-10858.14,-8911.64,-8911.64,-8444.404999999999,-9468.862073312583,-9461.680937288005,-10658.81041015625
05167b37-6076-5289-be16-0e4b4fc94ebe,2022-04-01,-12654.0,-10858.14,-10858.14,-9248.983333333332,-11355.918488333069,-11355.781633606426,-12944.435654296874
05167b37-6076-5289-be16-0e4b4fc94ebe,2022-05-01,-15359.36,-12654.0,-12654.0,-10807.926666666666,-13161.461283765404,-13159.969003564367,-14152.220336914062
05167b37-6076-5289-be16-0e4b4fc94ebe,2022-06-01,-16816.52,-15359.36,-15359.36,-12957.166666666666,-15843.451363751723,-15843.920373013569,-17016.635634765626
05167b37-6076-5289-be16-0e4b4fc94ebe,2022-07-01,-18317.94,-16816.52,-16816.52,-14943.293333333335,-17172.801470015525,-17186.499174011686,-17932.910258789063
05167b37-6076-5289-be16-0e4b4fc94ebe,2022-08-01,-19599.5,-18317.94,-18317.94,-16831.273333333334,-18667.093292989735,-18680.883148255143,-19636.270444335936
05167b37-6076-5289-be16-0e4b4fc94ebe,2022-09-01,-20073.54,-19599.5,-19599.5,-18244.653333333335,-19947.379079257633,-19961.724134125547,-20787.986083984375
05167b37-6076-5289-be16-0e4b4fc94ebe,2022-10-01,-21421.03,-20073.54,-20073.54,-19330.326666666664,-20474.778909239343,-20482.069918740726,-20575.116293945313
05167b37-6076-5289-be16-0e4b4fc94ebe,2022-11-01,-22649.8,-21421.03,-21421.03,-20364.69,-21812.556602590415,-21821.376233192364,-22733.93783691406
05167b37-6076-5289-be16-0e4b4fc94ebe,2022-12-01,-20970.44,-22649.8,-22649.8,-21381.45666666667,-23056.76406987907,-23063.575762181033,-23711.895581054687
05167b37-6076-5289-be16-0e4b4fc94ebe,2023-01-01,-20632.85,-20970.44,-20970.44,-21680.423333333332,-21422.130344837442,-21424.860583039033,-21222.893018188475
05167b37-6076-5289-be16-0e4b4fc94ebe,2023-02-01,-20888.86,-20632.85,-20632.85,-21417.696666666667,-21143.71082047502,-21139.405051664267,-21098.30068359375
05167b37-6076-5289-be16-0e4b4fc94ebe,2023-03-01,-21445.93,-20888.86,-20888.86,-20830.716666666664,-21401.744958400206,-21397.69924250732,-21585.663100585938
05167b37-6076-5289-be16-0e4b4fc94ebe,2023-04-01,-21641.13,-21445.93,-21445.93,-20989.213333333333,-21939.845122328483,-21937.947361274848,-22072.388435058594
05167b37-6076-5289-be16-0e4b4fc94ebe,2023-05-01,-23328.89,-21641.13,-21641.13,-21325.306666666667,-22166.060551325303,-22159.58878326384,-22171.20556152344
05167b37-6076-5289-be16-0e4b4fc94ebe,2023-06-01,-24666.51,-23328.89,-23328.89,-22138.650000000005,-23718.54266283874,-23729.492002603336,-24041.68815673828
05167b37-6076-5289-be16-0e4b4fc94ebe,2023-07-01,-36920.38,-24666.51,-24666.51,-23212.176666666666,-25045.79833415295,-25056.247033594962,-26082.67552734375
05167b37-6076-5289-be16-0e4b4fc94ebe,2023-08-01,-38346.43,-36920.38,-36920.38,-28305.26,-36760.900767591884,-36838.95747954408,-38463.62096679687
05167b37-6076-5289-be16-0e4b4fc94ebe,2023-09-01,-38277.46,-38346.43,-38346.43,-33311.10666666667,-38377.58409084654,-38428.471296364114,-39381.422919921875
05167b37-6076-5289-be16-0e4b4fc94ebe,2023-10-01,-38218.45,-38277.46,-38277.46,-37848.09,-38340.18031267757,-38385.19441005777,-38811.587014160155
05167b37-6076-5289-be16-0e4b4fc94ebe,2023-11-01,-38984.32,-38218.45,-38218.45,-38280.78,-38360.09414091901,-38396.91706652585,-38236.69426460266
05167b37-6076-5289-be16-0e4b4fc94ebe,2023-12-01,-39921.99,-38984.32,-38984.32,-38493.409999999996,-39118.13265561059,-39156.5154846147,-39743.555412597656
05167b37-6076-5289-be16-0e4b4fc94ebe,2024-01-01,-39872.91,-39921.99,-39921.99,-39041.58666666666,-40031.68273277909,-40073.55661035265,-40216.02546142578
05167b37-6076-5289-be16-0e4b4fc94ebe,2024-02-01,-40980.53,-39872.91,-39872.91,-39593.073333333334,-40159.719925434365,-40177.998815273495,-40677.56399169922
05167b37-6076-5289-be16-0e4b4fc94ebe,2024-03-01,-42609.71,-40980.53,-40980.53,-40258.47666666666,-41159.0576123385,-41191.63441371,-42201.61654785156
05167b37-6076-5289-be16-0e4b4fc94ebe,2024-04-01,-45556.56,-42609.71,-42609.71,-41154.38333333333,-42801.71162561476,-42831.325853843286,-43469.94522949219
05167b37-6076-5289-be16-0e4b4fc94ebe,2024-05-01,-46892.65,-45556.56,-45556.56,-43048.93333333333,-45704.262451099385,-45734.846482861656,-46215.51776367187
05167b37-6076-5289-be16-0e4b4fc94ebe,2024-06-01,-48375.95,-46892.65,-46892.65,-45019.63999999999,-46989.63318724898,-47029.04330103417,-47880.957739257814
05167b37-6076-5289-be16-0e4b4fc94ebe,2024-07-01,-48072.03,-48375.95,-48375.95,-46941.72,-48413.83089711026,-48460.82850975516,-49849.559741210935
05167b37-6076-5289-be16-0e4b4fc94ebe,2024-08-01,-48969.41,-48072.03,-48072.03,-47780.21,-48160.60854539824,-48201.69305679125,-49659.842866210936
05167b37-6076-5289-be16-0e4b4fc94ebe,2024-09-01,-53200.72,-48969.41,-48969.41,-48472.46333333334,-49060.45119768273,-49101.28229678502,-51140.09432617188
05167b37-6076-5289-be16-0e4b4fc94ebe,2024-10-01,-58353.58,-53200.72,-53200.72,-50080.72,-53196.97627906677,-53247.91003621126,-55373.073759765626
05167b37-6076-5289-be16-0e4b4fc94ebe,2024-11-01,-59070.93,-58353.58,-58353.58,-53507.90333333334,-58223.37039343635,-58288.393254546085,-60011.75822265625
05d08c1c-e68e-559f-a760-719b21feda99,2022-01-01,-561.4,,-13252.345000000001,-13252.345000000001,-599.9161128181978,-584.6049202465573,-976.0215454101562
05d08c1c-e68e-559f-a760-719b21feda99,2022-02-01,-7673.71,-561.4,-561.4,-561.4,-1165.5143228922357,-1151.2522239425653,-2458.4953369140626
05d08c1c-e68e-559f-a760-719b21feda99,2022-03-01,-9891.53,-7673.71,-7673.71,-4117.555,-8165.277814397898,-8165.573239034737,-8914.232338867187
05d08c1c-e68e-559f-a760-719b21feda99,2022-04-01,-12724.56,-9891.53,-9891.53,-6042.213333333334,-10432.532561600683,-10426.400976816823,-11900.171357421876
05d08c1c-e68e-559f-a760-719b21feda99,2022-05-01,-13510.41,-12724.56,-12724.56,-10096.6,-13192.572175336833,-13193.602658638742,-14497.021181640624
05d08c1c-e68e-559f-a760-719b21feda99,2022-06-01,-14519.07,-13510.41,-13510.41,-12042.166666666666,-14074.854590790912,-14063.935316938829,-14052.832912597656
05d08c1c-e68e-559f-a760-719b21feda99,2022-07-01,-15794.25,-14519.07,-14519.07,-13584.68,-14809.083720069866,-14830.954887296835,-15381.021293945312
05d08c1c-e68e-559f-a760-719b21feda99,2022-08-01,-16358.43,-15794.25,-15794.25,-14607.909999999998,-16133.824306062244,-16149.592629342636,-16177.317321777344
05d08c1c-e68e-559f-a760-719b21feda99,2022-09-01,-19703.0,-16358.43,-16358.43,-15557.25,-16773.348440243622,-16779.421423523258,-16646.090400390625
05d08c1c-e68e-559f-a760-719b21feda99,2022-10-01,-17593.16,-19703.0,-19703.0,-17285.226666666666,-20071.2466878067,-20082.68936189729,-18424.255615234375
05d08c1c-e68e-559f-a760-719b21feda99,2022-11-01,-16032.76,-17593.16,-17593.16,-17884.863333333335,-18107.10907244128,-18102.059830540886,-17103.72704711914
05d08c1c-e68e-559f-a760-719b21feda99,2022-12-01,-16341.74,-16032.76,-16032.76,-17776.306666666667,-16554.638888156624,-16550.19709592175,-15408.912465820313
05d08c1c-e68e-559f-a760-719b21feda99,2023-01-01,-15375.75,-16341.74,-16341.74,-16655.88666666667,-16862.821175626814,-16859.090925914265,-16594.858560791014
05d08c1c-e68e-559f-a760-719b21feda99,2023-02-01,-19954.28,-15375.75,-15375.75,-15916.75,-15942.648924933568,-15932.485924880746,-16184.794555664062
05d08c1c-e68e-559f-a760-719b21feda99,2023-03-01,-17927.84,-19954.28,-19954.28,-17223.923333333332,-20306.025305266852,-20321.603309286384,-19000.81253173828
05d08c1c-e68e-559f-a760-719b21feda99,2023-04-01,-16406.64,-17927.84,-17927.84,-17752.623333333333,-18518.768389625762,-18506.185312861504,-17510.581149902344
05d08c1c-e68e-559f-a760-719b21feda99,2023-05-01,-15823.68,-16406.64,-16406.64,-18096.25333333333,-16849.886768083714,-16856.647158851298,-16117.9398046875
05d08c1c-e68e-559f-a760-719b21feda99,2023-06-01,-15162.68,-15823.68,-15823.68,-16719.38666666667,-16335.98914663593,-16333.944924338206,-16290.783271484375
05d08c1c-e68e-559f-a760-719b21feda99,2023-07-01,-15811.74,-15162.68,-15162.68,-15797.666666666666,-15638.246843117695,-15641.955470288354,-15780.393928222657
05d08c1c-e68e-559f-a760-719b21feda99,2023-08-01,-16703.02,-15811.74,-15811.74,-15599.366666666667,-16375.810990870435,-16367.791045665997,-15945.273706665039
05d08c1c-e68e-559f-a760-719b21feda99,2023-09-01,-20338.34,-16703.02,-16703.02,-15892.480000000001,-17335.253220466737,-17319.235854009825,-17069.76884033203
05d08c1c-e68e-559f-a760-719b21feda99,2023-10-01,-18767.94,-20338.34,-20338.34,-17617.7,-20747.654684416884,-20756.949584495844,-18328.433383789063
05d08c1c-e68e-559f-a760-719b21feda99,2023-11-01,-16756.65,-18767.94,-18767.94,-18603.100000000002,-19225.86063628886,-19229.178611927968,-18027.365964355467
05d08c1c-e68e-559f-a760-719b21feda99,2023-12-01,-15770.64,-16756.65,-16756.65,-18620.976666666666,-17335.316381056095,-17324.636295196233,-16141.868139648439
05d08c1c-e68e-559f-a760-719b21feda99,2024-01-01,-14888.24,-15770.64,-15770.64,-17098.41,-16279.48337632132,-16279.774636167605,-15738.045017852783
05d08c1c-e68e-559f-a760-719b21feda99,2024-02-01,-19761.19,-14888.24,-14888.24,-15805.176666666666,-15551.19773613539,-15531.647133414612,-15825.432443847656
05d08c1c-e68e-559f-a760-719b21feda99,2024-03-01,-17997.41,-19761.19,-19761.19,-16806.69,-20101.60441563224,-20121.555500380666,-17849.357358398436
05d08c1c-e68e-559f-a760-719b21feda99,2024-04-01,-16432.66,-17997.41,-17997.41,-17548.946666666667,-18546.428832950627,-18541.676421517484,-17245.61068359375
05d08c1c-e68e-559f-a760-719b21feda99,2024-05-01,-15560.86,-16432.66,-16432.66,-18063.75333333333,-16977.759225090278,-16973.204606895106,-15742.585048828125
05d08c1c-e68e-559f-a760-719b21feda99,2024-06-01,-15633.15,-15560.86,-15560.86,-16663.643333333333,-16069.527686246092,-16070.00704445261,-15843.234176025391
05d08c1c-e68e-559f-a760-719b21feda99,2024-07-01,-18037.61,-15633.15,-15633.15,-15875.556666666665,-16178.758729284218,-16173.500375444173,-16119.307318115234
05d08c1c-e68e-559f-a760-719b21feda99,2024-08-01,-17028.46,-18037.61,-18037.61,-16410.54,-18448.726278185208,-18459.87674506428,-17384.495375976563
05d08c1c-e68e-559f-a760-719b21feda99,2024-09-01,-7637.83,-17028.46,-17028.46,-16899.74,-17718.98613085432,-17696.204073382647,-17068.710396728515
05d08c1c-e68e-559f-a760-719b21feda99,2024-10-01,12270.76,-7637.83,-7637.83,-14234.633333333333,-8745.748288167026,-8682.821095063071,-5879.7587109375
05d08c1c-e68e-559f-a760-719b21feda99,2024-11-01,9867.14,12270.76,12270.76,-4131.843333333333,10260.969059785482,10418.17631646474,12850.651174316406
05dfb698-2f5f-5390-bc61-3c46e41a7915,2022-01-01,-3714.96,,-13252.345000000001,-13252.345000000001,-599.9161128181978,-584.6049202465573,-976.0215454101562
05dfb698-2f5f-5390-bc61-3c46e41a7915,2022-02-01,-7126.36,-3714.96,-3714.96,-3714.96,-4193.112743059556,-4195.948745279114,-7014.326943359375
05dfb698-2f5f-5390-bc61-3c46e41a7915,2022-03-01,-11088.9,-7126.36,-7126.36,-5420.66,-7602.454905888185,-7605.787905918955,-11279.91908203125
05dfb698-2f5f-5390-bc61-3c46e41a7915,2022-04-01,-13641.4,-11088.9,-11088.9,-7310.073333333333,-11591.796257547554,-11590.102444843333,-14567.90048828125
05dfb698-2f5f-5390-bc61-3c46e41a7915,2022-05-01,-17963.17,-13641.4,-13641.4,-10618.886666666667,-14137.686361861624,-14137.185662827056,-18143.4224609375
05dfb698-2f5f-5390-bc61-3c46e41a7915,2022-06-01,-22372.37,-17963.17,-17963.17,-14231.156666666668,-18331.62210469744,-18346.581885633626,-22886.26716796875
05dfb698-2f5f-5390-bc61-3c46e41a7915,2022-07-01,-28420.38,-22372.37,-22372.37,-17992.31333333333,-22540.584155082186,-22577.180691201935,-26944.56921875
05dfb698-2f5f-5390-bc61-3c46e41a7915,2022-08-01,-31502.8,-28420.38,-28420.38,-22918.64,-28513.223232824064,-28556.521517068082,-33008.080195312505
05dfb698-2f5f-5390-bc61-3c46e41a7915,2022-09-01,-33886.13,-31502.8,-31502.8,-27431.850000000002,-31615.95293016256,-31658.03708485793,-35659.70966796875
05dfb698-2f5f-5390-bc61-3c46e41a7915,2022-10-01,-39885.44,-33886.13,-33886.13,-31269.77,-33896.28121494862,-33950.832280766255,-36891.96715820312
05dfb698-2f5f-5390-bc61-3c46e41a7915,2022-11-01,-42223.69,-39885.44,-39885.44,-35091.45666666667,-39856.429163378874,-39915.25304324574,-42786.03423828125
05dfb698-2f5f-5390-bc61-3c46e41a7915,2022-12-01,-45308.52,-42223.69,-42223.69,-38665.08666666667,-42329.661585588736,-42370.33977799474,-44996.75518554688
05dfb698-2f5f-5390-bc61-3c46e41a7915,2023-01-01,-46797.44,-45308.52,-45308.52,-42472.549999999996,-45331.734784324384,-45380.65464085172,-48265.36448242187
05dfb698-2f5f-5390-bc61-3c46e41a7915,2023-02-01,-51013.67,-46797.44,-46797.44,-44776.549999999996,-46950.02413137192,-46983.40727994389,-48464.07708496094
05dfb698-2f5f-5390-bc61-3c46e41a7915,2023-03-01,-52573.35,-51013.67,-51013.67,-47706.543333333335,-50989.81634730615,-51045.98057926873,-53343.74202148437
05dfb698-2f5f-5390-bc61-3c46e41a7915,2023-04-01,-56822.15,-52573.35,-52573.35,-50128.15333333333,-52604.794938731466,-52653.08289425871,-55781.146875
05dfb698-2f5f-5390-bc61-3c46e41a7915,2023-05-01,-60198.41,-56822.15,-56822.15,-53469.72333333333,-56729.95423346669,-56791.77362654512,-59964.77475585938
05dfb698-2f5f-5390-bc61-3c46e41a7915,2023-06-01,-66638.12,-60198.41,-60198.41,-56531.30333333334,-60191.088278499854,-60240.56392867848,-63907.6668359375
05dfb698-2f5f-5390-bc61-3c46e41a7915,2023-07-01,-72804.9,-66638.12,-66638.12,-61219.56,-66456.3907810643,-66525.4332951947,-70245.43103515625
05dfb698-2f5f-5390-bc61-3c46e41a7915,2023-08-01,-74923.86,-72804.9,-72804.9,-66547.14333333333,-72517.24205927635,-72600.98876730406,-75323.96494140624
05dfb698-2f5f-5390-bc61-3c46e41a7915,2023-09-01,-81016.19,-74923.86,-74923.86,-71455.62666666666,-74680.62307867453,-74756.46038568404,-78520.19471679688
05dfb698-2f5f-5390-bc61-3c46e41a7915,2023-10-01,-84438.07,-81016.19,-81016.19,-76248.31666666667,-80611.60485541905,-80705.74826466515,-84875.13116210938
05dfb698-2f5f-5390-bc61-3c46e41a7915,2023-11-01,-86086.07,-84438.07,-84438.07,-80126.04,-84077.01540645775,-84167.17579800791,-85803.95916015626
05dfb698-2f5f-5390-bc61-3c46e41a7915,2023-12-01,-85232.55,-86086.07,-86086.07,-83846.77666666667,-85749.25231311061,-85834.56284511673,-88625.06829101563
05dfb698-2f5f-5390-bc61-3c46e41a7915,2024-01-01,-88016.63,-85232.55,-85232.55,-85252.23,-84952.75834259669,-85031.46470214434,-86882.12543945313
05dfb698-2f5f-5390-bc61-3c46e41a7915,2024-02-01,-87655.59,-88016.63,-88016.63,-86445.08333333333,-87650.39670812454,-87740.3902346307,-89335.20006835938
05dfb698-2f5f-5390-bc61-3c46e41a7915,2024-03-01,-87274.27,-87655.59,-87655.59,-86968.25666666667,-87453.774036463,-87523.10061217986,-87699.02863677978
05dfb698-2f5f-5390-bc61-3c46e41a7915,2024-04-01,-87411.21,-87274.27,-87274.27,-87648.83,-87043.52249956311,-87117.24653482149,-87577.93098022461
05dfb698-2f5f-5390-bc61-3c46e41a7915,2024-05-01,-88684.34,-87411.21,-87411.21,-87447.02333333333,-87190.94767212732,-87263.79221086107,-87659.60651489258
05dfb698-2f5f-5390-bc61-3c46e41a7915,2024-06-01,-90697.08,-88684.34,-88684.34,-87789.94,-88511.59825628281,-88577.25293279559,-89538.44217285156
05dfb698-2f5f-5390-bc61-3c46e41a7915,2024-07-01,-99339.83,-90697.08,-90697.08,-88930.87666666666,-90385.8567047654,-90468.11199743724,-92631.45231445313
05dfb698-2f5f-5390-bc61-3c46e41a7915,2024-08-01,-112988.88,-99339.83,-99339.83,-92907.08333333333,-98672.52284301404,-98798.08726868617,-102458.45182617188
05dfb698-2f5f-5390-bc61-3c46e41a7915,2024-09-01,-121053.7,-112988.88,-112988.88,-101008.59666666668,-112058.12333425232,-112211.86360577971,-117084.00353515625
05dfb698-2f5f-5390-bc61-3c46e41a7915,2024-10-01,-145923.39,-121053.7,-121053.7,-111127.47000000002,-120109.4359898369,-120260.92482612646,-125310.2244140625
05dfb698-2f5f-5390-bc61-3c46e41a7915,2024-11-01,-150952.41,-145923.39,-145923.39,-126655.32333333335,-144529.99499985817,-144728.99251083157,-146745.030625
0620c713-6860-546c-82a3-dbd3438cace5,2022-01-01,-552.98,,-13252.345000000001,-13252.345000000001,-599.9161128181978,-584.6049202465573,-976.0215454101562
0620c713-6860-546c-82a3-dbd3438cace5,2022-02-01,-1251.11,-552.98,-552.98,-552.98,-1121.708835904688,-1112.0643502528008,-2652.599140625
0620c713-6860-546c-82a3-dbd3438cace5,2022-03-01,-5343.11,-1251.11,-1251.11,-902.045,-1881.4419916429654,-1864.748581534734,-2737.624526367187
0620c713-6860-546c-82a3-dbd3438cace5,2022-04-01,-6570.39,-5343.11,-5343.11,-2382.3999999999996,-5909.054557215974,-5900.208439550852,-7018.4156640625
0620c713-6860-546c-82a3-dbd3438cace5,2022-05-01,-6956.14,-6570.39,-6570.39,-4388.203333333334,-7190.202227829159,-7173.099261854527,-7548.789169921875
0620c713-6860-546c-82a3-dbd3438cace5,2022-06-01,-7285.54,-6956.14,-6956.14,-6289.88,-7550.375091878539,-7537.3680470050085,-7475.529038085938
0620c713-6860-546c-82a3-dbd3438cace5,2022-07-01,-8132.3,-7285.54,-7285.54,-6937.356666666667,-7747.845654255548,-7751.440283070691,-7419.9693365478515
0620c713-6860-546c-82a3-dbd3438cace5,2022-08-01,-8798.39,-8132.3,-8132.3,-7457.993333333333,-8582.413130540543,-8587.531528375344,-8039.134259033203
0620c713-6860-546c-82a3-dbd3438cace5,2022-09-01,-8195.33,-8798.39,-8798.39,-8072.076666666667,-9333.1183960816,-9326.7156982697,-8896.049378051757
0620c713-6860-546c-82a3-dbd3438cace5,2022-10-01,-10686.37,-8195.33,-8195.33,-8375.34,-8854.696308948174,-8832.855700880491,-8281.099676208496
0620c713-6860-546c-82a3-dbd3438cace5,2022-11-01,-8258.86,-10686.37,-10686.37,-9226.696666666667,-11165.813426599201,-11167.457891447599,-10275.949620361329
0620c713-6860-546c-82a3-dbd3438cace5,2022-12-01,-4534.94,-8258.86,-8258.86,-9046.853333333334,-8918.086407023831,-8897.930665761509,-7608.905776367188
0620c713-6860-546c-82a3-dbd3438cace5,2023-01-01,-5492.92,-4534.94,-4534.94,-7826.723333333332,-5261.588683997824,-5235.554957828494,-5578.501767578125
0620c713-6860-546c-82a3-dbd3438cace5,2023-02-01,-5817.32,-5492.92,-5492.92,-6095.573333333334,-6193.492338158623,-6170.331299312165,-6321.888322753906
0620c713-6860-546c-82a3-dbd3438cace5,2023-03-01,-6260.08,-5817.32,-5817.32,-5281.7266666666665,-6558.005293196404,-6529.5465659656475,-6843.880668945312
0620c713-6860-546c-82a3-dbd3438cace5,2023-04-01,-7010.94,-6260.08,-6260.08,-5856.7733333333335,-6895.258238856175,-6879.301185479861,-6878.768781738281
0620c713-6860-546c-82a3-dbd3438cace5,2023-05-01,-6367.06,-7010.94,-7010.94,-6362.78,-7699.606779296744,-7676.116872231429,-7351.020505371093
0620c713-6860-546c-82a3-dbd3438cace5,2023-06-01,-7756.9,-6367.06,-6367.06,-6546.026666666668,-7016.902193646016,-6998.2399417280785,-6615.695711669922
0620c713-6860-546c-82a3-dbd3438cace5,2023-07-01,-8693.5,-7756.9,-7756.9,-7044.966666666666,-8320.875699343687,-8311.06382022974,-7805.235067749023
0620c713-6860-546c-82a3-dbd3438cace5,2023-08-01,-8146.13,-8693.5,-8693.5,-7605.820000000001,-9251.690382806957,-9243.05130441595,-8740.858535766602
0620c713-6860-546c-82a3-dbd3438cace5,2023-09-01,-8097.72,-8146.13,-8146.13,-8198.843333333332,-8771.530211915237,-8754.140631274096,-8188.243708496094
0620c713-6860-546c-82a3-dbd3438cace5,2023-10-01,-7883.43,-8097.72,-8097.72,-8312.449999999999,-8686.557528366407,-8673.415868950517,-8002.781401367188
0620c713-6860-546c-82a3-dbd3438cace5,2023-11-01,-7819.86,-7883.43,-7883.43,-8042.426666666667,-8421.560450159895,-8416.527864600026,-7723.634452514649
0620c713-6860-546c-82a3-dbd3438cace5,2023-12-01,-4882.17,-7819.86,-7819.86,-7933.670000000001,-8442.850080968641,-8426.775125938926,-7805.4983819580075
0620c713-6860-546c-82a3-dbd3438cace5,2024-01-01,-4439.4,-4882.17,-4882.17,-6861.82,-5614.587305514997,-5587.0799851990105,-5335.874803466797
0620c713-6860-546c-82a3-dbd3438cace5,2024-02-01,-4812.22,-4439.4,-4439.4,-5713.81,-5231.190574854063,-5196.635678286634,-5062.429907226562
0620c713-6860-546c-82a3-dbd3438cace5,2024-03-01,-6259.76,-4812.22,-4812.22,-4711.263333333333,-5522.452147842339,-5497.888036084021,-5582.611540527344
0620c713-6860-546c-82a3-dbd3438cace5,2024-04-01,-8097.08,-6259.76,-6259.76,-5170.46,-6897.1859208277565,-6880.193575045349,-6909.41771484375
0620c713-6860-546c-82a3-dbd3438cace5,2024-05-01,-8175.24,-8097.08,-8097.08,-6389.686666666667,-8596.650353360163,-8596.909211604503,-7947.81210144043
0620c713-6860-546c-82a3-dbd3438cace5,2024-06-01,-8220.4,-8175.24,-8175.24,-7510.693333333334,-8706.495410555119,-8701.63721060146,-8412.198023071289
0620c713-6860-546c-82a3-dbd3438cace5,2024-07-01,-11818.86,-8220.4,-8220.4,-8164.240000000001,-8746.700320850014,-8741.12490592884,-8835.8794921875
0620c713-6860-546c-82a3-dbd3438cace5,2024-08-01,-6584.52,-11818.86,-11818.86,-9404.833333333334,-12180.302231368003,-12194.760544363315,-12667.28694091797
0620c713-6860-546c-82a3-dbd3438cace5,2024-09-01,-14691.92,-6584.52,-6584.52,-8874.593333333332,-7126.0693806434365,-7120.215539512825,-7973.996806640625
0620c713-6860-546c-82a3-dbd3438cace5,2024-10-01,-17657.47,-14691.92,-14691.92,-11031.766666666668,-14938.102831067745,-14966.988446567631,-15568.032060546875
0620c713-6860-546c-82a3-dbd3438cace5,2024-11-01,-17940.67,-17657.47,-17657.47,-12977.970000000001,-17924.10265919912,-17949.39563712729,-17830.642500610353
0634c742-12d1-5625-9985-de97c7736b42,2022-01-01,-3117.41,,-13252.345000000001,-13252.345000000001,-599.9161128181978,-584.6049202465573,-976.0215454101562
0634c742-12d1-5625-9985-de97c7736b42,2022-02-01,-5110.3,-3117.41,-3117.41,-3117.41,-3688.550689804383,-3678.608769392321,-7495.87240234375
0634c742-12d1-5625-9985-de97c7736b42,2022-03-01,-10590.5,-5110.3,-5110.3,-4113.855,-5662.473474845009,-5656.1816565232,-9477.21015625
0634c742-12d1-5625-9985-de97c7736b42,2022-04-01,-15433.99,-10590.5,-10590.5,-6272.736666666667,-11125.299136436684,-11117.698858488675,-15847.47705078125
0634c742-12d1-5625-9985-de97c7736b42,2022-05-01,-23035.37,-15433.99,-15433.99,-10378.263333333332,-15857.613727419593,-15864.402331658723,-20242.971933593748
0634c742-12d1-5625-9985-de97c7736b42,2022-06-01,-25769.28,-23035.37,-23035.37,-16353.286666666667,-23420.513215008155,-23427.45540317709,-29167.6463671875
0634c742-12d1-5625-9985-de97c7736b42,2022-07-01,-29651.22,-25769.28,-25769.28,-21412.879999999997,-25946.102474715666,-25980.02294699406,-30845.49875
0634c742-12d1-5625-9985-de97c7736b42,2022-08-01,-39980.34,-29651.22,-29651.22,-26151.956666666665,-29777.179443696074,-29815.086228181815,-34740.4416796875
0634c742-12d1-5625-9985-de97c7736b42,2022-09-01,-41040.89,-39980.34,-39980.34,-31800.28,-39824.969515918325,-39899.21238057242,-45048.14517578125
0634c742-12d1-5625-9985-de97c7736b42,2022-10-01,-49639.64,-41040.89,-41040.89,-36890.816666666666,-41090.70880526186,-41137.23900772732,-42652.0491796875
0634c742-12d1-5625-9985-de97c7736b42,2022-11-01,-47930.38,-49639.64,-49639.64,-43553.62333333333,-49493.24916223585,-49560.02870486847,-52658.19712890625
0634c742-12d1-5625-9985-de97c7736b42,2022-12-01,-44251.29,-47930.38,-47930.38,-46203.63666666666,-48025.39811707627,-48065.71967351167,-47973.408602600095
0634c742-12d1-5625-9985-de97c7736b42,2023-01-01,-43984.91,-44251.29,-44251.29,-47273.77,-44390.94242987334,-44425.648825059754,-45376.80220703125
0634c742-12d1-5625-9985-de97c7736b42,2023-02-01,-42643.87,-43984.91,-43984.91,-45388.86000000001,-44188.31743431692,-44218.56663698044,-44786.806118164066
0634c742-12d1-5625-9985-de97c7736b42,2023-03-01,-43582.99,-42643.87,-42643.87,-43626.69,-42932.04376488474,-42953.37941450887,-42652.943052406314
0634c742-12d1-5625-9985-de97c7736b42,2023-04-01,-47945.95,-43582.99,-43582.99,-43403.92333333333,-43821.44405128747,-43848.53390995306,-44342.71119140625
0634c742-12d1-5625-9985-de97c7736b42,2023-05-01,-48350.68,-47945.95,-47945.95,-44724.27,-48117.47643402889,-48150.09599684653,-49424.560229492185
0634c742-12d1-5625-9985-de97c7736b42,2023-06-01,-49902.1,-48350.68,-48350.68,-46626.54,-48580.319178856495,-48604.071883360295,-49479.70490234375
0634c742-12d1-5625-9985-de97c7736b42,2023-07-01,-50828.31,-49902.1,-49902.1,-48732.909999999996,-49999.698866541214,-50040.24324324905,-51440.48842773437
0634c742-12d1-5625-9985-de97c7736b42,2023-08-01,-51155.06,-50828.31,-50828.31,-49693.69666666666,-51022.03677101067,-51048.00402574443,-52003.62457519531
0634c742-12d1-5625-9985-de97c7736b42,2023-09-01,-49066.93,-51155.06,-51155.06,-50628.49,-51242.805997354124,-51284.03054479671,-52142.67309814453
0634c742-12d1-5625-9985-de97c7736b42,2023-10-01,-49039.64,-49066.93,-49066.93,-50350.1,-49297.27147999436,-49321.79886355302,-49075.48901145935
0634c742-12d1-5625-9985-de97c7736b42,2023-11-01,-46977.6,-49039.64,-49039.64,-49753.87666666667,-49227.24048745904,-49258.25262914223,-49149.284927978515
0634c742-12d1-5625-9985-de97c7736b42,2023-12-01,-43151.62,-46977.6,-46977.6,-48361.38999999999,-47302.621554668716,-47317.620090231016,-47488.76790771484
0634c742-12d1-5625-9985-de97c7736b42,2024-01-01,-43312.02,-43151.62,-43151.62,-46389.619999999995,-43542.00830347261,-43548.23465349155,-43877.862004394534
0634c742-12d1-5625-9985-de97c7736b42,2024-02-01,-42576.89,-43312.02,-43312.02,-44480.41333333333,-43640.870930463156,-43658.62874602453,-44574.373881835934
0634c742-12d1-5625-9985-de97c7736b42,2024-03-01,-47560.76,-42576.89,-42576.89,-43013.51,-42992.92540662553,-42998.65189209462,-44664.489609375
0634c742-12d1-5625-9985-de97c7736b42,2024-04-01,-47664.66,-47560.76,-47560.76,-44483.22333333333,-47546.280872813106,-47604.28008230962,-48497.17375732422
0634c742-12d1-5625-9985-de97c7736b42,2024-05-01,-48260.99,-47664.66,-47664.66,-45934.10333333333,-47745.33734764218,-47791.24043003806,-48535.53548828125
0634c742-12d1-5625-9985-de97c7736b42,2024-06-01,-48861.38,-48260.99,-48260.99,-47828.80333333334,-48363.13938519334,-48403.20474259001,-48696.403116455076
0634c742-12d1-5625-9985-de97c7736b42,2024-07-01,-43031.1,-48861.38,-48861.38,-48262.34333333333,-48991.943489301506,-49029.15932753442,-49698.81145751953
0634c742-12d1-5625-9985-de97c7736b42,2024-08-01,-52488.44,-43031.1,-43031.1,-46717.823333333334,-43113.93034188743,-43161.281434314624,-45322.23330078125
0634c742-12d1-5625-9985-de97c7736b42,2024-09-01,-48305.35,-52488.44,-52488.44,-48126.973333333335,-52125.27710516139,-52229.42478730321,-52645.028989257815
0634c742-12d1-5625-9985-de97c7736b42,2024-10-01,-50234.63,-48305.35,-48305.35,-47941.630000000005,-48444.88797709659,-48485.07847497179,-49920.26748046875
0634c742-12d1-5625-9985-de97c7736b42,2024-11-01,-66046.89,-50234.63,-50234.63,-50342.806666666664,-50272.51924170968,-50321.90839855307,-51862.057734375
0745be4c-7399-558f-be1d-fac5302fbdb9,2022-01-01,5441.28,,-13252.345000000001,-13252.345000000001,-599.9161128181978,-584.6049202465573,-976.0215454101562
0745be4c-7399-558f-be1d-fac5302fbdb9,2022-02-01,3855.38,5441.28,5441.28,5441.28,4788.480790783175,4807.25736268725,4171.775483398437
0745be4c-7399-558f-be1d-fac5302fbdb9,2022-03-01,4549.94,3855.38,3855.38,4648.33,3213.5714571277804,3232.0422814421404,3206.7287548828126
0745be4c-7399-558f-be1d-fac5302fbdb9,2022-04-01,6914.59,4549.94,4549.94,4615.533333333333,3716.0990558011044,3756.7053737353854,4121.585874023437
0745be4c-7399-558f-be1d-fac5302fbdb9,2022-05-01,7233.3,6914.59,6914.59,5106.636666666666,6093.921172564338,6131.522003388751,6362.421604003906
0745be4c-7399-558f-be1d-fac5302fbdb9,2022-06-01,5765.88,7233.3,7233.3,6232.61,6503.379752067881,6528.827712235554,6491.458752441406
0745be4c-7399-558f-be1d-fac5302fbdb9,2022-07-01,5336.19,5765.88,5765.88,6637.923333333333,4842.1596662804395,4891.322345094209,5488.321772460938
0745be4c-7399-558f-be1d-fac5302fbdb9,2022-08-01,6206.77,5336.19,5336.19,6111.79,4514.228283690023,4549.338689302873,5264.028027954101
0745be4c-7399-558f-be1d-fac5302fbdb9,2022-09-01,3307.4,6206.77,6206.77,5769.613333333334,5391.543426194108,5426.07613511632,5963.11033203125
0745be4c-7399-558f-be1d-fac5302fbdb9,2022-10-01,3812.49,3307.4,3307.4,4950.12,2534.5384651231248,2565.4861952227566,4001.0655883789063
0745be4c-7399-558f-be1d-fac5302fbdb9,2022-11-01,5136.58,3812.49,3812.49,4442.22,3174.017020278061,3189.212967045608,3654.057932128906
0745be4c-7399-558f-be1d-fac5302fbdb9,2022-12-01,9075.52,5136.58,5136.58,4085.49,4425.357996370508,4449.750969298091,4991.873212890625
0745be4c-7399-558f-be1d-fac5302fbdb9,2023-01-01,4525.07,9075.52,9075.52,6008.196666666667,8256.065472347265,8290.460931745874,7501.220805664063
0745be4c-7399-558f-be1d-fac5302fbdb9,2023-02-01,4624.89,4525.07,4525.07,6245.723333333332,3938.0527917424183,3943.109986094627,4457.953460998535
0745be4c-7399-558f-be1d-fac5302fbdb9,2023-03-01,4640.57,4624.89,4624.89,6075.16,3787.693704515649,3825.1812645358596,4526.614090576172
0745be4c-7399-558f-be1d-fac5302fbdb9,2023-04-01,8541.11,4640.57,4640.57,4596.843333333333,3909.868286987433,3934.6277049612536,4607.267540283203
0745be4c-7399-558f-be1d-fac5302fbdb9,2023-05-01,5890.13,8541.11,8541.11,5935.5233333333335,7656.204927134189,7698.775715809893,6671.710463867188
0745be4c-7399-558f-be1d-fac5302fbdb9,2023-06-01,1830.13,5890.13,5890.13,6357.27,5037.8867761219135,5076.953046556686,5010.831354980469
0745be4c-7399-558f-be1d-fac5302fbdb9,2023-07-01,2106.77,1830.13,1830.13,5420.456666666667,1103.319563686425,1128.1539848463876,2180.2036389160157
0745be4c-7399-558f-be1d-fac5302fbdb9,2023-08-01,2874.57,2106.77,2106.77,3275.6766666666667,1428.3793765258256,1448.5065570206477,1830.993388671875
0745be4c-7399-558f-be1d-fac5302fbdb9,2023-09-01,2809.27,2874.57,2874.57,2270.4900000000002,2193.7201567198535,2214.801059250752,2482.787437744141
0745be4c-7399-558f-be1d-fac5302fbdb9,2023-10-01,4391.31,2809.27,2809.27,2596.8700000000003,2104.359444931607,2127.6249130753176,2715.084338684082
0745be4c-7399-558f-be1d-fac5302fbdb9,2023-11-01,4437.06,4391.31,4391.31,3358.383333333333,3617.047420094783,3648.2252514847005,3897.3495202636723
0745be4c-7399-558f-be1d-fac5302fbdb9,2023-12-01,7997.53,4437.06,4437.06,3879.2133333333336,3689.8994550032294,3716.3592918749982,4456.8426366424565
0745be4c-7399-558f-be1d-fac5302fbdb9,2024-01-01,4296.13,7997.53,7997.53,5608.633333333334,7091.218301676618,7135.445817859663,6298.495942382812
0745be4c-7399-558f-be1d-fac5302fbdb9,2024-02-01,5151.22,4296.13,4296.13,5576.906666666667,3457.8818789500665,3493.772084872293,4235.004076843262
0745be4c-7399-558f-be1d-fac5302fbdb9,2024-03-01,4316.3,5151.22,5151.22,5814.96,4186.574635127014,4238.9796416834115,4593.1311938476565
0745be4c-7399-558f-be1d-fac5302fbdb9,2024-04-01,3706.57,4316.3,4316.3,4587.883333333334,3520.1696567410054,3552.3034986532057,4251.376202392578
0745be4c-7399-558f-be1d-fac5302fbdb9,2024-05-01,1414.81,3706.57,3706.57,4391.363333333334,2936.232170873496,2965.62925855146,3346.0501025390627
0745be4c-7399-558f-be1d-fac5302fbdb9,2024-06-01,2706.42,1414.81,1414.81,3145.8933333333334,746.7553880852316,764.0337300492416,1283.5647607421874
0745be4c-7399-558f-be1d-fac5302fbdb9,2024-07-01,4269.05,2706.42,2706.42,2609.2666666666664,1993.9303368200558,2018.083839839954,2803.220117492676
0745be4c-7399-558f-be1d-fac5302fbdb9,2024-08-01,-3232.78,4269.05,4269.05,2796.76,3579.1591172170074,3600.8118872167333,3401.5630615234377
0745be4c-7399-558f-be1d-fac5302fbdb9,2024-09-01,-5790.14,-3232.78,-3232.78,1247.5633333333333,-3593.147521872959,-3613.012876926898,-3744.988190917969
0745be4c-7399-558f-be1d-fac5302fbdb9,2024-10-01,-8011.55,-5790.14,-5790.14,-1584.6233333333332,-5840.604712044139,-5900.946971319414,-6902.396103515625
0745be4c-7399-558f-be1d-fac5302fbdb9,2024-11-01,-5421.21,-8011.55,-8011.55,-5678.156666666667,-8159.107466067285,-8204.015198368108,-9056.965161132812
08adac91-b0fb-5007-b6df-e6e7b17b5677,2022-01-01,-8264.2,,-13252.345000000001,-13252.345000000001,-599.9161128181978,-584.6049202465573,-976.0215454101562
08adac91-b0fb-5007-b6df-e6e7b17b5677,2022-02-01,1877.99,-8264.2,-8264.2,-8264.2,-8683.926075121155,-8696.8718706338,-8604.331988525391
08adac91-b0fb-5007-b6df-e6e7b17b5677,2022-03-01,50765.94,1877.99,1877.99,-3193.1050000000005,1174.377875216137,1194.7297572350444,1384.4021704101563
08adac91-b0fb-5007-b6df-e6e7b17b5677,2022-04-01,77973.35,50765.94,50765.94,14793.243333333332,49483.71053213226,49555.26643293124,50348.17184204102
08adac91-b0fb-5007-b6df-e6e7b17b5677,2022-05-01,57593.65,77973.35,77973.35,43539.09333333334,76411.45596432014,76503.53232184514,72719.85146484376
08adac91-b0fb-5007-b6df-e6e7b17b5677,2022-06-01,45579.52,57593.65,57593.65,62110.98,56354.40906043261,56414.263023212865,54255.92172851563
08adac91-b0fb-5007-b6df-e6e7b17b5677,2022-07-01,62577.6,45579.52,45579.52,60382.17333333334,44172.0116865852,44245.53199972337,45987.10395385742
08adac91-b0fb-5007-b6df-e6e7b17b5677,2022-08-01,95554.95,62577.6,62577.6,55250.25666666666,61001.53250303496,61102.054347229656,62892.58876953125
08adac91-b0fb-5007-b6df-e6e7b17b5677,2022-09-01,75631.75,95554.95,95554.95,67904.02333333333,93615.20207967628,93750.860546299,90284.881640625
08adac91-b0fb-5007-b6df-e6e7b17b5677,2022-10-01,52012.32,75631.75,75631.75,77921.43333333333,74097.98003925939,74184.7176618103,71291.3525390625
08adac91-b0fb-5007-b6df-e6e7b17b5677,2022-11-01,80131.76,52012.32,52012.32,74399.67333333334,50768.35001632805,50832.287501225495,57750.58953125
08adac91-b0fb-5007-b6df-e6e7b17b5677,2022-12-01,101486.7,80131.76,80131.76,69258.61,78688.66066792779,78768.84329068518,82656.75829101562
08adac91-b0fb-5007-b6df-e6e7b17b5677,2023-01-01,86095.88,101486.7,101486.7,77876.92666666667,99500.4964671095,99638.70998863364,96520.81572265625
08adac91-b0fb-5007-b6df-e6e7b17b5677,2023-02-01,61086.25,86095.88,86095.88,89238.11333333334,84377.42664882733,84491.356630618,84024.50622070313
08adac91-b0fb-5007-b6df-e6e7b17b5677,2023-03-01,45078.04,61086.25,61086.25,82889.61,59773.452220927735,59846.4200692543,66406.07666015625
08adac91-b0fb-5007-b6df-e6e7b17b5677,2023-04-01,64970.64,45078.04,45078.04,64086.723333333335,43830.84338797885,43898.21647089864,48803.5312109375
08adac91-b0fb-5007-b6df-e6e7b17b5677,2023-05-01,63337.69,64970.64,64970.64,57044.97666666666,63524.766960656896,63611.87228572423,65289.49955810547
08adac91-b0fb-5007-b6df-e6e7b17b5677,2023-06-01,90989.06,63337.69,63337.69,57795.456666666665,61871.3961095086,61961.8445440237,63922.31811279297
08adac91-b0fb-5007-b6df-e6e7b17b5677,2023-07-01,129257.06,90989.06,90989.06,73099.13,89129.48235790803,89249.12193915372,85918.55951171875
08adac91-b0fb-5007-b6df-e6e7b17b5677,2023-08-01,21410.57,129257.06,129257.06,94527.93666666666,126628.53267718063,126830.5207454162,123822.78021484375
08adac91-b0fb-5007-b6df-e6e7b17b5677,2023-09-01,23911.12,21410.57,21410.57,80552.23,21004.806510348433,20962.410787565004,25097.3561328125
08adac91-b0fb-5007-b6df-e6e7b17b5677,2023-10-01,62763.38,23911.12,23911.12,58192.916666666664,23184.11380385446,23187.141457447844,32048.2811328125
08adac91-b0fb-5007-b6df-e6e7b17b5677,2023-11-01,72309.67,62763.38,62763.38,36028.35666666667,62051.39082910339,62055.43002522285,71270.8106640625
08adac91-b0fb-5007-b6df-e6e7b17b5677,2023-12-01,178139.47,72309.67,72309.67,52994.72333333333,70933.86303233408,71000.31159802404,73275.293046875
08adac91-b0fb-5007-b6df-e6e7b17b5677,2024-01-01,63502.69,178139.47,178139.47,104404.17333333334,174366.01505736238,174681.90685382063,173261.48416015625
08adac91-b0fb-5007-b6df-e6e7b17b5677,2024-02-01,4953.72,63502.69,63502.69,104650.61,62268.18932170788,62314.43771135486,68705.47466796875
08adac91-b0fb-5007-b6df-e6e7b17b5677,2024-03-01,88315.86,4953.72,4953.72,82198.62666666666,4680.747075753033,4615.807490337328,12816.038847656251
08adac91-b0fb-5007-b6df-e6e7b17b5677,2024-04-01,40658.28,88315.86,88315.86,52257.42333333334,86875.60033957218,86959.80438868706,92439.45619140625
08adac91-b0fb-5007-b6df-e6e7b17b5677,2024-05-01,31009.77,40658.28,40658.28,44642.619999999995,40250.51573578883,40213.83373146093,47425.14376953125
08adac91-b0fb-5007-b6df-e6e7b17b5677,2024-06-01,50341.12,31009.77,31009.77,53327.97,30055.18957399924,30081.584532909736,32469.340068359375
08adac91-b0fb-5007-b6df-e6e7b17b5677,2024-07-01,225761.21,50341.12,50341.12,40669.723333333335,49298.158776211465,49343.24234711055,58539.8045703125
08adac91-b0fb-5007-b6df-e6e7b17b5677,2024-08-01,135167.94,225761.21,225761.21,102370.70000000001,220754.3546933104,221209.70117445895,222487.66092773437
08adac91-b0fb-5007-b6df-e6e7b17b5677,2024-09-01,149083.66,135167.94,135167.94,137090.09,132623.1241300138,132810.08069546544,132415.22369140625
08adac91-b0fb-5007-b6df-e6e7b17b5677,2024-10-01,122241.16,149083.66,149083.66,170004.27,145376.90135569166,145689.4390220694,144837.00375
08adac91-b0fb-5007-b6df-e6e7b17b5677,2024-11-01,112298.27,122241.16,122241.16,135497.58666666667,120529.50983085623,120637.6266565192,125271.11043945313
0a7af5f7-9871-58c0-a803-9fc38ed15451,2022-01-01,-1644.6,,-13252.345000000001,-13252.345000000001,-599.9161128181978,-584.6049202465573,-976.0215454101562
0a7af5f7-9871-58c0-a803-9fc38ed15451,2022-02-01,-7167.33,-1644.6,-1644.6,-1644.6,-2219.1119803663078,-2207.3909307569243,-4173.375390625
0a7af5f7-9871-58c0-a803-9fc38ed15451,2022-03-01,-10662.79,-7167.33,-7167.33,-4405.965,-7647.7844978156445,-7649.373944536348,-10522.564619140625
0a7af5f7-9871-58c0-a803-9fc38ed15451,2022-04-01,-13579.45,-10662.79,-10662.79,-6491.573333333334,-11107.818051112601,-11113.827454264912,-12988.8905859375
0a7af5f7-9871-58c0-a803-9fc38ed15451,2022-05-01,-17048.05,-13579.45,-13579.45,-10469.856666666667,-14079.898006470596,-14075.860217225078,-15769.514697265626
0a7af5f7-9871-58c0-a803-9fc38ed15451,2022-06-01,-19507.32,-17048.05,-17048.05,-13763.43,-17495.693624091557,-17498.734004739257,-19420.813671875
0a7af5f7-9871-58c0-a803-9fc38ed15451,2022-07-01,-21783.05,-19507.32,-19507.32,-16711.606666666663,-19705.61063789486,-19736.824081875413,-20646.176079101562
0a7af5f7-9871-58c0-a803-9fc38ed15451,2022-08-01,-22973.46,-21783.05,-21783.05,-19446.14,-21987.984466436003,-22017.49293801782,-22669.188610839843
0a7af5f7-9871-58c0-a803-9fc38ed15451,2022-09-01,-23320.5,-22973.46,-22973.46,-21421.276666666665,-23248.902544907203,-23270.35159656095,-23778.356667480468
0a7af5f7-9871-58c0-a803-9fc38ed15451,2022-10-01,-23923.93,-23320.5,-23320.5,-22692.336666666666,-23654.014304205197,-23668.267648054247,-23764.82843017578
0a7af5f7-9871-58c0-a803-9fc38ed15451,2022-11-01,-24129.77,-23923.93,-23923.93,-23405.963333333333,-24313.289051679287,-24320.10416376125,-24227.08853881836
0a7af5f7-9871-58c0-a803-9fc38ed15451,2022-12-01,-24332.52,-24129.77,-24129.77,-23791.399999999998,-24555.649854404746,-24559.252128395387,-24342.04293395996
0a7af5f7-9871-58c0-a803-9fc38ed15451,2023-01-01,-23267.99,-24332.52,-24332.52,-24128.74,-24806.92097420273,-24804.40913219996,-24325.12784482956
0a7af5f7-9871-58c0-a803-9fc38ed15451,2023-02-01,-23647.89,-23267.99,-23267.99,-23910.093333333334,-23787.633818647355,-23780.84098632757,-23391.67394470215
0a7af5f7-9871-58c0-a803-9fc38ed15451,2023-03-01,-26374.27,-23647.89,-23647.89,-23749.46666666667,-24144.858300705655,-24140.90285711958,-23998.550186767578
0a7af5f7-9871-58c0-a803-9fc38ed15451,2023-04-01,-25064.4,-26374.27,-26374.27,-24430.050000000003,-26758.944545899896,-26768.589494471395,-25041.694072265625
0a7af5f7-9871-58c0-a803-9fc38ed15451,2023-05-01,-25048.3,-25064.4,-25064.4,-25028.853333333333,-25500.861286956897,-25505.523751530418,-24876.01360168457
0a7af5f7-9871-58c0-a803-9fc38ed15451,2023-06-01,-26970.25,-25048.3,-25048.3,-25495.656666666666,-25395.144540640034,-25410.35650877246,-25151.09091644287
0a7af5f7-9871-58c0-a803-9fc38ed15451,2023-07-01,-25025.04,-26970.25,-26970.25,-25694.31666666667,-27285.919005835407,-27305.32506454603,-26062.16912841797
0a7af5f7-9871-58c0-a803-9fc38ed15451,2023-08-01,-24681.99,-25025.04,-25025.04,-25681.196666666667,-25482.606688523898,-25484.534772369465,-24800.502463378907
0a7af5f7-9871-58c0-a803-9fc38ed15451,2023-09-01,-23940.7,-24681.99,-24681.99,-25559.093333333334,-25086.2158632029,-25095.27714002552,-24519.822107543947
0a7af5f7-9871-58c0-a803-9fc38ed15451,2023-10-01,-23487.1,-23940.7,-23940.7,-24549.243333333336,-24486.968372599335,-24478.764064831576,-24270.427478027344
0a7af5f7-9871-58c0-a803-9fc38ed15451,2023-11-01,-24165.65,-23487.1,-23487.1,-24036.596666666668,-24020.00596734978,-24013.1686839127,-23789.8509765625
0a7af5f7-9871-58c0-a803-9fc38ed15451,2023-12-01,-24822.86,-24165.65,-24165.65,-23864.483333333334,-24637.886520894233,-24638.70903152515,-24248.50090637207
0a7af5f7-9871-58c0-a803-9fc38ed15451,2024-01-01,-23456.23,-24822.86,-24822.86,-24158.536666666667,-25342.347966502093,-25335.61918724388,-24794.030192718506
0a7af5f7-9871-58c0-a803-9fc38ed15451,2024-02-01,-22562.57,-23456.23,-23456.23,-24148.246666666662,-23997.49542326905,-23989.03774033497,-23368.91999481201
0a7af5f7-9871-58c0-a803-9fc38ed15451,2024-03-01,-23537.5,-22562.57,-22562.57,-23613.88666666667,-23124.118688263254,-23113.954556654928,-22797.38298828125
0a7af5f7-9871-58c0-a803-9fc38ed15451,2024-04-01,-24086.42,-23537.5,-23537.5,-23185.433333333334,-24003.03253479872,-24004.297162081177,-23783.55551147461
0a7af5f7-9871-58c0-a803-9fc38ed15451,2024-05-01,-24086.42,-24086.42,-24086.42,-23395.496666666662,-24542.309693745337,-24544.09550714108,-24100.7436913681
0a7af5f7-9871-58c0-a803-9fc38ed15451,2024-06-01,-24086.42,-24086.42,-24086.42,-23903.446666666667,-24440.108826330732,-24455.485387728364,-23926.9554309082
0a7af5f7-9871-58c0-a803-9fc38ed15451,2024-07-01,-30906.03,-24086.42,-24086.42,-24086.42,-24455.6052000166,-24468.571051415325,-24310.133287353514
0a7af5f7-9871-58c0-a803-9fc38ed15451,2024-08-01,-35266.07,-30906.03,-30906.03,-26359.623333333333,-31113.976224196154,-31142.44606306193,-32435.2126171875
0a7af5f7-9871-58c0-a803-9fc38ed15451,2024-09-01,-39265.38,-35266.07,-35266.07,-30086.173333333336,-35370.86258187339,-35410.541099837275,-37178.907646484375
0a7af5f7-9871-58c0-a803-9fc38ed15451,2024-10-01,-39510.94,-39265.38,-39265.38,-35145.82666666667,-39210.174802205016,-39267.0271767485,-40844.64232910156
0a7af5f7-9871-58c0-a803-9fc38ed15451,2024-11-01,-41911.76,-39510.94,-39510.94,-38014.130000000005,-39547.61971484531,-39593.26580858699,-40996.78069824219
0c751b9a-af50-58f9-b9a3-f43ebcb33aa3,2022-01-01,6555.59,,-13252.345000000001,-13252.345000000001,-599.9161128181978,-584.6049202465573,-976.0215454101562
0c751b9a-af50-58f9-b9a3-f43ebcb33aa3,2022-02-01,3363.32,6555.59,6555.59,6555.59,5864.165459923635,5888.640549877272,5267.840244140625
0c751b9a-af50-58f9-b9a3-f43ebcb33aa3,2022-03-01,3503.78,3363.32,3363.32,4959.455,2773.358393755294,2783.3348521959065,3039.8354113769533
0c751b9a-af50-58f9-b9a3-f43ebcb33aa3,2022-04-01,3444.56,3503.78,3503.78,4474.2300000000005,2705.585120901408,2741.442273542898,3016.930329589844
0c751b9a-af50-58f9-b9a3-f43ebcb33aa3,2022-05-01,3386.77,3444.56,3444.56,3437.22,2682.309567995267,2714.1667201240407,3169.2923608398437
0c751b9a-af50-58f9-b9a3-f43ebcb33aa3,2022-06-01,4382.24,3386.77,3386.77,3445.036666666667,2607.310141964819,2640.507165056132,3467.972964782715
0c751b9a-af50-58f9-b9a3-f43ebcb33aa3,2022-07-01,4204.68,4382.24,4382.24,3737.8566666666666,3466.0888561621987,3512.265765128,4184.963846435547
0c751b9a-af50-58f9-b9a3-f43ebcb33aa3,2022-08-01,4853.88,4204.68,4204.68,3991.23,3282.1495209066666,3330.3706739829067,4087.534415893555
0c751b9a-af50-58f9-b9a3-f43ebcb33aa3,2022-09-01,4390.21,4853.88,4853.88,4480.266666666667,3896.286915843116,3947.84939155364,4504.353846435547
0c751b9a-af50-58f9-b9a3-f43ebcb33aa3,2022-10-01,4602.92,4390.21,4390.21,4482.923333333333,3522.5704988014995,3563.8317763505975,4355.110543212891
0c751b9a-af50-58f9-b9a3-f43ebcb33aa3,2022-11-01,6557.19,4602.92,4602.92,4615.670000000001,3749.8728901196096,3789.1686100835773,4727.917940063477
0c751b9a-af50-58f9-b9a3-f43ebcb33aa3,2022-12-01,9129.58,6557.19,6557.19,5183.44,5692.599185580593,5733.711669057997,6219.042874755859
0c751b9a-af50-58f9-b9a3-f43ebcb33aa3,2023-01-01,2814.79,9129.58,9129.58,6763.2300000000005,8203.701821137247,8250.766015968078,6807.81193359375
0c751b9a-af50-58f9-b9a3-f43ebcb33aa3,2023-02-01,2834.0,2814.79,2814.79,6167.186666666666,1871.682831780154,1920.3937152406227,2913.596884765625
0c751b9a-af50-58f9-b9a3-f43ebcb33aa3,2023-03-01,3346.7,2834.0,2834.0,4926.123333333333,1954.9700084613446,1995.8972647792302,2679.3287963867188
0c751b9a-af50-58f9-b9a3-f43ebcb33aa3,2023-04-01,2476.37,3346.7,3346.7,2998.4966666666664,2611.967401536571,2636.2933953948714,2803.931201171875
0c751b9a-af50-58f9-b9a3-f43ebcb33aa3,2023-05-01,3665.04,2476.37,2476.37,2885.69,1714.5087964230886,1743.3215775565945,2038.1970874023436
0c751b9a-af50-58f9-b9a3-f43ebcb33aa3,2023-06-01,396.17,3665.04,3665.04,3162.7033333333334,2910.614414004349,2937.9365034681473,2957.0298681640625
0c751b9a-af50-58f9-b9a3-f43ebcb33aa3,2023-07-01,2328.3,396.17,396.17,2179.193333333333,-254.86328102441195,-240.12496766158705,1217.3573779296876
0c751b9a-af50-58f9-b9a3-f43ebcb33aa3,2023-08-01,3885.17,2328.3,2328.3,2129.8366666666666,1669.1018660830573,1686.2942922098716,2618.1603820800783
0c751b9a-af50-58f9-b9a3-f43ebcb33aa3,2023-09-01,3116.63,3885.17,3885.17,2203.2133333333336,3137.834994064299,3166.0480164605,4132.425264282227
0c751b9a-af50-58f9-b9a3-f43ebcb33aa3,2023-10-01,3354.94,3116.63,3116.63,3110.0333333333333,2409.161855093348,2431.0521510557405,3332.990122680664
0c751b9a-af50-58f9-b9a3-f43ebcb33aa3,2023-11-01,6418.5,3354.94,3354.94,3452.2466666666664,2539.7844734786117,2574.0953001705884,3542.828641357422
0c751b9a-af50-58f9-b9a3-f43ebcb33aa3,2023-12-01,4178.68,6418.5,6418.5,4296.69,5613.55762752878,5646.86688074588,4931.600830078125
0c751b9a-af50-58f9-b9a3-f43ebcb33aa3,2024-01-01,4383.37,4178.68,4178.68,4650.706666666667,3573.562750483963,3583.115555602996,4062.6236645507815
0c751b9a-af50-58f9-b9a3-f43ebcb33aa3,2024-02-01,1043.05,4383.37,4383.37,4993.516666666666,3677.8458645695273,3699.3808122449946,4003.6160021972655
0c751b9a-af50-58f9-b9a3-f43ebcb33aa3,2024-03-01,1190.63,1043.05,1043.05,3201.7000000000003,393.9109155390836,410.03744043719803,1290.0964935302734
0c751b9a-af50-58f9-b9a3-f43ebcb33aa3,2024-04-01,2371.87,1190.63,1190.63,2205.6833333333334,576.1087969238594,587.9665364499463,1208.616261367798
0c751b9a-af50-58f9-b9a3-f43ebcb33aa3,2024-05-01,1480.42,2371.87,2371.87,1535.1833333333334,1748.7406845672099,1762.5644548737741,1973.1797229003905
0c751b9a-af50-58f9-b9a3-f43ebcb33aa3,2024-06-01,2125.39,1480.42,1480.42,1680.9733333333334,853.8805063312417,867.7798579869307,1501.3850897979737
0c751b9a-af50-58f9-b9a3-f43ebcb33aa3,2024-07-01,1702.36,2125.39,2125.39,1992.5600000000002,1373.6092490260758,1401.8625702921402,2130.33416475296
0c751b9a-af50-58f9-b9a3-f43ebcb33aa3,2024-08-01,21778.07,1702.36,1702.36,1769.39,1056.5133915094746,1073.5298761317626,1561.5367272949218
0c751b9a-af50-58f9-b9a3-f43ebcb33aa3,2024-09-01,27634.15,21778.07,21778.07,8535.273333333333,20404.166112164905,20492.3658742616,23412.274833984375
0c751b9a-af50-58f9-b9a3-f43ebcb33aa3,2024-10-01,23732.47,27634.15,27634.15,17038.193333333333,26027.373098121978,26141.418548889116,27768.255773925783
0c751b9a-af50-58f9-b9a3-f43ebcb33aa3,2024-11-01,22232.23,23732.47,23732.47,24381.563333333335,22352.655404013352,22441.53332065933,23303.580076904298
124d1e77-4fdf-5ef9-ad53-26198f278002,2022-01-01,-1566.5,,-13252.345000000001,-13252.345000000001,-599.9161128181978,-584.6049202465573,-976.0215454101562
124d1e77-4fdf-5ef9-ad53-26198f278002,2022-02-01,-11366.35,-1566.5,-1566.5,-1566.5,-2091.4438489433073,-2088.4049367240714,-4500.149658203125
124d1e77-4fdf-5ef9-ad53-26198f278002,2022-03-01,-11904.77,-11366.35,-11366.35,-6466.425,-11750.761386796583,-11765.98229692071,-13920.8109375
124d1e77-4fdf-5ef9-ad53-26198f278002,2022-04-01,-14346.24,-11904.77,-11904.77,-8279.206666666667,-12469.630880335482,-12460.310442596907,-14206.89353515625
124d1e77-4fdf-5ef9-ad53-26198f278002,2022-05-01,-14962.56,-14346.24,-14346.24,-12539.12,-14824.336854570503,-14823.126695848465,-16861.038828124998
124d1e77-4fdf-5ef9-ad53-26198f278002,2022-06-01,-17084.9,-14962.56,-14962.56,-13737.856666666667,-15484.099090953028,-15479.987983786918,-16181.069521484374
124d1e77-4fdf-5ef9-ad53-26198f278002,2022-07-01,-19602.93,-17084.9,-17084.9,-15464.566666666666,-17359.436287551096,-17384.828160650162,-19089.20908203125
124d1e77-4fdf-5ef9-ad53-26198f278002,2022-08-01,-24416.89,-19602.93,-19602.93,-17216.796666666665,-19986.90994217676,-19994.931589618573,-21290.034248046875
124d1e77-4fdf-5ef9-ad53-26198f278002,2022-09-01,-33010.38,-24416.89,-24416.89,-20368.24,-24653.87165028829,-24682.149988664576,-26637.310166015624
124d1e77-4fdf-5ef9-ad53-26198f278002,2022-10-01,-38368.48,-33010.38,-33010.38,-25676.733333333334,-33035.43106569518,-33088.77151768069,-33808.10601318359
124d1e77-4fdf-5ef9-ad53-26198f278002,2022-11-01,-39659.12,-38368.48,-38368.48,-31931.916666666668,-38378.419979557526,-38430.45511984983,-39818.41481445313
124d1e77-4fdf-5ef9-ad53-26198f278002,2022-12-01,-43575.17,-39659.12,-39659.12,-37012.66,-39715.62922212483,-39759.36215956001,-41292.77319824219
124d1e77-4fdf-5ef9-ad53-26198f278002,2023-01-01,-42064.17,-43575.17,-43575.17,-40534.256666666675,-43611.855433520366,-43656.740895590076,-44258.90791503906
124d1e77-4fdf-5ef9-ad53-26198f278002,2023-02-01,-49947.23,-42064.17,-42064.17,-41766.15333333333,-42269.83810634508,-42296.540508771184,-42514.43525878906
124d1e77-4fdf-5ef9-ad53-26198f278002,2023-03-01,-49838.03,-49947.23,-49947.23,-45195.52333333334,-49858.83727473433,-49922.31177841165,-49362.797016601566
124d1e77-4fdf-5ef9-ad53-26198f278002,2023-04-01,-50694.42,-49838.03,-49838.03,-47283.14333333333,-49983.65238351545,-50015.352085039696,-50237.32537963867
124d1e77-4fdf-5ef9-ad53-26198f278002,2023-05-01,-51084.93,-50694.42,-50694.42,-50159.89333333333,-50804.3220716578,-50840.17854284632,-52225.511674804686
124d1e77-4fdf-5ef9-ad53-26198f278002,2023-06-01,-54080.94,-51084.93,-51084.93,-50539.12666666667,-51236.93423682578,-51268.65511018455,-52271.66095703125
124d1e77-4fdf-5ef9-ad53-26198f278002,2023-07-01,-54749.31,-54080.94,-54080.94,-51953.42999999999,-54102.1552437596,-54150.59909149889,-55588.74847167969
124d1e77-4fdf-5ef9-ad53-26198f278002,2023-08-01,-56986.22,-54749.31,-54749.31,-53305.06,-54834.78242514889,-54874.68626954895,-55706.98456054687
124d1e77-4fdf-5ef9-ad53-26198f278002,2023-09-01,-64301.08,-56986.22,-56986.22,-55272.15666666667,-57038.69169106419,-57080.93233820545,-58675.0198046875
124d1e77-4fdf-5ef9-ad53-26198f278002,2023-10-01,-64969.37,-64301.08,-64301.08,-58678.869999999995,-64104.68933075957,-64178.873676281415,-64518.77921875
124d1e77-4fdf-5ef9-ad53-26198f278002,2023-11-01,-67719.91,-64969.37,-64969.37,-62085.55666666667,-64889.7847346547,-64948.150392124844,-67162.36487304687
124d1e77-4fdf-5ef9-ad53-26198f278002,2023-12-01,-73932.74,-67719.91,-67719.91,-65663.45333333332,-67528.95794255577,-67600.2879044659,-69616.53902832032
124d1e77-4fdf-5ef9-ad53-26198f278002,2024-01-01,-72660.71,-73932.74,-73932.74,-68874.00666666667,-73631.94986359881,-73714.85639737491,-75043.20459960938
124d1e77-4fdf-5ef9-ad53-26198f278002,2024-02-01,-78301.25,-72660.71,-72660.71,-71437.78666666667,-72528.15658735977,-72590.71257073872,-72765.4357385254
124d1e77-4fdf-5ef9-ad53-26198f278002,2024-03-01,-75792.73,-78301.25,-78301.25,-74964.90000000001,-77978.83077284103,-78064.2659504553,-76888.82507324219
124d1e77-4fdf-5ef9-ad53-26198f278002,2024-04-01,-73576.22,-75792.73,-75792.73,-75584.89666666667,-75693.72921899903,-75752.20142981569,-75056.5674633789
124d1e77-4fdf-5ef9-ad53-26198f278002,2024-05-01,-73240.41,-73576.22,-73576.22,-75890.06666666667,-73477.98867990139,-73537.9487429141,-72996.72909423828
124d1e77-4fdf-5ef9-ad53-26198f278002,2024-06-01,-71797.52,-73240.41,-73240.41,-74203.12,-73188.94956353365,-73243.8155568374,-73622.58813110352
124d1e77-4fdf-5ef9-ad53-26198f278002,2024-07-01,-91261.11,-71797.52,-71797.52,-72871.38333333333,-71840.91075322899,-71886.99025785271,-73015.41794921875
124d1e77-4fdf-5ef9-ad53-26198f278002,2024-08-01,-95359.85,-91261.11,-91261.11,-78766.34666666666,-90616.70446231187,-90741.76457235818,-94224.75526367188
124d1e77-4fdf-5ef9-ad53-26198f278002,2024-09-01,-97798.5,-95359.85,-95359.85,-86139.49333333335,-94816.38229498024,-94927.88035662904,-98299.97719726563
124d1e77-4fdf-5ef9-ad53-26198f278002,2024-10-01,-98634.14,-97798.5,-97798.5,-94806.48666666668,-97174.98284669482,-97291.83245163107,-99220.22509765625
124d1e77-4fdf-5ef9-ad53-26198f278002,2024-11-01,-107504.76,-98634.14,-98634.14,-97264.16333333333,-98039.56205684124,-98154.50605808196,-101367.60044921875
12fee53a-d863-55f9-92fb-2db9d8173f91,2022-01-01,258.05,,-13252.345000000001,-13252.345000000001,-599.9161128181978,-584.6049202465573,-976.0215454101562
12fee53a-d863-55f9-92fb-2db9d8173f91,2022-02-01,-5395.18,258.05,258.05,258.05,-384.2915982590402,-366.0095521951777,-1090.21416015625
12fee53a-d863-55f9-92fb-2db9d8173f91,2022-03-01,-14241.88,-5395.18,-5395.18,-2568.565,-5859.883942956375,-5865.012561411587,-8661.98322265625
12fee53a-d863-55f9-92fb-2db9d8173f91,2022-04-01,-15939.94,-14241.88,-14241.88,-6459.669999999999,-14836.084636241201,-14816.54449184981,-17210.483515624997
12fee53a-d863-55f9-92fb-2db9d8173f91,2022-05-01,-19472.96,-15939.94,-15939.94,-11859.0,-16408.606574881993,-16409.7397768829,-18760.371884765627
12fee53a-d863-55f9-92fb-2db9d8173f91,2022-06-01,-21793.4,-19472.96,-19472.96,-16551.593333333334,-19868.045165324285,-19876.35844073824,-22244.277626953124
12fee53a-d863-55f9-92fb-2db9d8173f91,2022-07-01,-27064.2,-21793.4,-21793.4,-19068.766666666666,-21930.15987659729,-21972.099322476417,-24364.01474609375
12fee53a-d863-55f9-92fb-2db9d8173f91,2022-08-01,-33321.55,-27064.2,-27064.2,-22776.853333333333,-27116.095106204317,-27163.501999782526,-29300.408251953126
12fee53a-d863-55f9-92fb-2db9d8173f91,2022-09-01,-32071.6,-33321.55,-33321.55,-27393.05,-33292.0819242542,-33350.60321758917,-34466.59443359375
12fee53a-d863-55f9-92fb-2db9d8173f91,2022-10-01,-38782.58,-32071.6,-32071.6,-30819.11666666667,-32253.02976928198,-32285.08883964784,-32728.036950683592
12fee53a-d863-55f9-92fb-2db9d8173f91,2022-11-01,-39385.76,-38782.58,-38782.58,-34725.24333333333,-38722.69831849951,-38784.076415677875,-40831.738203125
12fee53a-d863-55f9-92fb-2db9d8173f91,2022-12-01,-44943.34,-39385.76,-39385.76,-36746.64666666667,-39517.70092510381,-39555.45796579742,-41492.4680078125
12fee53a-d863-55f9-92fb-2db9d8173f91,2023-01-01,-47549.55,-44943.34,-44943.34,-41037.22666666667,-44892.824081126484,-44951.19973511988,-47520.70254882812
12fee53a-d863-55f9-92fb-2db9d8173f91,2023-02-01,-46822.92,-47549.55,-47549.55,-43959.549999999996,-47631.281821353165,-47671.1210265914,-49463.681469726565
12fee53a-d863-55f9-92fb-2db9d8173f91,2023-03-01,-48084.72,-46822.92,-46822.92,-46438.60333333333,-46946.10521750981,-46982.61785348345,-47603.33278076172
12fee53a-d863-55f9-92fb-2db9d8173f91,2023-04-01,-51810.57,-48084.72,-48084.72,-47485.73,-48189.03894071421,-48227.42993272894,-49898.874296875
12fee53a-d863-55f9-92fb-2db9d8173f91,2023-05-01,-54203.41,-51810.57,-51810.57,-48906.07000000001,-51940.545383408506,-51971.71693355663,-53449.904716796875
12fee53a-d863-55f9-92fb-2db9d8173f91,2023-06-01,-56275.75,-54203.41,-54203.41,-51366.23333333334,-54184.281272164146,-54236.46584064716,-56337.1590234375
12fee53a-d863-55f9-92fb-2db9d8173f91,2023-07-01,-61115.93,-56275.75,-56275.75,-54096.57666666667,-56296.64345783426,-56342.68863207213,-58493.35888671875
12fee53a-d863-55f9-92fb-2db9d8173f91,2023-08-01,-64254.7,-61115.93,-61115.93,-57198.363333333335,-61023.003069005244,-61082.490761217785,-63250.842109375
12fee53a-d863-55f9-92fb-2db9d8173f91,2023-09-01,-63765.89,-64254.7,-64254.7,-60548.793333333335,-64057.323356151835,-64129.86518695141,-66609.64287109375
12fee53a-d863-55f9-92fb-2db9d8173f91,2023-10-01,-64440.48,-63765.89,-63765.89,-63045.50666666666,-63729.75396460319,-63781.26435454739,-64621.64964355469
12fee53a-d863-55f9-92fb-2db9d8173f91,2023-11-01,-65576.35,-64440.48,-64440.48,-64153.69,-64374.26783950291,-64431.10370597859,-65461.42067382813
12fee53a-d863-55f9-92fb-2db9d8173f91,2023-12-01,-66744.63,-65576.35,-65576.35,-64594.24000000001,-65525.09983104101,-65578.99472785053,-66605.93349609376
12fee53a-d863-55f9-92fb-2db9d8173f91,2024-01-01,-65547.91,-66744.63,-66744.63,-65587.15333333334,-66701.11565594921,-66754.42043242666,-67155.08532226563
12fee53a-d863-55f9-92fb-2db9d8173f91,2024-02-01,-64415.81,-65547.91,-65547.91,-65956.29666666668,-65565.05754324055,-65611.74867780825,-65425.051265869144
12fee53a-d863-55f9-92fb-2db9d8173f91,2024-03-01,-64995.5,-64415.81,-64415.81,-65569.45,-64503.184394547745,-64543.24892792686,-64586.74377685547
12fee53a-d863-55f9-92fb-2db9d8173f91,2024-04-01,-65009.76,-64995.5,-64995.5,-64986.40666666667,-65018.257221828884,-65065.560274354866,-65389.98715209961
12fee53a-d863-55f9-92fb-2db9d8173f91,2024-05-01,-69085.96,-65009.76,-65009.76,-64807.02333333334,-64977.92659750717,-65032.64924213766,-65188.488622436525
12fee53a-d863-55f9-92fb-2db9d8173f91,2024-06-01,-67682.32,-69085.96,-69085.96,-66363.74,-68960.53233513345,-69026.8417729917,-67600.8358544922
12fee53a-d863-55f9-92fb-2db9d8173f91,2024-07-01,-74231.83,-67682.32,-67682.32,-67259.34666666668,-67532.82243614574,-67603.12574173219,-67346.02767211915
12fee53a-d863-55f9-92fb-2db9d8173f91,2024-08-01,-70842.39,-74231.83,-74231.83,-70333.37000000001,-74074.84153790395,-74141.3132517034,-74323.2965298462
12fee53a-d863-55f9-92fb-2db9d8173f91,2024-09-01,-80365.01,-70842.39,-70842.39,-70918.84666666666,-70729.29670229997,-70793.50761307562,-72567.10508789062
12fee53a-d863-55f9-92fb-2db9d8173f91,2024-10-01,-77767.16,-80365.01,-80365.01,-75146.40999999999,-79913.37850530149,-80015.50344043542,-80989.69011474609
12fee53a-d863-55f9-92fb-2db9d8173f91,2024-11-01,-70745.88,-77767.16,-77767.16,-76324.85333333333,-77398.14980911292,-77492.19046218575,-77208.53048339844
1311a116-c84e-533a-8935-94fa21504369,2022-01-01,-27798.29,,-13252.345000000001,-13252.345000000001,-599.9161128181978,-584.6049202465573,-976.0215454101562
1311a116-c84e-533a-8935-94fa21504369,2022-02-01,83165.1,-27798.29,-27798.29,-27798.29,-28129.305635069795,-28156.42682214222,-26853.28969482422
1311a116-c84e-533a-8935-94fa21504369,2022-03-01,136181.9,83165.1,83165.1,27683.405000000002,81605.7623531762,81709.94300909957,82429.16842041016
1311a116-c84e-533a-8935-94fa21504369,2022-04-01,159145.56,136181.9,136181.9,63849.57,134333.89956508038,134440.45804608782,134626.43759765624
1311a116-c84e-533a-8935-94fa21504369,2022-05-01,192800.8,159145.56,159145.56,126164.18666666665,156258.81124916434,156476.06423945268,154733.21185546875
1311a116-c84e-533a-8935-94fa21504369,2022-06-01,80957.16,192800.8,192800.8,162709.42,190049.991540779,190256.47224407186,187461.05390625
1311a116-c84e-533a-8935-94fa21504369,2022-07-01,145565.28,80957.16,80957.16,144301.1733333333,79520.76959481984,79573.40856149409,83621.21908203125
1311a116-c84e-533a-8935-94fa21504369,2022-08-01,290419.45,145565.28,145565.28,139774.41333333333,142842.73486348946,143043.55199942706,143690.0025341797
1311a116-c84e-533a-8935-94fa21504369,2022-09-01,168771.75,290419.45,290419.45,172313.96333333335,285608.8813687608,286024.76658443874,285056.448046875
1311a116-c84e-533a-8935-94fa21504369,2022-10-01,118257.13,168771.75,168771.75,201585.49333333332,166402.63781673188,166542.1302178734,162305.20947265625
1311a116-c84e-533a-8935-94fa21504369,2022-11-01,157478.32,118257.13,118257.13,192482.7766666667,116084.41167210852,116218.31911358489,123929.5587109375
1311a116-c84e-533a-8935-94fa21504369,2022-12-01,273631.39,157478.32,157478.32,148169.06666666668,155529.67731788958,155647.24593023327,164548.857109375
1311a116-c84e-533a-8935-94fa21504369,2023-01-01,120497.87,273631.39,273631.39,183122.28000000003,269240.7306500909,269600.464131844,268175.1058203125
1311a116-c84e-533a-8935-94fa21504369,2023-02-01,80660.37,120497.87,120497.87,183869.19333333336,119325.82671765327,119346.01150542084,125377.78357421875
1311a116-c84e-533a-8935-94fa21504369,2023-03-01,59727.04,80660.37,80660.37,158263.21,79179.33963142938,79244.77860291624,87667.5467578125
1311a116-c84e-533a-8935-94fa21504369,2023-04-01,136428.65,59727.04,59727.04,86961.76,59616.90137733716,59550.55345247884,65479.12984375
1311a116-c84e-533a-8935-94fa21504369,2023-05-01,215683.8,136428.65,136428.65,92272.02,134360.70059933423,134492.77175912916,132508.20224609374
1311a116-c84e-533a-8935-94fa21504369,2023-06-01,60049.17,215683.8,215683.8,137279.83,212112.31973834586,212399.22179130823,211087.88154296874
1311a116-c84e-533a-8935-94fa21504369,2023-07-01,121601.98,60049.17,60049.17,137387.20666666667,59066.50931144934,59066.987238429596,65050.33162109375
1311a116-c84e-533a-8935-94fa21504369,2023-08-01,263346.45,121601.98,121601.98,132444.9833333333,119277.14812352463,119426.94293175697,127038.464375
1311a116-c84e-533a-8935-94fa21504369,2023-09-01,1757.33,263346.45,263346.45,148332.53333333333,259154.90675322182,259496.3796932902,257397.20634765626
1311a116-c84e-533a-8935-94fa21504369,2023-10-01,167734.11,1757.33,1757.33,128901.92,2536.0103190147397,2339.137788895653,9581.93546875
1311a116-c84e-533a-8935-94fa21504369,2023-11-01,164986.72,167734.11,167734.11,144279.29666666666,164115.06961587697,164402.6095400313,162965.22474609374
1311a116-c84e-533a-8935-94fa21504369,2023-12-01,179545.77,164986.72,164986.72,111492.71999999999,163526.9447365175,163583.09317234193,172319.67068359375
1311a116-c84e-533a-8935-94fa21504369,2024-01-01,137152.77,179545.77,179545.77,170755.53333333333,175703.55011405534,176008.66379187998,174787.15916015624
1311a116-c84e-533a-8935-94fa21504369,2024-02-01,-22051.2,137152.77,137152.77,160561.75333333333,135343.98895670535,135446.12820891992,140110.86838867186
1311a116-c84e-533a-8935-94fa21504369,2024-03-01,73423.07,-22051.2,-22051.2,98215.77999999998,-21410.094926263573,-21576.743354534396,-14107.7126953125
1311a116-c84e-533a-8935-94fa21504369,2024-04-01,169218.24,73423.07,73423.07,62841.54666666667,72387.93382928419,72410.23127878654,74132.7340625
1311a116-c84e-533a-8935-94fa21504369,2024-05-01,174394.21,169218.24,169218.24,73530.03666666667,166651.7772728459,166824.6262116023,165020.16333984374
1311a116-c84e-533a-8935-94fa21504369,2024-06-01,101146.31,174394.21,174394.21,139011.84,170551.98023648487,170856.53084202885,169832.22806640624
1311a116-c84e-533a-8935-94fa21504369,2024-07-01,-57265.05,101146.31,101146.31,148252.92,98996.71658968303,99120.3820626966,101438.94516235351
1311a116-c84e-533a-8935-94fa21504369,2024-08-01,-280601.03,-57265.05,-57265.05,72758.48999999999,-55955.84963538073,-56207.19683468584,-51873.23359375
1311a116-c84e-533a-8935-94fa21504369,2024-09-01,-117497.44,-280601.03,-280601.03,-78906.59000000001,-274887.2353520099,-275613.04092419974,-272827.2258007813
1311a116-c84e-533a-8935-94fa21504369,2024-10-01,-51747.91,-117497.44,-117497.44,-151787.84,-114403.19459878562,-114854.36504688657,-109697.02935546875
1311a116-c84e-533a-8935-94fa21504369,2024-11-01,-89776.44,-51747.91,-51747.91,-149948.79333333333,-50961.46322409203,-51133.787598839495,-48196.90877929688
1460d119-bf65-593e-a0fa-bd5e145d1682,2022-01-01,-2065.09,,-13252.345000000001,-13252.345000000001,-599.9161128181978,-584.6049202465573,-976.0215454101562
1460d119-bf65-593e-a0fa-bd5e145d1682,2022-02-01,-4504.43,-2065.09,-2065.09,-2065.09,-2778.285060933177,-2748.4346152554135,-3073.247470703125
1460d119-bf65-593e-a0fa-bd5e145d1682,2022-03-01,-9297.26,-4504.43,-4504.43,-3284.76,-5170.523761542299,-5147.883013109531,-5211.533881835938
1460d119-bf65-593e-a0fa-bd5e145d1682,2022-04-01,-10372.6,-9297.26,-9297.26,-5288.926666666667,-9936.641589622488,-9916.247872740836,-10387.8801171875
1460d119-bf65-593e-a0fa-bd5e145d1682,2022-05-01,-12169.26,-10372.6,-10372.6,-8058.096666666667,-11050.529276863721,-11024.666871723097,-10742.246514892578
1460d119-bf65-593e-a0fa-bd5e145d1682,2022-06-01,-12336.42,-12169.26,-12169.26,-10613.04,-12807.523260029684,-12786.847509452156,-12368.824208984375
1460d119-bf65-593e-a0fa-bd5e145d1682,2022-07-01,-12521.79,-12336.42,-12336.42,-11626.093333333332,-12632.703141295195,-12652.578289014658,-12438.545305175781
1460d119-bf65-593e-a0fa-bd5e145d1682,2022-08-01,-12521.79,-12521.79,-12521.79,-12342.49,-12835.116540406178,-12853.736623145809,-12601.052855529786
1460d119-bf65-593e-a0fa-bd5e145d1682,2022-09-01,-12521.79,-12521.79,-12521.79,-12460.0,-12940.803345656917,-12947.762049021523,-12485.414343872071
1460d119-bf65-593e-a0fa-bd5e145d1682,2022-10-01,-12521.79,-12521.79,-12521.79,-12521.79,-12923.749211400553,-12933.901292905257,-12535.570601501466
1460d119-bf65-593e-a0fa-bd5e145d1682,2022-11-01,-12521.79,-12521.79,-12521.79,-12521.79,-12922.517044256663,-12935.44124508662,-12517.707922496797
1460d119-bf65-593e-a0fa-bd5e145d1682,2022-12-01,-12521.79,-12521.79,-12521.79,-12521.79,-13260.087814963867,-13226.9479793338,-12485.392661132813
1460d119-bf65-593e-a0fa-bd5e145d1682,2023-01-01,-12521.79,-12521.79,-12521.79,-12521.79,-13258.489731087042,-13225.552543978596,-12485.392661132813
1460d119-bf65-593e-a0fa-bd5e145d1682,2023-02-01,-12521.79,-12521.79,-12521.79,-12521.79,-13255.77628563103,-13223.182793326834,-12540.762021102906
1460d119-bf65-593e-a0fa-bd5e145d1682,2023-03-01,-12521.79,-12521.79,-12521.79,-12521.79,-13252.919339153743,-13220.689093014631,-12567.946131744386
1460d119-bf65-593e-a0fa-bd5e145d1682,2023-04-01,-12521.79,-12521.79,-12521.79,-12521.79,-13250.062392676457,-13218.195392702426,-12567.946131744386
1460d119-bf65-593e-a0fa-bd5e145d1682,2023-05-01,-12521.79,-12521.79,-12521.79,-12521.79,-13247.20544619917,-13215.701692390223,-12567.946131744386
1460d119-bf65-593e-a0fa-bd5e145d1682,2023-06-01,-12521.79,-12521.79,-12521.79,-12521.79,-13244.348499721884,-13213.207992078018,-12567.946131744386
1460d119-bf65-593e-a0fa-bd5e145d1682,2023-07-01,-12521.79,-12521.79,-12521.79,-12521.79,-13241.491553244598,-13210.714291765813,-12567.946131744386
1460d119-bf65-593e-a0fa-bd5e145d1682,2023-08-01,-12521.79,-12521.79,-12521.79,-12521.79,-13238.634606767311,-13208.22059145361,-12560.32952407837
1460d119-bf65-593e-a0fa-bd5e145d1682,2023-09-01,-12521.79,-12521.79,-12521.79,-12521.79,-13235.777660290025,-13205.726891141405,-12522.325501122476
1460d119-bf65-593e-a0fa-bd5e145d1682,2023-10-01,-12521.79,-12521.79,-12521.79,-12521.79,-13232.920713812739,-13203.233190829202,-12505.196887054444
1460d119-bf65-593e-a0fa-bd5e145d1682,2023-11-01,-12521.79,-12521.79,-12521.79,-12521.79,-13230.063767335452,-13200.739490516997,-12490.569066085816
1460d119-bf65-593e-a0fa-bd5e145d1682,2023-12-01,-12521.79,-12521.79,-12521.79,-12521.79,-13227.206820858166,-13198.245790204794,-12480.488543548585
1460d119-bf65-593e-a0fa-bd5e145d1682,2024-01-01,-12521.79,-12521.79,-12521.79,-12521.79,-13224.34987438088,-13195.752089892589,-12480.488543548585
1460d119-bf65-593e-a0fa-bd5e145d1682,2024-02-01,-12521.79,-12521.79,-12521.79,-12521.79,-13221.492927903593,-13193.258389580385,-12509.85388282776
1460d119-bf65-593e-a0fa-bd5e145d1682,2024-03-01,-12521.79,-12521.79,-12521.79,-12521.79,-13218.635981426307,-13190.76468926818,-12509.85388282776
1460d119-bf65-593e-a0fa-bd5e145d1682,2024-04-01,-12521.79,-12521.79,-12521.79,-12521.79,-13215.77903494902,-13188.270988955977,-12507.96728328705
1460d119-bf65-593e-a0fa-bd5e145d1682,2024-05-01,-12521.79,-12521.79,-12521.79,-12521.79,-13212.922088471734,-13185.777288643772,-12507.96728328705
1460d119-bf65-593e-a0fa-bd5e145d1682,2024-06-01,-12521.79,-12521.79,-12521.79,-12521.79,-13210.065141994448,-13183.28358833157,-12507.96728328705
1460d119-bf65-593e-a0fa-bd5e145d1682,2024-07-01,-13982.51,-12521.79,-12521.79,-12521.79,-13207.208195517162,-13180.789888019364,-12471.147578277589
1460d119-bf65-593e-a0fa-bd5e145d1682,2024-08-01,-14283.08,-13982.51,-13982.51,-13008.696666666669,-14278.238319620415,-14305.428749936947,-14174.201177368164
1460d119-bf65-593e-a0fa-bd5e145d1682,2024-09-01,-14467.78,-14283.08,-14283.08,-13595.793333333335,-14574.842860656416,-14601.332793237105,-14491.830579833984
1460d119-bf65-593e-a0fa-bd5e145d1682,2024-10-01,-14581.02,-14467.78,-14467.78,-14244.456666666667,-14756.58046652893,-14782.268721483717,-14728.34787109375
1460d119-bf65-593e-a0fa-bd5e145d1682,2024-11-01,-16354.95,-14581.02,-14581.02,-14443.960000000001,-14874.563780514778,-14899.239637740031,-14872.6127734375
15cdd04b-6701-5943-9ff0-094a80172648,2022-01-01,-20998.1,,-13252.345000000001,-13252.345000000001,-599.9161128181978,-584.6049202465573,-976.0215454101562
15cdd04b-6701-5943-9ff0-094a80172648,2022-02-01,-21214.64,-20998.1,-20998.1,-20998.1,-21439.93851376302,-21443.80312538023,-24050.851220703124
15cdd04b-6701-5943-9ff0-094a80172648,2022-03-01,-28433.96,-21214.64,-21214.64,-21106.37,-21728.837421930322,-21724.904853869262,-24802.00279296875
15cdd04b-6701-5943-9ff0-094a80172648,2022-04-01,-31489.59,-28433.96,-28433.96,-23548.899999999998,-28687.98754201136,-28710.272847805438,-33211.31791015625
15cdd04b-6701-5943-9ff0-094a80172648,2022-05-01,-35325.05,-31489.59,-31489.59,-27046.063333333335,-31777.531467525427,-31799.27465061931,-34638.89908203125
15cdd04b-6701-5943-9ff0-094a80172648,2022-06-01,-41973.79,-35325.05,-35325.05,-31749.533333333336,-35537.43139531051,-35569.15217916974,-40478.1779296875
15cdd04b-6701-5943-9ff0-094a80172648,2022-07-01,-48659.1,-41973.79,-41973.79,-36262.81,-41892.69331611078,-41954.39330048558,-45734.439169921876
15cdd04b-6701-5943-9ff0-094a80172648,2022-08-01,-58376.14,-48659.1,-48659.1,-41985.98,-48577.03770182793,-48636.88551649356,-53593.85634765625
15cdd04b-6701-5943-9ff0-094a80172648,2022-09-01,-68684.6,-58376.14,-58376.14,-49669.676666666666,-58073.74080628664,-58159.56195116943,-63523.1780859375
15cdd04b-6701-5943-9ff0-094a80172648,2022-10-01,-74147.75,-68684.6,-68684.6,-58573.28,-68197.85056275138,-68303.90395887435,-73224.441796875
15cdd04b-6701-5943-9ff0-094a80172648,2022-11-01,-76464.48,-74147.75,-74147.75,-67069.49666666666,-73682.05264369429,-73783.96967801327,-78710.97412109375
15cdd04b-6701-5943-9ff0-094a80172648,2022-12-01,-81768.2,-76464.48,-76464.48,-73098.94333333333,-76139.25543590343,-76221.46376077045,-80240.33229492187
15cdd04b-6701-5943-9ff0-094a80172648,2023-01-01,-81002.07,-81768.2,-81768.2,-77460.14333333333,-81413.55756051044,-81498.77777223884,-84510.77055664062
15cdd04b-6701-5943-9ff0-094a80172648,2023-02-01,-78631.98,-81002.07,-81002.07,-79744.91666666667,-80747.48947380639,-80823.233494864,-82140.84661132813
15cdd04b-6701-5943-9ff0-094a80172648,2023-03-01,-78744.38,-78631.98,-78631.98,-80467.41666666667,-78522.32369733382,-78579.64145673794,-79210.29158447265
15cdd04b-6701-5943-9ff0-094a80172648,2023-04-01,-78473.21,-78744.38,-78744.38,-79459.47666666667,-78655.17666680425,-78712.46616831823,-79355.80315673829
15cdd04b-6701-5943-9ff0-094a80172648,2023-05-01,-78753.14,-78473.21,-78473.21,-78616.52333333333,-78395.42616133044,-78451.8052650253,-78751.61777587891
15cdd04b-6701-5943-9ff0-094a80172648,2023-06-01,-77766.14,-78753.14,-78753.14,-78656.91,-78660.09238957614,-78719.62838235828,-78882.7069555664
15cdd04b-6701-5943-9ff0-094a80172648,2023-07-01,-81232.01,-77766.14,-77766.14,-78330.83,-77780.4847192557,-77826.59427198213,-78456.53544677734
15cdd04b-6701-5943-9ff0-094a80172648,2023-08-01,-85654.62,-81232.01,-81232.01,-79250.43,-81085.04716852552,-81148.85215894676,-82929.41454101562
15cdd04b-6701-5943-9ff0-094a80172648,2023-09-01,-84572.56,-85654.62,-85654.62,-81550.92333333334,-85356.16848655874,-85438.06846474188,-86187.1410571289
15cdd04b-6701-5943-9ff0-094a80172648,2023-10-01,-84296.59,-84572.56,-84572.56,-83819.73,-84377.6098506762,-84445.74737308772,-85027.57159667969
15cdd04b-6701-5943-9ff0-094a80172648,2023-11-01,-83022.78,-84296.59,-84296.59,-84841.25666666667,-84106.79878782811,-84173.68721877683,-84141.54539855957
15cdd04b-6701-5943-9ff0-094a80172648,2023-12-01,-84264.0,-83022.78,-83022.78,-83963.97666666667,-82942.60320081405,-82997.00936881086,-83506.57461669922
15cdd04b-6701-5943-9ff0-094a80172648,2024-01-01,-81773.73,-84264.0,-84264.0,-83861.12333333334,-84059.79955118726,-84129.11568598202,-84310.21524810791
15cdd04b-6701-5943-9ff0-094a80172648,2024-02-01,-79324.76,-81773.73,-81773.73,-83020.17,-81669.35431960139,-81730.12232120466,-81839.4398083496
15cdd04b-6701-5943-9ff0-094a80172648,2024-03-01,-79065.6,-79324.76,-79324.76,-81787.49666666666,-79373.25212691327,-79416.46178667982,-79786.6508996582
15cdd04b-6701-5943-9ff0-094a80172648,2024-04-01,-76961.27,-79065.6,-79065.6,-80054.69666666666,-79062.42796565226,-79111.79877825848,-79492.01241455079
15cdd04b-6701-5943-9ff0-094a80172648,2024-05-01,-76150.16,-76961.27,-76961.27,-78450.54333333333,-77029.7892872074,-77072.37438774135,-76985.25749732972
15cdd04b-6701-5943-9ff0-094a80172648,2024-06-01,-76993.29,-76150.16,-76150.16,-77392.34333333334,-76201.83574356066,-76245.19798325117,-77189.82174316407
15cdd04b-6701-5943-9ff0-094a80172648,2024-07-01,-88628.97,-76993.29,-76993.29,-76701.57333333335,-77001.990659759,-77050.51559837119,-78190.1953955078
15cdd04b-6701-5943-9ff0-094a80172648,2024-08-01,-90336.23,-88628.97,-88628.97,-80590.80666666667,-88230.19035849719,-88323.91221357406,-90791.07864257813
15cdd04b-6701-5943-9ff0-094a80172648,2024-09-01,-98059.22,-90336.23,-90336.23,-85319.49666666666,-89857.04893097964,-89961.13781165026,-94102.8774609375
15cdd04b-6701-5943-9ff0-094a80172648,2024-10-01,-9738.85,-98059.22,-98059.22,-92341.47333333334,-97389.16178335469,-97511.8238607161,-99305.90481445313
15cdd04b-6701-5943-9ff0-094a80172648,2024-11-01,-17503.52,-9738.85,-9738.85,-66044.76666666666,-11467.790183093774,-11344.601520977121,-8382.531396484375
19c342c8-0105-5b56-851d-7a54ddfb0af3,2022-01-01,178.69,,-13252.345000000001,-13252.345000000001,-599.9161128181978,-584.6049202465573,-976.0215454101562
19c342c8-0105-5b56-851d-7a54ddfb0af3,2022-02-01,357.77,178.69,178.69,178.69,-571.1965668518537,-537.4627376764026,28.75379699707031
19c342c8-0105-5b56-851d-7a54ddfb0af3,2022-03-01,537.25,357.77,357.77,268.23,-415.60186407919207,-379.5296170407162,172.07651855468748
19c342c8-0105-5b56-851d-7a54ddfb0af3,2022-04-01,717.12,537.25,537.25,357.90333333333336,-296.1516907920576,-253.6368466139345,332.1572265625
19c342c8-0105-5b56-851d-7a54ddfb0af3,2022-05-01,897.39,717.12,717.12,537.38,-118.33403542545568,-75.68574493386302,709.6515780639648
19c342c8-0105-5b56-851d-7a54ddfb0af3,2022-06-01,1078.05,897.39,897.39,717.2533333333334,63.35315853585814,105.78530009331814,901.242392911911
19c342c8-0105-5b56-851d-7a54ddfb0af3,2022-07-01,1259.11,1078.05,1078.05,897.52,132.5303605925276,188.16924591383213,1021.4235008239746
19c342c8-0105-5b56-851d-7a54ddfb0af3,2022-08-01,1440.57,1259.11,1259.11,1078.1833333333332,311.682284514647,367.56722746103037,1203.0986207580565
19c342c8-0105-5b56-851d-7a54ddfb0af3,2022-09-01,1622.43,1440.57,1440.57,1259.243333333333,492.33585026812443,548.3084870642992,1384.5586207580566
19c342c8-0105-5b56-851d-7a54ddfb0af3,2022-10-01,1804.69,1622.43,1622.43,1440.7033333333331,674.0139185234814,729.9820303279606,1566.4186207580567
19c342c8-0105-5b56-851d-7a54ddfb0af3,2022-11-01,-17423.4,1804.69,1804.69,1622.5633333333333,856.4265946889127,912.3420112237017,1748.6786207580567
19c342c8-0105-5b56-851d-7a54ddfb0af3,2022-12-01,-17283.04,-17423.4,-17423.4,-4665.426666666667,-17022.62717291313,-17145.98705806994,-17128.05612792969
19c342c8-0105-5b56-851d-7a54ddfb0af3,2023-01-01,-17142.37,-17283.04,-17283.04,-10967.25,-17418.22795088181,-17466.849234415648,-17229.899466552735
19c342c8-0105-5b56-851d-7a54ddfb0af3,2023-02-01,-17001.39,-17142.37,-17142.37,-17282.93666666667,-17253.909184898286,-17302.53701162109,-17148.43373643875
19c342c8-0105-5b56-851d-7a54ddfb0af3,2023-03-01,-16860.1,-17001.39,-17001.39,-17142.266666666666,-17241.540696286906,-17276.199437706906,-16851.49939025879
19c342c8-0105-5b56-851d-7a54ddfb0af3,2023-04-01,-16718.5,-16860.1,-16860.1,-17001.286666666667,-17120.05144464627,-17152.33931674175,-16714.76226196289
19c342c8-0105-5b56-851d-7a54ddfb0af3,2023-05-01,-16576.59,-16718.5,-16718.5,-16859.996666666666,-17133.923793215723,-17144.75113922689,-16503.86798095703
19c342c8-0105-5b56-851d-7a54ddfb0af3,2023-06-01,-16434.37,-16576.59,-16576.59,-16718.396666666664,-17256.5855450581,-17231.479450937484,-16690.562694396973
19c342c8-0105-5b56-851d-7a54ddfb0af3,2023-07-01,-16291.83,-16434.37,-16434.37,-16576.486666666668,-17112.96276214563,-17088.06143087023,-16548.34269439697
19c342c8-0105-5b56-851d-7a54ddfb0af3,2023-08-01,-16148.98,-16291.83,-16291.83,-16434.263333333332,-16968.979889242004,-16944.298910692065,-16411.82507904053
19c342c8-0105-5b56-851d-7a54ddfb0af3,2023-09-01,-23338.61,-16148.98,-16148.98,-16291.726666666664,-16824.68746004916,-16800.233746175876,-16268.975079040527
19c342c8-0105-5b56-851d-7a54ddfb0af3,2023-10-01,-23211.26,-23338.61,-23338.61,-18593.14,-23445.0733814512,-23496.09006013405,-22556.223830566407
19c342c8-0105-5b56-851d-7a54ddfb0af3,2023-11-01,-23083.63,-23211.26,-23211.26,-20899.616666666665,-23471.743059493827,-23501.236685093514,-22951.717885742186
19c342c8-0105-5b56-851d-7a54ddfb0af3,2023-12-01,-27615.68,-23083.63,-23083.63,-23211.166666666668,-23323.390468484242,-23354.590772622036,-23148.33248413086
19c342c8-0105-5b56-851d-7a54ddfb0af3,2024-01-01,-27497.74,-27615.68,-27615.68,-24636.856666666663,-27718.615670208226,-27764.731792827268,-27022.867133789063
19c342c8-0105-5b56-851d-7a54ddfb0af3,2024-02-01,-32919.58,-27497.74,-27497.74,-26065.683333333334,-27704.471753909696,-27736.24202365703,-27530.256345977785
19c342c8-0105-5b56-851d-7a54ddfb0af3,2024-03-01,-32813.31,-32919.58,-32919.58,-29344.333333333332,-33105.95097633745,-33127.211830366185,-32583.913618164064
19c342c8-0105-5b56-851d-7a54ddfb0af3,2024-04-01,-32706.81,-32813.31,-32813.31,-31076.876666666667,-32966.51191520949,-33003.884456123735,-32902.48505645752
19c342c8-0105-5b56-851d-7a54ddfb0af3,2024-05-01,-32600.07,-32706.81,-32706.81,-32813.23333333333,-32847.81067944199,-32886.09397398424,-32910.94298034668
19c342c8-0105-5b56-851d-7a54ddfb0af3,2024-06-01,-32493.1,-32600.07,-32600.07,-32706.73,-32795.721058519404,-32827.945640460974,-32709.515182800293
19c342c8-0105-5b56-851d-7a54ddfb0af3,2024-07-01,-32350.71,-32493.1,-32493.1,-32599.993333333332,-32677.38938494491,-32714.9769406073,-32399.462380981444
19c342c8-0105-5b56-851d-7a54ddfb0af3,2024-08-01,-32214.32,-32350.71,-32350.71,-32481.293333333335,-32554.372331533814,-32589.54065083509,-32284.06089111328
19c342c8-0105-5b56-851d-7a54ddfb0af3,2024-09-01,-32293.25,-32214.32,-32214.32,-32352.710000000003,-32694.552903049986,-32691.30645779255,-32331.584152526855
19c342c8-0105-5b56-851d-7a54ddfb0af3,2024-10-01,-32153.82,-32293.25,-32293.25,-32286.093333333334,-32746.36003564903,-32748.421662419118,-32296.95904159546
19c342c8-0105-5b56-851d-7a54ddfb0af3,2024-11-01,-31984.4,-32153.82,-32153.82,-32220.463333333333,-32607.66931727461,-32609.611493893666,-32190.974613494873
1e0f4370-8b65-5ba5-a785-e02175b817e0,2022-01-01,8637.19,,-13252.345000000001,-13252.345000000001,-599.9161128181978,-584.6049202465573,-976.0215454101562
1e0f4370-8b65-5ba5-a785-e02175b817e0,2022-02-01,2741.3,8637.19,8637.19,8637.19,7938.131315136568,7963.700176367923,7318.9929785156255
1e0f4370-8b65-5ba5-a785-e02175b817e0,2022-03-01,1809.99,2741.3,2741.3,5689.245000000001,2029.0460242957565,2055.9919498018853,2262.5622985839846
1e0f4370-8b65-5ba5-a785-e02175b817e0,2022-04-01,2018.81,1809.99,1809.99,4396.16,1057.4132294267763,1088.0703217370167,859.5008642578125
1e0f4370-8b65-5ba5-a785-e02175b817e0,2022-05-01,1290.91,2018.81,2018.81,2190.0333333333333,1391.0936826558536,1405.2993390834984,1613.1844506835937
1e0f4370-8b65-5ba5-a785-e02175b817e0,2022-06-01,1181.9,1290.91,1290.91,1706.57,660.6667632499089,677.2558014845597,694.0369531250001
1e0f4370-8b65-5ba5-a785-e02175b817e0,2022-07-01,3146.4,1181.9,1181.9,1497.206666666667,491.14024980593535,510.1492042284001,1687.8939880371095
1e0f4370-8b65-5ba5-a785-e02175b817e0,2022-08-01,576.67,3146.4,3146.4,1873.07,2383.533131740155,2412.0239453080217,2675.3473266601563
1e0f4370-8b65-5ba5-a785-e02175b817e0,2022-09-01,2735.7,576.67,576.67,1634.99,-116.84827043183589,-96.52378161605691,1598.1693286132813
1e0f4370-8b65-5ba5-a785-e02175b817e0,2022-10-01,40.22,2735.7,2735.7,2152.9233333333336,2121.2306467847684,2129.669132300731,2571.847979736328
1e0f4370-8b65-5ba5-a785-e02175b817e0,2022-11-01,2041.31,40.22,40.22,1117.53,-542.8480807568907,-534.8725020537837,262.3149859619141
1e0f4370-8b65-5ba5-a785-e02175b817e0,2022-12-01,2557.22,2041.31,2041.31,1605.743333333333,1456.439396864672,1462.0614771632565,2074.1860147094726
1e0f4370-8b65-5ba5-a785-e02175b817e0,2023-01-01,1574.37,2557.22,2557.22,1546.25,1819.4945092615203,1846.3297715430976,2530.53090927124
1e0f4370-8b65-5ba5-a785-e02175b817e0,2023-02-01,986.54,1574.37,1574.37,2057.633333333333,932.9560310719927,946.5341749144535,1847.0661059570311
1e0f4370-8b65-5ba5-a785-e02175b817e0,2023-03-01,1437.89,986.54,986.54,1706.043333333333,325.97214937767,342.36467620177086,1213.9923010253906
1e0f4370-8b65-5ba5-a785-e02175b817e0,2023-04-01,2195.18,1437.89,1437.89,1332.9333333333334,792.256796529805,806.8275828886218,1500.2983366394044
1e0f4370-8b65-5ba5-a785-e02175b817e0,2023-05-01,1700.61,2195.18,2195.18,1539.87,1438.5703435110295,1467.663381625314,1949.733726196289
1e0f4370-8b65-5ba5-a785-e02175b817e0,2023-06-01,743.96,1700.61,1700.61,1777.8933333333334,846.9484046811265,887.8947134179691,1771.1928781127929
1e0f4370-8b65-5ba5-a785-e02175b817e0,2023-07-01,1379.01,743.96,743.96,1546.5833333333333,-27.29929859884578,3.2310092448868772,973.6926049804688
1e0f4370-8b65-5ba5-a785-e02175b817e0,2023-08-01,478.89,1379.01,1379.01,1274.5266666666666,629.5261725125804,657.3889828784634,1306.9672372436523
1e0f4370-8b65-5ba5-a785-e02175b817e0,2023-09-01,697.52,478.89,478.89,867.2866666666667,-212.7093920152439,-191.2692845545099,772.9864050292969
1e0f4370-8b65-5ba5-a785-e02175b817e0,2023-10-01,-225.14,697.52,697.52,851.8066666666667,18.75960924846777,38.47050352375584,872.422587890625
1e0f4370-8b65-5ba5-a785-e02175b817e0,2023-11-01,1625.01,-225.14,-225.14,317.09,-823.6248761611656,-816.7214586551953,353.02082763671876
1e0f4370-8b65-5ba5-a785-e02175b817e0,2023-12-01,837.7,1625.01,1625.01,699.13,946.6216278821971,963.0356212842744,1461.4586694335937
1e0f4370-8b65-5ba5-a785-e02175b817e0,2024-01-01,609.35,837.7,837.7,745.8566666666667,197.58767602877106,209.702319840187,589.4109527587891
1e0f4370-8b65-5ba5-a785-e02175b817e0,2024-02-01,1901.83,609.35,609.35,1024.0200000000002,-132.2612822552021,-108.58155385995246,1044.9345336914062
1e0f4370-8b65-5ba5-a785-e02175b817e0,2024-03-01,1755.0,1901.83,1901.83,1116.2933333333333,1187.4238046655137,1206.7269590450303,1996.87825592041
1e0f4370-8b65-5ba5-a785-e02175b817e0,2024-04-01,1218.73,1755.0,1755.0,1422.0600000000002,982.9805666434967,1010.8800547212186,1889.448745727539
1e0f4370-8b65-5ba5-a785-e02175b817e0,2024-05-01,783.19,1218.73,1218.73,1625.1866666666665,399.013142399318,435.1325992838746,1323.0173306274414
1e0f4370-8b65-5ba5-a785-e02175b817e0,2024-06-01,503.92,783.19,783.19,1252.3066666666666,-5.457913263393266,26.823413885004584,801.1329626464844
1e0f4370-8b65-5ba5-a785-e02175b817e0,2024-07-01,9091.32,503.92,503.92,835.2800000000001,-260.18824644065336,-231.2953421999577,820.5914782714844
1e0f4370-8b65-5ba5-a785-e02175b817e0,2024-08-01,9808.65,9091.32,9091.32,3459.476666666667,7999.868577089914,8062.702510967648,9185.666954345703
1e0f4370-8b65-5ba5-a785-e02175b817e0,2024-09-01,9476.45,9808.65,9808.65,6467.963333333333,8791.527108601753,8845.265443522383,9625.093222045898
1e0f4370-8b65-5ba5-a785-e02175b817e0,2024-10-01,6581.65,9476.45,9476.45,9458.806666666665,8462.914682015637,8517.408279632713,8621.304553222657
1e0f4370-8b65-5ba5-a785-e02175b817e0,2024-11-01,12547.8,6581.65,6581.65,8622.25,5704.314956293396,5745.6609963436795,6935.521490478515
20734ffa-ab62-5fec-9dbc-f8494ad4a49f,2022-01-01,-3350.13,,-13252.345000000001,-13252.345000000001,-599.9161128181978,-584.6049202465573,-976.0215454101562
20734ffa-ab62-5fec-9dbc-f8494ad4a49f,2022-02-01,-7097.05,-3350.13,-3350.13,-3350.13,-3832.423181104081,-3836.228728874886,-7052.2383984375
20734ffa-ab62-5fec-9dbc-f8494ad4a49f,2022-03-01,-8364.34,-7097.05,-7097.05,-5223.59,-7643.422851218691,-7636.841998933571,-11731.438671875
20734ffa-ab62-5fec-9dbc-f8494ad4a49f,2022-04-01,-12674.43,-8364.34,-8364.34,-6270.506666666667,-8946.998825584113,-8936.30763663008,-11807.32876953125
20734ffa-ab62-5fec-9dbc-f8494ad4a49f,2022-05-01,-15672.28,-12674.43,-12674.43,-9378.606666666667,-13116.54979354625,-13123.05989036982,-15716.727119140625
20734ffa-ab62-5fec-9dbc-f8494ad4a49f,2022-06-01,-19762.41,-15672.28,-15672.28,-12237.016666666668,-16169.719119731499,-16166.50598231135,-18466.27609375
20734ffa-ab62-5fec-9dbc-f8494ad4a49f,2022-07-01,-21857.43,-19762.41,-19762.41,-16036.373333333335,-19946.664487455182,-19980.80632562253,-23226.90560546875
20734ffa-ab62-5fec-9dbc-f8494ad4a49f,2022-08-01,-25823.24,-21857.43,-21857.43,-19097.373333333333,-22098.528290958304,-22126.42637844563,-25028.92267578125
20734ffa-ab62-5fec-9dbc-f8494ad4a49f,2022-09-01,-27570.48,-25823.24,-25823.24,-22481.02666666667,-25996.963138779127,-26030.15462706798,-28865.648203125
20734ffa-ab62-5fec-9dbc-f8494ad4a49f,2022-10-01,-33364.98,-27570.48,-27570.48,-25083.716666666664,-27774.30921467366,-27805.29599214832,-30869.691669921875
20734ffa-ab62-5fec-9dbc-f8494ad4a49f,2022-11-01,-38707.38,-33364.98,-33364.98,-28919.56666666667,-33434.971748284544,-33481.840002316734,-36271.58815429688
20734ffa-ab62-5fec-9dbc-f8494ad4a49f,2022-12-01,-37073.15,-38707.38,-38707.38,-33214.28,-38778.54564246958,-38822.485911015356,-42186.7305859375
20734ffa-ab62-5fec-9dbc-f8494ad4a49f,2023-01-01,-37011.54,-37073.15,-37073.15,-36381.83666666667,-37260.245582993004,-37290.89409649788,-39201.812109375
20734ffa-ab62-5fec-9dbc-f8494ad4a49f,2023-02-01,-39927.69,-37011.54,-37011.54,-37597.35666666667,-37233.007523252985,-37261.301420435244,-39346.782919921876
20734ffa-ab62-5fec-9dbc-f8494ad4a49f,2023-03-01,-43902.41,-39927.69,-39927.69,-38004.12666666667,-40038.67172345724,-40081.233465560006,-42559.58086914063
20734ffa-ab62-5fec-9dbc-f8494ad4a49f,2023-04-01,-46411.84,-43902.41,-43902.41,-40280.54666666667,-44027.88373385905,-44066.205250436265,-46077.49227539063
20734ffa-ab62-5fec-9dbc-f8494ad4a49f,2023-05-01,-49286.38,-46411.84,-46411.84,-43413.98,-46553.085721088806,-46589.41129945812,-48907.36905273437
20734ffa-ab62-5fec-9dbc-f8494ad4a49f,2023-06-01,-55225.55,-49286.38,-49286.38,-46533.543333333335,-49421.7949696334,-49455.47843163494,-51354.3223828125
20734ffa-ab62-5fec-9dbc-f8494ad4a49f,2023-07-01,-55858.3,-55225.55,-55225.55,-50307.92333333333,-55124.458503370624,-55188.32375665514,-57668.44965820313
20734ffa-ab62-5fec-9dbc-f8494ad4a49f,2023-08-01,-55333.57,-55858.3,-55858.3,-53456.74333333334,-55906.69010436029,-55948.83559644329,-56788.77924804688
20734ffa-ab62-5fec-9dbc-f8494ad4a49f,2023-09-01,-54451.63,-55333.57,-55333.57,-55472.47333333333,-55361.107110846664,-55408.04082406873,-55551.979271240234
20734ffa-ab62-5fec-9dbc-f8494ad4a49f,2023-10-01,-54874.06,-54451.63,-54451.63,-55214.5,-54565.229280125575,-54602.91299595887,-54762.85848510742
20734ffa-ab62-5fec-9dbc-f8494ad4a49f,2023-11-01,-56109.48,-54874.06,-54874.06,-54886.420000000006,-55030.5864290187,-55062.47080716444,-54930.1628137207
20734ffa-ab62-5fec-9dbc-f8494ad4a49f,2023-12-01,-50982.52,-56109.48,-56109.48,-55145.05666666667,-56173.90912998439,-56219.200463295936,-55765.67702148438
20734ffa-ab62-5fec-9dbc-f8494ad4a49f,2024-01-01,-51299.95,-50982.52,-50982.52,-53988.68666666667,-51284.68748106392,-51301.28590789393,-52086.122905273434
20734ffa-ab62-5fec-9dbc-f8494ad4a49f,2024-02-01,-53086.84,-51299.95,-51299.95,-52797.31666666667,-51558.48921199398,-51580.631274573476,-52674.096484375
20734ffa-ab62-5fec-9dbc-f8494ad4a49f,2024-03-01,-53128.01,-53086.84,-53086.84,-51789.77,-53113.09416506935,-53164.734884656886,-53931.70730957031
20734ffa-ab62-5fec-9dbc-f8494ad4a49f,2024-04-01,-54671.66,-53128.01,-53128.01,-52504.93333333333,-53224.93771282554,-53266.72696420508,-53871.148793945315
20734ffa-ab62-5fec-9dbc-f8494ad4a49f,2024-05-01,-55212.99,-54671.66,-54671.66,-53628.83666666667,-54746.13735677417,-54789.75231531497,-55002.96892944336
20734ffa-ab62-5fec-9dbc-f8494ad4a49f,2024-06-01,-54761.8,-55212.99,-55212.99,-54337.55333333334,-55229.88778776728,-55280.63760188456,-55549.00086425781
20734ffa-ab62-5fec-9dbc-f8494ad4a49f,2024-07-01,-73713.77,-54761.8,-54761.8,-54882.15,-54792.892666475804,-54840.19009473965,-56572.39216308594
20734ffa-ab62-5fec-9dbc-f8494ad4a49f,2024-08-01,-72692.12,-73713.77,-73713.77,-61229.52,-73349.11434016089,-73441.62659640059,-75648.15330078125
20734ffa-ab62-5fec-9dbc-f8494ad4a49f,2024-09-01,-77490.23,-72692.12,-72692.12,-67055.89666666667,-72446.82693597277,-72526.00711217463,-75945.73352539062
20734ffa-ab62-5fec-9dbc-f8494ad4a49f,2024-10-01,-77859.08,-77490.23,-77490.23,-74632.04,-77071.01279646948,-77167.37580293248,-79910.29127929687
20734ffa-ab62-5fec-9dbc-f8494ad4a49f,2024-11-01,-70221.77,-77859.08,-77859.08,-76013.81,-77529.75361778645,-77617.87563454606,-79065.80375488281
216e71ad-0cb5-5e5c-9027-b130a65beec8,2022-01-01,-1588.95,,-13252.345000000001,-13252.345000000001,-599.9161128181978,-584.6049202465573,-976.0215454101562
216e71ad-0cb5-5e5c-9027-b130a65beec8,2022-02-01,-2441.71,-1588.95,-1588.95,-1588.95,-2151.5842597440633,-2144.6607860516897,-4031.736376953125
216e71ad-0cb5-5e5c-9027-b130a65beec8,2022-03-01,-7437.4,-2441.71,-2441.71,-2015.33,-3051.7383455844047,-3038.0004898230927,-3344.8152856445313
216e71ad-0cb5-5e5c-9027-b130a65beec8,2022-04-01,-7479.36,-7437.4,-7437.4,-3822.686666666667,-7948.513226249816,-7948.545002480561,-8736.69443359375
216e71ad-0cb5-5e5c-9027-b130a65beec8,2022-05-01,-4814.64,-7479.36,-7479.36,-5786.156666666666,-8141.985291163749,-8123.0739380184,-7166.492873535156
216e71ad-0cb5-5e5c-9027-b130a65beec8,2022-06-01,-6874.43,-4814.64,-4814.64,-6577.133333333334,-5269.5539632967675,-5276.196605897668,-5974.038071289063
216e71ad-0cb5-5e5c-9027-b130a65beec8,2022-07-01,-3610.35,-6874.43,-6874.43,-6389.4766666666665,-7335.473425163282,-7341.241316698867,-6030.092719726563
216e71ad-0cb5-5e5c-9027-b130a65beec8,2022-08-01,-4886.34,-3610.35,-3610.35,-5099.806666666667,-4078.7785777052923,-4084.3235795754435,-4523.922326660157
216e71ad-0cb5-5e5c-9027-b130a65beec8,2022-09-01,-5612.43,-4886.34,-4886.34,-5123.706666666667,-5448.71103886361,-5442.540964820496,-3923.8852880859376
216e71ad-0cb5-5e5c-9027-b130a65beec8,2022-10-01,-3343.71,-5612.43,-5612.43,-4703.04,-6020.0869704992,-6033.8901524303665,-4614.25958984375
216e71ad-0cb5-5e5c-9027-b130a65beec8,2022-11-01,-6011.41,-3343.71,-3343.71,-4614.16,-3835.2091181214364,-3837.281503968612,-3472.2152947998047
216e71ad-0cb5-5e5c-9027-b130a65beec8,2022-12-01,-4942.56,-6011.41,-6011.41,-4989.183333333333,-6562.462149551946,-6557.595768478451,-5009.176479492187
216e71ad-0cb5-5e5c-9027-b130a65beec8,2023-01-01,-6216.36,-4942.56,-4942.56,-4765.893333333333,-5527.599780207825,-5520.144321086208,-4682.676638183594
216e71ad-0cb5-5e5c-9027-b130a65beec8,2023-02-01,-3049.76,-6216.36,-6216.36,-5723.443333333334,-6676.145005104715,-6685.452561168652,-5745.20146118164
216e71ad-0cb5-5e5c-9027-b130a65beec8,2023-03-01,-1352.83,-3049.76,-3049.76,-4736.2266666666665,-3721.16708072237,-3703.2372791535577,-2518.1212060546877
216e71ad-0cb5-5e5c-9027-b130a65beec8,2023-04-01,-2150.48,-1352.83,-1352.83,-3539.65,-2265.0137630735753,-2219.8229248201587,-2101.4794140625
216e71ad-0cb5-5e5c-9027-b130a65beec8,2023-05-01,-5847.01,-2150.48,-2150.48,-2184.3566666666666,-3111.3348168248563,-3060.673847063997,-3532.543232421875
216e71ad-0cb5-5e5c-9027-b130a65beec8,2023-06-01,-1725.06,-5847.01,-5847.01,-3116.773333333333,-6254.479830654136,-6270.533753911399,-3830.2459619140627
216e71ad-0cb5-5e5c-9027-b130a65beec8,2023-07-01,-8986.25,-1725.06,-1725.06,-3240.85,-2140.184637850594,-2153.268760247131,-2154.506258544922
216e71ad-0cb5-5e5c-9027-b130a65beec8,2023-08-01,-3945.38,-8986.25,-8986.25,-5519.44,-9317.603008112379,-9338.25595353269,-8562.407531738281
216e71ad-0cb5-5e5c-9027-b130a65beec8,2023-09-01,-8547.5,-3945.38,-3945.38,-4885.5633333333335,-4330.3270408243425,-4347.767877857726,-4190.425181274414
216e71ad-0cb5-5e5c-9027-b130a65beec8,2023-10-01,-5483.3,-8547.5,-8547.5,-7159.71,-8884.639820174043,-8905.215792479885,-6628.2044677734375
216e71ad-0cb5-5e5c-9027-b130a65beec8,2023-11-01,-3985.43,-5483.3,-5483.3,-5992.06,-6004.921774732318,-6003.3846792650975,-4989.079174804688
216e71ad-0cb5-5e5c-9027-b130a65beec8,2023-12-01,-2806.72,-3985.43,-3985.43,-6005.41,-4474.392245942907,-4478.73651811148,-3629.2185437011717
216e71ad-0cb5-5e5c-9027-b130a65beec8,2024-01-01,-3247.58,-2806.72,-2806.72,-4091.816666666667,-3443.450122474683,-3431.2628430431646,-3952.464384765625
216e71ad-0cb5-5e5c-9027-b130a65beec8,2024-02-01,-1646.81,-3247.58,-3247.58,-3346.5766666666664,-4058.2781820186974,-4024.6376149952202,-3213.418794708252
216e71ad-0cb5-5e5c-9027-b130a65beec8,2024-03-01,-1358.12,-1646.81,-1646.81,-2567.0366666666664,-2410.750530739062,-2383.0464778857995,-2201.846926269531
216e71ad-0cb5-5e5c-9027-b130a65beec8,2024-04-01,-2720.34,-1358.12,-1358.12,-2084.17,-2253.0178737867277,-2209.7422899951334,-1618.6413928222655
216e71ad-0cb5-5e5c-9027-b130a65beec8,2024-05-01,-1876.08,-2720.34,-2720.34,-1908.4233333333334,-3360.137281932987,-3347.3648362100525,-2513.7597387695314
216e71ad-0cb5-5e5c-9027-b130a65beec8,2024-06-01,-1466.82,-1876.08,-1876.08,-1984.8466666666666,-2569.3189820610755,-2549.47734262269,-1801.2618237304687
216e71ad-0cb5-5e5c-9027-b130a65beec8,2024-07-01,-25893.47,-1466.82,-1466.82,-2021.08,-2137.02929148153,-2119.6602105391607,-1660.3059466552734
216e71ad-0cb5-5e5c-9027-b130a65beec8,2024-08-01,49685.31,-25893.47,-25893.47,-9745.456666666667,-25033.77149030591,-25197.164333893415,-19481.47439453125
216e71ad-0cb5-5e5c-9027-b130a65beec8,2024-09-01,65610.7,49685.31,49685.31,7441.673333333332,49171.82837464484,49130.80985639684,53064.32391601562
216e71ad-0cb5-5e5c-9027-b130a65beec8,2024-10-01,221893.57,65610.7,65610.7,29800.846666666665,64282.37100839538,64347.03200729321,68756.014453125
216e71ad-0cb5-5e5c-9027-b130a65beec8,2024-11-01,407632.92,221893.57,221893.57,112396.52666666667,216319.33409433972,216832.38150732382,225116.03899414063
2554f203-e31f-59b0-8fe8-4b4151ac662f,2022-01-01,-4883.2,,-13252.345000000001,-13252.345000000001,-599.9161128181978,-584.6049202465573,-976.0215454101562
2554f203-e31f-59b0-8fe8-4b4151ac662f,2022-02-01,-3625.57,-4883.2,-4883.2,-4883.2,-5365.930074240576,-5367.983505426362,-7767.4109375
2554f203-e31f-59b0-8fe8-4b4151ac662f,2022-03-01,-11389.4,-3625.57,-3625.57,-4254.385,-4263.729556527619,-4245.747677059983,-4686.606254882812
2554f203-e31f-59b0-8fe8-4b4151ac662f,2022-04-01,-29864.68,-11389.4,-11389.4,-6632.723333333332,-11858.269867950416,-11860.61728567003,-14402.243017578125
2554f203-e31f-59b0-8fe8-4b4151ac662f,2022-05-01,-29958.11,-29864.68,-29864.68,-14959.883333333333,-30044.83457603073,-30080.212880319712,-33291.51642578125
2554f203-e31f-59b0-8fe8-4b4151ac662f,2022-06-01,-34697.83,-29958.11,-29958.11,-23737.396666666667,-30292.615671806416,-30306.97158314474,-31994.695815429688
2554f203-e31f-59b0-8fe8-4b4151ac662f,2022-07-01,-37890.7,-34697.83,-34697.83,-31506.873333333333,-34545.242885472486,-34616.91104773343,-38294.36344726563
2554f203-e31f-59b0-8fe8-4b4151ac662f,2022-08-01,-38900.22,-37890.7,-37890.7,-34182.21333333333,-37826.753851002184,-37888.180583924965,-39563.77958984375
2554f203-e31f-59b0-8fe8-4b4151ac662f,2022-09-01,-38747.92,-38900.22,-38900.22,-37162.916666666664,-38915.64391898615,-38965.81282163712,-39956.25747558594
2554f203-e31f-59b0-8fe8-4b4151ac662f,2022-10-01,-39672.39,-38747.92,-38747.92,-38512.94666666666,-38993.63595785644,-39014.85071325474,-38959.4017199707
2554f203-e31f-59b0-8fe8-4b4151ac662f,2022-11-01,-40860.19,-39672.39,-39672.39,-39106.84333333333,-39934.077467589486,-39954.26982330443,-40826.42857421875
2554f203-e31f-59b0-8fe8-4b4151ac662f,2022-12-01,-43879.95,-40860.19,-40860.19,-39760.166666666664,-41079.855444685505,-41106.15448373032,-42618.44732421875
2554f203-e31f-59b0-8fe8-4b4151ac662f,2023-01-01,-44402.74,-43879.95,-43879.95,-41470.84333333333,-44066.286833552374,-44096.15729090042,-45616.79545898437
2554f203-e31f-59b0-8fe8-4b4151ac662f,2023-02-01,-44563.73,-44402.74,-44402.74,-43047.62666666667,-44570.09907113655,-44603.158375613646,-45013.92133544922
2554f203-e31f-59b0-8fe8-4b4151ac662f,2023-03-01,-45559.31,-44563.73,-44563.73,-44282.13999999999,-44786.0856856428,-44811.905438088856,-45433.77412841797
2554f203-e31f-59b0-8fe8-4b4151ac662f,2023-04-01,-48971.72,-45559.31,-45559.31,-44841.926666666666,-45777.47025365115,-45802.60929175942,-47322.53900390625
2554f203-e31f-59b0-8fe8-4b4151ac662f,2023-05-01,-49213.47,-48971.72,-48971.72,-46364.920000000006,-49083.54208503531,-49121.40381999004,-49992.23934814453
2554f203-e31f-59b0-8fe8-4b4151ac662f,2023-06-01,-51196.15,-49213.47,-49213.47,-47914.833333333336,-49369.34054767009,-49401.51706172812,-50286.51626464844
2554f203-e31f-59b0-8fe8-4b4151ac662f,2023-07-01,-52740.67,-51196.15,-51196.15,-49793.78,-51277.33231747095,-51318.85608313211,-53239.11850585938
2554f203-e31f-59b0-8fe8-4b4151ac662f,2023-08-01,-55485.74,-52740.67,-52740.67,-51050.09666666667,-52841.57546396124,-52879.5243010911,-54985.42463867187
2554f203-e31f-59b0-8fe8-4b4151ac662f,2023-09-01,-57804.78,-55485.74,-55485.74,-53140.85333333333,-55474.41096576308,-55525.17343667914,-57416.14100097656
2554f203-e31f-59b0-8fe8-4b4151ac662f,2023-10-01,-58248.0,-57804.78,-57804.78,-55343.73,-57706.97973218168,-57769.41993845461,-59695.800751953124
2554f203-e31f-59b0-8fe8-4b4151ac662f,2023-11-01,-58221.74,-58248.0,-58248.0,-57179.50666666666,-58236.08819770694,-58284.086410551055,-59032.07458496094
2554f203-e31f-59b0-8fe8-4b4151ac662f,2023-12-01,-65308.27,-58221.74,-58221.74,-58091.50666666666,-58280.766990605516,-58320.04836294628,-59088.35596679687
2554f203-e31f-59b0-8fe8-4b4151ac662f,2024-01-01,-65975.45,-65308.27,-65308.27,-60592.670000000006,-65121.91366904238,-65189.65742594375,-67128.18955566405
2554f203-e31f-59b0-8fe8-4b4151ac662f,2024-02-01,-66283.41,-65975.45,-65975.45,-63168.486666666664,-65874.12585846921,-65934.76924949713,-67280.22026367187
2554f203-e31f-59b0-8fe8-4b4151ac662f,2024-03-01,-67896.55,-66283.41,-66283.41,-65855.70999999999,-66177.98416443334,-66237.4896905901,-67478.35775390625
2554f203-e31f-59b0-8fe8-4b4151ac662f,2024-04-01,-69781.41,-67896.55,-67896.55,-66718.47000000002,-67770.13523896209,-67833.6568807355,-69257.30524902344
2554f203-e31f-59b0-8fe8-4b4151ac662f,2024-05-01,-70615.98,-69781.41,-69781.41,-67987.12333333334,-69664.54930517542,-69726.65145449444,-71387.12508789063
2554f203-e31f-59b0-8fe8-4b4151ac662f,2024-06-01,-69906.75,-70615.98,-70615.98,-69431.31333333334,-70483.34663234859,-70547.78701815328,-71170.73268554687
2554f203-e31f-59b0-8fe8-4b4151ac662f,2024-07-01,-81173.25,-69906.75,-69906.75,-70101.37999999999,-69833.19456470465,-69889.89068458673,-71267.09167480469
2554f203-e31f-59b0-8fe8-4b4151ac662f,2024-08-01,-82715.97,-81173.25,-81173.25,-73898.65999999999,-80845.08411830061,-80931.25743516917,-83099.5068359375
2554f203-e31f-59b0-8fe8-4b4151ac662f,2024-09-01,-84368.69,-82715.97,-82715.97,-77931.99,-82430.67710975744,-82508.81751775325,-84666.24978515625
2554f203-e31f-59b0-8fe8-4b4151ac662f,2024-10-01,-85517.22,-84368.69,-84368.69,-82752.63666666667,-84039.83745782399,-84122.19545613306,-86452.12432617188
2554f203-e31f-59b0-8fe8-4b4151ac662f,2024-11-01,-81980.19,-85517.22,-85517.22,-84200.62666666666,-85187.20806481759,-85272.26066252387,-86907.19619628906
276ed191-282a-584a-a7d9-b1872da1e9cd,2022-01-01,-4272.93,,-13252.345000000001,-13252.345000000001,-599.9161128181978,-584.6049202465573,-976.0215454101562
276ed191-282a-584a-a7d9-b1872da1e9cd,2022-02-01,-9226.96,-4272.93,-4272.93,-4272.93,-4856.552270894451,-4841.908006009311,-8285.67609375
276ed191-282a-584a-a7d9-b1872da1e9cd,2022-03-01,-14833.49,-9226.96,-9226.96,-6749.945,-9806.697240134408,-9793.626940598078,-11723.17533203125
276ed191-282a-584a-a7d9-b1872da1e9cd,2022-04-01,-19576.2,-14833.49,-14833.49,-9444.46,-15221.400334855667,-15233.821726263757,-18835.856455078123
276ed191-282a-584a-a7d9-b1872da1e9cd,2022-05-01,-21963.74,-19576.2,-19576.2,-14545.550000000001,-19921.740523382203,-19937.084700523243,-24013.32158203125
276ed191-282a-584a-a7d9-b1872da1e9cd,2022-06-01,-24946.75,-21963.74,-21963.74,-18791.143333333333,-22368.946504495765,-22377.025933165976,-23845.227548828127
276ed191-282a-584a-a7d9-b1872da1e9cd,2022-07-01,-25249.16,-24946.75,-24946.75,-22162.23,-25160.977053452272,-25188.354251210858,-26074.972412109375
276ed191-282a-584a-a7d9-b1872da1e9cd,2022-08-01,-23839.14,-25249.16,-25249.16,-24053.21666666667,-25552.423711717023,-25569.608654720923,-25918.526943359375
276ed191-282a-584a-a7d9-b1872da1e9cd,2022-09-01,-27034.86,-23839.14,-23839.14,-24678.350000000002,-24244.66973095246,-24250.525285782664,-24447.259384765624
276ed191-282a-584a-a7d9-b1872da1e9cd,2022-10-01,-27673.9,-27034.86,-27034.86,-25374.38666666667,-27260.825929986393,-27289.103721711697,-28037.050063476563
276ed191-282a-584a-a7d9-b1872da1e9cd,2022-11-01,-26895.58,-27673.9,-27673.9,-26182.63333333333,-28045.19207034636,-28055.18979697663,-27370.862890625
276ed191-282a-584a-a7d9-b1872da1e9cd,2022-12-01,-27964.24,-26895.58,-26895.58,-27201.446666666667,-27229.004344810128,-27245.667463579743,-27181.61240966797
276ed191-282a-584a-a7d9-b1872da1e9cd,2023-01-01,-24254.08,-27964.24,-27964.24,-27511.24,-28375.226184285235,-28381.634478391392,-27034.70630859375
276ed191-282a-584a-a7d9-b1872da1e9cd,2023-02-01,-22697.08,-24254.08,-24254.08,-26371.300000000003,-24737.677562011202,-24737.321903591874,-24403.561033325197
276ed191-282a-584a-a7d9-b1872da1e9cd,2023-03-01,-25900.3,-22697.08,-22697.08,-24971.800000000003,-23114.333017395093,-23123.697270082233,-24275.649091796877
276ed191-282a-584a-a7d9-b1872da1e9cd,2023-04-01,-27865.47,-25900.3,-25900.3,-24283.820000000003,-26315.90091917353,-26324.599133370648,-26033.132229614257
276ed191-282a-584a-a7d9-b1872da1e9cd,2023-05-01,-24964.22,-27865.47,-27865.47,-25487.61666666667,-28248.077253621057,-28258.488941220396,-26896.17007324219
276ed191-282a-584a-a7d9-b1872da1e9cd,2023-06-01,-25119.35,-24964.22,-24964.22,-26243.33,-25424.406232152534,-25426.28546599914,-25136.249296875
276ed191-282a-584a-a7d9-b1872da1e9cd,2023-07-01,-28957.65,-25119.35,-25119.35,-25983.013333333336,-25537.453885876606,-25545.063068141815,-25785.650170898436
276ed191-282a-584a-a7d9-b1872da1e9cd,2023-08-01,-27409.64,-28957.65,-28957.65,-26347.073333333334,-29205.2489135998,-29232.598804681584,-27695.06247558594
276ed191-282a-584a-a7d9-b1872da1e9cd,2023-09-01,-29340.78,-27409.64,-27409.64,-27162.213333333333,-27826.05486526495,-27831.797821976077,-27205.364349975585
276ed191-282a-584a-a7d9-b1872da1e9cd,2023-10-01,-35741.95,-29340.78,-29340.78,-28569.35666666667,-29584.17135041104,-29613.05159000784,-28481.087861328124
276ed191-282a-584a-a7d9-b1872da1e9cd,2023-11-01,-30945.08,-35741.95,-35741.95,-30830.789999999997,-35809.91072750466,-35861.05872738152,-33513.33330078125
276ed191-282a-584a-a7d9-b1872da1e9cd,2023-12-01,-28014.12,-30945.08,-30945.08,-32009.27,-31289.816806598657,-31304.545069559284,-29730.256391601564
276ed191-282a-584a-a7d9-b1872da1e9cd,2024-01-01,-24551.1,-28014.12,-28014.12,-31567.05,-28352.783140435215,-28369.885904664345,-26812.415166015624
276ed191-282a-584a-a7d9-b1872da1e9cd,2024-02-01,-23258.48,-24551.1,-24551.1,-27836.766666666666,-25123.997654349976,-25115.786157298542,-24719.96340332031
276ed191-282a-584a-a7d9-b1872da1e9cd,2024-03-01,-27571.34,-23258.48,-23258.48,-25274.566666666666,-23788.652749939676,-23784.622581799096,-24893.178364257812
276ed191-282a-584a-a7d9-b1872da1e9cd,2024-04-01,-23370.11,-27571.34,-27571.34,-25126.97333333333,-27898.440710850744,-27919.75900259815,-26542.728671875
276ed191-282a-584a-a7d9-b1872da1e9cd,2024-05-01,-22487.41,-23370.11,-23370.11,-24733.309999999998,-24028.918385245317,-24009.76248453955,-23476.82006011963
276ed191-282a-584a-a7d9-b1872da1e9cd,2024-06-01,-23902.53,-22487.41,-22487.41,-24476.286666666667,-23035.822443792862,-23029.031191612467,-23082.06478515625
276ed191-282a-584a-a7d9-b1872da1e9cd,2024-07-01,-36758.88,-23902.53,-23902.53,-23253.350000000002,-24233.59950001997,-24254.14862849718,-25410.504609375
276ed191-282a-584a-a7d9-b1872da1e9cd,2024-08-01,-45964.32,-36758.88,-36758.88,-27716.27333333333,-36728.31754803341,-36783.34695043035,-38643.02624023437
276ed191-282a-584a-a7d9-b1872da1e9cd,2024-09-01,-30713.98,-45964.32,-45964.32,-35541.909999999996,-45871.20217307238,-45932.77295363283,-45943.360395736694
276ed191-282a-584a-a7d9-b1872da1e9cd,2024-10-01,-14238.03,-30713.98,-30713.98,-37812.39333333333,-30829.547867308156,-30878.01874063948,-29130.032124023437
276ed191-282a-584a-a7d9-b1872da1e9cd,2024-11-01,-13065.8,-14238.03,-14238.03,-30305.443333333333,-14921.180432198977,-14905.485519129767,-14042.435731201173
2782e13a-16a0-5c5d-8592-fc644ca7928e,2022-01-01,-1787.42,,-13252.345000000001,-13252.345000000001,-599.9161128181978,-584.6049202465573,-976.0215454101562
2782e13a-16a0-5c5d-8592-fc644ca7928e,2022-02-01,-5456.21,-1787.42,-1787.42,-1787.42,-2310.9173192086973,-2309.75574160627,-4442.6709765625
2782e13a-16a0-5c5d-8592-fc644ca7928e,2022-03-01,-18033.9,-5456.21,-5456.21,-3621.815,-6038.340031085907,-6028.069163678176,-6720.1576318359375
2782e13a-16a0-5c5d-8592-fc644ca7928e,2022-04-01,-18907.98,-18033.9,-18033.9,-8425.843333333332,-18706.64957534201,-18671.548021037397,-19576.672583007814
2782e13a-16a0-5c5d-8592-fc644ca7928e,2022-05-01,-19525.68,-18907.98,-18907.98,-14132.696666666669,-19336.163502747237,-19342.702720452373,-19980.258564453125
2782e13a-16a0-5c5d-8592-fc644ca7928e,2022-06-01,-20741.99,-19525.68,-19525.68,-18822.52,-19966.719974404725,-19971.136855457014,-20928.522163085938
2782e13a-16a0-5c5d-8592-fc644ca7928e,2022-07-01,-21906.19,-20741.99,-20741.99,-19725.216666666664,-20951.215121418172,-20984.086319180595,-22008.665415039064
2782e13a-16a0-5c5d-8592-fc644ca7928e,2022-08-01,-23364.63,-21906.19,-21906.19,-20724.62,-22130.2250473792,-22160.776278602498,-22968.36248535156
2782e13a-16a0-5c5d-8592-fc644ca7928e,2022-09-01,-25982.08,-23364.63,-23364.63,-22004.27,-23643.406914781714,-23667.75422719389,-24488.409296875
2782e13a-16a0-5c5d-8592-fc644ca7928e,2022-10-01,-26251.52,-25982.08,-25982.08,-23750.96666666667,-26319.61989039899,-26335.304400445144,-26414.331129150392
2782e13a-16a0-5c5d-8592-fc644ca7928e,2022-11-01,-27283.27,-26251.52,-26251.52,-25199.410000000003,-26644.643312910102,-26652.985879180585,-27282.219340820313
2782e13a-16a0-5c5d-8592-fc644ca7928e,2022-12-01,-28193.46,-27283.27,-27283.27,-26505.623333333333,-27619.1856552859,-27634.701573280985,-28496.126689453125
2782e13a-16a0-5c5d-8592-fc644ca7928e,2023-01-01,-28187.42,-28193.46,-28193.46,-27242.75,-28534.148790786898,-28549.3180358142,-29286.33121582031
2782e13a-16a0-5c5d-8592-fc644ca7928e,2023-02-01,-31961.51,-28187.42,-28187.42,-27888.05,-28576.136014445772,-28585.008895192776,-29047.206499023436
2782e13a-16a0-5c5d-8592-fc644ca7928e,2023-03-01,-32053.48,-31961.51,-31961.51,-29447.46333333333,-32247.426356573164,-32268.74905935894,-31377.633291015623
2782e13a-16a0-5c5d-8592-fc644ca7928e,2023-04-01,-32719.87,-32053.48,-32053.48,-30734.13666666667,-32434.11023201406,-32442.58183901929,-32521.983448486328
2782e13a-16a0-5c5d-8592-fc644ca7928e,2023-05-01,-32802.45,-32719.87,-32719.87,-32244.953333333335,-33027.404117893144,-33045.10940683507,-33881.846074218745
2782e13a-16a0-5c5d-8592-fc644ca7928e,2023-06-01,-32861.98,-32802.45,-32802.45,-32525.266666666663,-33156.636036136486,-33168.63685494837,-33668.44865722656
2782e13a-16a0-5c5d-8592-fc644ca7928e,2023-07-01,-33468.74,-32861.98,-32861.98,-32794.76666666666,-33229.15185430505,-33239.7950152634,-33261.942860107425
2782e13a-16a0-5c5d-8592-fc644ca7928e,2023-08-01,-34346.69,-33468.74,-33468.74,-33044.39,-33803.09830297581,-33817.98531972032,-34283.303354492185
2782e13a-16a0-5c5d-8592-fc644ca7928e,2023-09-01,-36837.74,-34346.69,-34346.69,-33559.136666666665,-34665.874161000705,-34682.99233841217,-35311.89874023438
2782e13a-16a0-5c5d-8592-fc644ca7928e,2023-10-01,-36603.74,-36837.74,-36837.74,-34884.38999999999,-37085.75975923336,-37111.00024004048,-36141.00611328125
2782e13a-16a0-5c5d-8592-fc644ca7928e,2023-11-01,-37666.16,-36603.74,-36603.74,-35929.39,-36932.257081267424,-36946.77470825163,-36824.649698486326
2782e13a-16a0-5c5d-8592-fc644ca7928e,2023-12-01,-37582.87,-37666.16,-37666.16,-37035.88,-37911.37777615942,-37935.669364617606,-38845.54366699219
2782e13a-16a0-5c5d-8592-fc644ca7928e,2024-01-01,-37451.74,-37582.87,-37582.87,-37284.25666666666,-37832.51114242418,-37857.03909656988,-38350.77600585938
2782e13a-16a0-5c5d-8592-fc644ca7928e,2024-02-01,-41402.8,-37451.74,-37451.74,-37566.92333333333,-37734.483357944904,-37754.9889022445,-38094.08735107422
2782e13a-16a0-5c5d-8592-fc644ca7928e,2024-03-01,-42220.99,-41402.8,-41402.8,-38812.47,-41535.312340072574,-41574.34604221661,-41539.509579467776
2782e13a-16a0-5c5d-8592-fc644ca7928e,2024-04-01,-46423.42,-42220.99,-42220.99,-40358.51,-42420.96303792273,-42450.53834211874,-43327.55652832031
2782e13a-16a0-5c5d-8592-fc644ca7928e,2024-05-01,-47048.36,-46423.42,-46423.42,-43349.07,-46529.45090889696,-46565.83908750914,-47752.406328125
2782e13a-16a0-5c5d-8592-fc644ca7928e,2024-06-01,-48607.23,-47048.36,-47048.36,-45230.92333333333,-47128.55654871981,-47172.11405575321,-48485.68177734375
2782e13a-16a0-5c5d-8592-fc644ca7928e,2024-07-01,-50289.91,-48607.23,-48607.23,-47359.670000000006,-48625.02363516972,-48674.934402648694,-50226.54518554688
2782e13a-16a0-5c5d-8592-fc644ca7928e,2024-08-01,-48568.97,-50289.91,-50289.91,-48648.5,-50306.121162493335,-50355.27973400394,-51639.864711914066
2782e13a-16a0-5c5d-8592-fc644ca7928e,2024-09-01,-52176.26,-48568.97,-48568.97,-49155.37,-48671.61556603347,-48711.48016320679,-50805.161650390626
2782e13a-16a0-5c5d-8592-fc644ca7928e,2024-10-01,-57946.62,-52176.26,-52176.26,-50345.04666666667,-52111.5532400288,-52172.09455181941,-54339.75047851563
2782e13a-16a0-5c5d-8592-fc644ca7928e,2024-11-01,-64784.29,-57946.62,-57946.62,-52897.28333333333,-57797.481680868244,-57867.2225189061,-59850.472661132815
280f02ef-ca77-5c81-882f-49a041a82b5a,2022-01-01,-5642.99,,-13252.345000000001,-13252.345000000001,-599.9161128181978,-584.6049202465573,-976.0215454101562
280f02ef-ca77-5c81-882f-49a041a82b5a,2022-02-01,-3844.41,-5642.99,-5642.99,-5642.99,-6230.711856411209,-6219.793082323226,-6621.044016113281
280f02ef-ca77-5c81-882f-49a041a82b5a,2022-03-01,-7369.5,-3844.41,-3844.41,-4743.7,-4246.645058148569,-4260.424185651894,-5719.575893554687
280f02ef-ca77-5c81-882f-49a041a82b5a,2022-04-01,-8474.93,-7369.5,-7369.5,-5618.966666666667,-7907.705623573154,-7901.928371893249,-8926.85302734375
280f02ef-ca77-5c81-882f-49a041a82b5a,2022-05-01,-6520.23,-8474.93,-8474.93,-6562.946666666667,-9031.515212706132,-9025.684423306004,-9729.14533203125
280f02ef-ca77-5c81-882f-49a041a82b5a,2022-06-01,-9114.59,-6520.23,-6520.23,-7454.886666666666,-7100.750566097087,-7091.415039401478,-8791.972431640625
280f02ef-ca77-5c81-882f-49a041a82b5a,2022-07-01,-9116.97,-9114.59,-9114.59,-8036.583333333333,-9668.857282568044,-9660.174194171721,-9005.49340423584
280f02ef-ca77-5c81-882f-49a041a82b5a,2022-08-01,-7504.1,-9116.97,-9116.97,-8250.596666666666,-9695.214693459764,-9685.487245325998,-9249.213682861327
280f02ef-ca77-5c81-882f-49a041a82b5a,2022-09-01,-4185.57,-7504.1,-7504.1,-8578.553333333333,-8071.77655439913,-8062.725853942847,-7819.505731201172
280f02ef-ca77-5c81-882f-49a041a82b5a,2022-10-01,-2990.23,-4185.57,-4185.57,-6935.546666666666,-4961.998924018073,-4930.412346748506,-4534.496727294922
280f02ef-ca77-5c81-882f-49a041a82b5a,2022-11-01,-9385.55,-2990.23,-2990.23,-4893.3,-3735.634411414809,-3708.064837839115,-5003.76857421875
280f02ef-ca77-5c81-882f-49a041a82b5a,2022-12-01,-13554.86,-9385.55,-9385.55,-5520.45,-9799.993900632326,-9811.087782312703,-10446.002026367187
280f02ef-ca77-5c81-882f-49a041a82b5a,2023-01-01,-3722.27,-13554.86,-13554.86,-8643.546666666667,-13836.65834338248,-13863.130243547399,-13212.600051269532
280f02ef-ca77-5c81-882f-49a041a82b5a,2023-02-01,-9829.99,-3722.27,-3722.27,-8887.56,-4075.5004258933955,-4095.1858265094315,-4242.901408691407
280f02ef-ca77-5c81-882f-49a041a82b5a,2023-03-01,-11042.98,-9829.99,-9829.99,-9035.706666666667,-10311.70204039438,-10314.937905848154,-8979.8816015625
280f02ef-ca77-5c81-882f-49a041a82b5a,2023-04-01,-12514.32,-11042.98,-11042.98,-8198.413333333334,-11437.173569062688,-11450.820951817268,-11366.666431884765
280f02ef-ca77-5c81-882f-49a041a82b5a,2023-05-01,-7907.97,-12514.32,-12514.32,-11129.096666666666,-12904.471886190448,-12918.278864892924,-12432.446167297363
280f02ef-ca77-5c81-882f-49a041a82b5a,2023-06-01,-7150.45,-7907.97,-7907.97,-10488.423333333334,-8378.195155390285,-8383.749800462456,-7895.233991355896
280f02ef-ca77-5c81-882f-49a041a82b5a,2023-07-01,-10361.14,-7150.45,-7150.45,-9190.913333333332,-7640.899721379489,-7643.468915612565,-8789.752856445313
280f02ef-ca77-5c81-882f-49a041a82b5a,2023-08-01,-5498.15,-10361.14,-10361.14,-8473.186666666666,-10926.083463316023,-10918.941470257696,-9644.710739746093
280f02ef-ca77-5c81-882f-49a041a82b5a,2023-09-01,-6774.34,-5498.15,-5498.15,-7669.913333333333,-6186.9635758428385,-6167.330411594175,-6290.0435546875
280f02ef-ca77-5c81-882f-49a041a82b5a,2023-10-01,-3742.68,-6774.34,-6774.34,-7544.543333333332,-7445.246123479426,-7426.496224016339,-6465.950168457031
280f02ef-ca77-5c81-882f-49a041a82b5a,2023-11-01,-1934.46,-3742.68,-3742.68,-5338.39,-4562.822368413253,-4525.228021827925,-5036.190009765625
280f02ef-ca77-5c81-882f-49a041a82b5a,2023-12-01,-4266.32,-1934.46,-1934.46,-4150.493333333333,-2801.211998209219,-2757.3384832551747,-3463.1855859375
280f02ef-ca77-5c81-882f-49a041a82b5a,2024-01-01,-6760.06,-4266.32,-4266.32,-3314.486666666666,-4947.117764820695,-4927.298749794866,-5140.469047851562
280f02ef-ca77-5c81-882f-49a041a82b5a,2024-02-01,-12071.86,-6760.06,-6760.06,-4320.28,-7398.684453757041,-7387.727842184997,-7361.427614746094
280f02ef-ca77-5c81-882f-49a041a82b5a,2024-03-01,-10295.53,-12071.86,-12071.86,-7699.413333333334,-12634.67129358804,-12630.979943941258,-11687.564895019532
280f02ef-ca77-5c81-882f-49a041a82b5a,2024-04-01,-11342.42,-10295.53,-10295.53,-9709.15,-10799.941565778296,-10801.078244864666,-11420.942719726563
280f02ef-ca77-5c81-882f-49a041a82b5a,2024-05-01,-9082.54,-11342.42,-11342.42,-11236.603333333333,-11842.121266340979,-11842.169036910545,-10836.93968383789
280f02ef-ca77-5c81-882f-49a041a82b5a,2024-06-01,-7466.78,-9082.54,-9082.54,-10240.163333333332,-9212.321477408934,-9260.40534993669,-8886.791998901368
280f02ef-ca77-5c81-882f-49a041a82b5a,2024-07-01,-15668.54,-7466.78,-7466.78,-9297.246666666666,-8019.271823030573,-8013.351871598058,-8362.125825195311
280f02ef-ca77-5c81-882f-49a041a82b5a,2024-08-01,1042.0,-15668.54,-15668.54,-10739.286666666667,-15986.785306043485,-16005.830942549217,-15198.963065185548
280f02ef-ca77-5c81-882f-49a041a82b5a,2024-09-01,12978.03,1042.0,1042.0,-7364.44,438.74830728046913,442.96383713046225,1423.8539123535156
280f02ef-ca77-5c81-882f-49a041a82b5a,2024-10-01,-6925.64,12978.03,12978.03,-549.5033333333334,12438.1770312411,12425.781997218786,10810.56662109375
280f02ef-ca77-5c81-882f-49a041a82b5a,2024-11-01,-5336.9,-6925.64,-6925.64,2364.7966666666666,-6995.216993920902,-7063.989623486572,-6425.617447509766
2a0d1f59-b549-5509-b15b-f80383b1bb76,2022-01-01,-8819.37,,-13252.345000000001,-13252.345000000001,-599.9161128181978,-584.6049202465573,-976.0215454101562
2a0d1f59-b549-5509-b15b-f80383b1bb76,2022-02-01,-6829.97,-8819.37,-8819.37,-8819.37,-9373.212741429596,-9366.704555540324,-9931.865727539063
2a0d1f59-b549-5509-b15b-f80383b1bb76,2022-03-01,-8159.5,-6829.97,-6829.97,-7824.67,-7265.088647818737,-7274.199128300951,-8880.864531250001
2a0d1f59-b549-5509-b15b-f80383b1bb76,2022-04-01,-10609.11,-8159.5,-8159.5,-7936.280000000002,-8787.34024805925,-8768.83146573494,-9457.84130859375
2a0d1f59-b549-5509-b15b-f80383b1bb76,2022-05-01,-9913.76,-10609.11,-10609.11,-8532.86,-11224.197979791641,-11207.614563744142,-11463.645034179688
2a0d1f59-b549-5509-b15b-f80383b1bb76,2022-06-01,-5773.62,-9913.76,-9913.76,-9560.79,-10515.786115157438,-10503.41396930729,-9916.364911327362
2a0d1f59-b549-5509-b15b-f80383b1bb76,2022-07-01,-7947.36,-5773.62,-5773.62,-8765.496666666668,-6345.185355447083,-6338.847046067493,-5708.179951782226
2a0d1f59-b549-5509-b15b-f80383b1bb76,2022-08-01,-5895.16,-7947.36,-7947.36,-7878.246666666666,-8537.200586612238,-8527.366350582464,-7297.462416992187
2a0d1f59-b549-5509-b15b-f80383b1bb76,2022-09-01,-7828.76,-5895.16,-5895.16,-6538.713333333333,-6631.755736104489,-6604.371727786129,-7182.485073242187
2a0d1f59-b549-5509-b15b-f80383b1bb76,2022-10-01,-6962.57,-7828.76,-7828.76,-7223.759999999999,-8321.042214986897,-8324.22155375366,-6832.944814453125
2a0d1f59-b549-5509-b15b-f80383b1bb76,2022-11-01,-7196.41,-6962.57,-6962.57,-6895.496666666666,-7688.740650582353,-7662.145860176986,-6778.232689208984
2a0d1f59-b549-5509-b15b-f80383b1bb76,2022-12-01,-5271.24,-7196.41,-7196.41,-7329.246666666666,-7773.501253275557,-7765.366864140956,-6954.441448364258
2a0d1f59-b549-5509-b15b-f80383b1bb76,2023-01-01,-3009.93,-5271.24,-5271.24,-6476.740000000001,-5937.17768801752,-5917.953871490792,-5542.838541259765
2a0d1f59-b549-5509-b15b-f80383b1bb76,2023-02-01,-3209.29,-3009.93,-3009.93,-5159.193333333334,-3664.695849705526,-3647.602291807639,-3893.395148925781
2a0d1f59-b549-5509-b15b-f80383b1bb76,2023-03-01,-2674.24,-3209.29,-3209.29,-3830.153333333333,-3738.705444495181,-3737.9345215247363,-3557.8045568847656
2a0d1f59-b549-5509-b15b-f80383b1bb76,2023-04-01,-3707.12,-2674.24,-2674.24,-2964.486666666666,-3438.903437527135,-3409.402250102567,-3065.3451940917967
2a0d1f59-b549-5509-b15b-f80383b1bb76,2023-05-01,-6106.27,-3707.12,-3707.12,-3196.883333333333,-4406.588953163836,-4385.602231307572,-3600.745679016113
2a0d1f59-b549-5509-b15b-f80383b1bb76,2023-06-01,-3508.43,-6106.27,-6106.27,-4162.543333333333,-6564.783941694847,-6574.128175710171,-5381.077189941407
2a0d1f59-b549-5509-b15b-f80383b1bb76,2023-07-01,-2947.93,-3508.43,-3508.43,-4440.606666666667,-3966.517804818064,-3976.285919241872,-3349.5033642578123
2a0d1f59-b549-5509-b15b-f80383b1bb76,2023-08-01,-2639.82,-2947.93,-2947.93,-4187.543333333334,-3543.906627223606,-3535.0975371872128,-2945.4334787654875
2a0d1f59-b549-5509-b15b-f80383b1bb76,2023-09-01,-3548.75,-2639.82,-2639.82,-3032.06,-3379.9127909296394,-3355.374005350132,-2912.3149340820314
2a0d1f59-b549-5509-b15b-f80383b1bb76,2023-10-01,-3660.0,-3548.75,-3548.75,-3045.5,-4057.6720671259695,-4059.941040890214,-2951.485595703125
2a0d1f59-b549-5509-b15b-f80383b1bb76,2023-11-01,-2663.43,-3660.0,-3660.0,-3282.8566666666666,-4299.832041303681,-4284.503204092541,-3202.96484375
2a0d1f59-b549-5509-b15b-f80383b1bb76,2023-12-01,-2558.06,-2663.43,-2663.43,-3290.726666666667,-3346.0990106829213,-3326.3290250563186,-2367.141517333984
2a0d1f59-b549-5509-b15b-f80383b1bb76,2024-01-01,-3683.82,-2558.06,-2558.06,-2960.4966666666664,-3117.277244910232,-3114.149132831956,-2305.3675408935546
2a0d1f59-b549-5509-b15b-f80383b1bb76,2024-02-01,-3040.48,-3683.82,-3683.82,-2968.4366666666665,-4226.424897981653,-4224.972626472036,-3035.496452636719
2a0d1f59-b549-5509-b15b-f80383b1bb76,2024-03-01,-2687.36,-3040.48,-3040.48,-3094.1200000000003,-3611.035180934011,-3603.9715146920935,-2695.815205078125
2a0d1f59-b549-5509-b15b-f80383b1bb76,2024-04-01,-2694.34,-2687.36,-2687.36,-3137.22,-3327.43073503997,-3312.9743432628693,-2573.188758239746
2a0d1f59-b549-5509-b15b-f80383b1bb76,2024-05-01,-2593.26,-2694.34,-2694.34,-2807.3933333333334,-3371.9589855610816,-3353.1357556490175,-2496.85872253418
2a0d1f59-b549-5509-b15b-f80383b1bb76,2024-06-01,-2310.37,-2593.26,-2593.26,-2658.32,-3252.602059103273,-3236.3969597183263,-2623.556979904175
2a0d1f59-b549-5509-b15b-f80383b1bb76,2024-07-01,-2672.43,-2310.37,-2310.37,-2532.6566666666668,-3044.1398989117547,-3017.5700454035946,-2299.494074935913
2a0d1f59-b549-5509-b15b-f80383b1bb76,2024-08-01,-4456.62,-2672.43,-2672.43,-2525.353333333333,-3331.85280634899,-3316.6910524260506,-2642.505536727905
2a0d1f59-b549-5509-b15b-f80383b1bb76,2024-09-01,-6481.4,-4456.62,-4456.62,-3146.473333333333,-5132.054496941082,-5114.410639084579,-4830.9175158691405
2a0d1f59-b549-5509-b15b-f80383b1bb76,2024-10-01,-5931.98,-6481.4,-6481.4,-4536.816666666667,-6925.525096527864,-6935.434652453667,-6057.133520507812
2a0d1f59-b549-5509-b15b-f80383b1bb76,2024-11-01,-13989.5,-5931.98,-5931.98,-5623.333333333333,-6361.197416757095,-6371.911304210773,-6747.665241699218
2a7285f3-2f90-5122-982b-2043317f7668,2022-01-01,-3995.51,,-13252.345000000001,-13252.345000000001,-599.9161128181978,-584.6049202465573,-976.0215454101562
2a7285f3-2f90-5122-982b-2043317f7668,2022-02-01,-6738.37,-3995.51,-3995.51,-3995.51,-4510.43226856309,-4508.698092131419,-5856.245595703125
2a7285f3-2f90-5122-982b-2043317f7668,2022-03-01,-6774.62,-6738.37,-6738.37,-5366.9400000000005,-7292.811406569857,-7285.043402694872,-8671.966923828124
2a7285f3-2f90-5122-982b-2043317f7668,2022-04-01,-8790.66,-6774.62,-6774.62,-5836.166666666667,-7387.630329118467,-7372.777014642536,-8331.089116210936
2a7285f3-2f90-5122-982b-2043317f7668,2022-05-01,-12831.28,-8790.66,-8790.66,-7434.549999999999,-9369.928726402932,-9359.25825291906,-10062.032436523437
2a7285f3-2f90-5122-982b-2043317f7668,2022-06-01,-28592.38,-12831.28,-12831.28,-9465.52,-13342.05363329419,-13338.034121034934,-16226.127900390626
2a7285f3-2f90-5122-982b-2043317f7668,2022-07-01,-41018.97,-28592.38,-28592.38,-16738.10666666667,-28342.03651339515,-28433.13765664679,-32482.424921875
2a7285f3-2f90-5122-982b-2043317f7668,2022-08-01,-44440.12,-41018.97,-41018.97,-27480.876666666667,-40675.73361902366,-40771.76171723886,-44510.897001953126
2a7285f3-2f90-5122-982b-2043317f7668,2022-09-01,-45398.27,-44440.12,-44440.12,-38017.15666666667,-44308.44519780666,-44372.28982906058,-46191.727055664065
2a7285f3-2f90-5122-982b-2043317f7668,2022-10-01,-47792.18,-45398.27,-45398.27,-43619.12,-45249.34494671325,-45318.49077673386,-46628.363627929684
2a7285f3-2f90-5122-982b-2043317f7668,2022-11-01,-51304.95,-47792.18,-47792.18,-45876.85666666667,-47616.3156805093,-47689.18236679321,-49957.843330078125
2a7285f3-2f90-5122-982b-2043317f7668,2022-12-01,-56027.31,-51304.95,-51304.95,-48165.13333333333,-51235.04371126935,-51293.61579279483,-53577.4587890625
2a7285f3-2f90-5122-982b-2043317f7668,2023-01-01,-57713.02,-56027.31,-56027.31,-51708.14666666667,-55945.092736914274,-56005.41722390485,-57607.63641601562
2a7285f3-2f90-5122-982b-2043317f7668,2023-02-01,-59415.84,-57713.02,-57713.02,-55015.09333333332,-57765.4184476377,-57809.135151181974,-58454.810405273434
2a7285f3-2f90-5122-982b-2043317f7668,2023-03-01,-62746.57,-59415.84,-59415.84,-57718.72333333333,-59404.35792281555,-59456.53542709602,-59978.69070800781
2a7285f3-2f90-5122-982b-2043317f7668,2023-04-01,-67313.71,-62746.57,-62746.57,-59958.47666666666,-62699.04850056066,-62753.31359359053,-64089.413017578125
2a7285f3-2f90-5122-982b-2043317f7668,2023-05-01,-69184.79,-67313.71,-67313.71,-63158.706666666665,-67172.98639205714,-67236.65542592078,-69660.94754882813
2a7285f3-2f90-5122-982b-2043317f7668,2023-06-01,-73761.8,-69184.79,-69184.79,-66415.02333333333,-69051.713633669,-69115.01799505466,-71867.83174804687
2a7285f3-2f90-5122-982b-2043317f7668,2023-07-01,-78276.63,-73761.8,-73761.8,-70086.76666666666,-73478.65861939167,-73560.99583880426,-76432.30634765625
2a7285f3-2f90-5122-982b-2043317f7668,2023-08-01,-79285.47,-78276.63,-78276.63,-73741.07333333332,-77971.13200755627,-78054.59493439914,-80449.99669921875
2a7285f3-2f90-5122-982b-2043317f7668,2023-09-01,-81442.95,-79285.47,-79285.47,-77107.96666666667,-79036.45651452786,-79111.59825375618,-80698.1653125
2a7285f3-2f90-5122-982b-2043317f7668,2023-10-01,-82278.8,-81442.95,-81442.95,-79668.34999999999,-81180.94603272017,-81256.7430810236,-82973.10124511718
2a7285f3-2f90-5122-982b-2043317f7668,2023-11-01,-85480.93,-82278.8,-82278.8,-81002.40666666666,-82072.01027713032,-82140.78209797195,-84083.01984863282
2a7285f3-2f90-5122-982b-2043317f7668,2023-12-01,-86804.6,-85480.93,-85480.93,-83067.56,-85176.7615053299,-85257.24959065577,-86892.21002929687
2a7285f3-2f90-5122-982b-2043317f7668,2024-01-01,-85827.82,-86804.6,-86804.6,-84854.77666666667,-86540.08875708494,-86614.67982616107,-87221.4739013672
2a7285f3-2f90-5122-982b-2043317f7668,2024-02-01,-86467.58,-85827.82,-85827.82,-86037.78333333334,-85597.30173498201,-85670.38984865333,-86261.15978271485
2a7285f3-2f90-5122-982b-2043317f7668,2024-03-01,-85153.39,-86467.58,-86467.58,-86366.66666666667,-86221.01140889738,-86296.19301291848,-86491.03302963257
2a7285f3-2f90-5122-982b-2043317f7668,2024-04-01,-84302.03,-85153.39,-85153.39,-85816.26333333334,-84983.76976187833,-85050.23069415447,-85377.55665649414
2a7285f3-2f90-5122-982b-2043317f7668,2024-05-01,-83737.68,-84302.03,-84302.03,-85307.66666666667,-84127.28697287038,-84196.59203725903,-84154.89544799805
2a7285f3-2f90-5122-982b-2043317f7668,2024-06-01,-83172.09,-83737.68,-83737.68,-84397.7,-83609.13787812467,-83671.17381081771,-84318.06592529296
2a7285f3-2f90-5122-982b-2043317f7668,2024-07-01,-97092.47,-83172.09,-83172.09,-83737.26666666666,-83144.69572982543,-83193.5134750101,-84416.87979492187
2a7285f3-2f90-5122-982b-2043317f7668,2024-08-01,-116161.88,-97092.47,-97092.47,-88000.74666666666,-96480.79719890752,-96600.98529584253,-100159.31448242188
2a7285f3-2f90-5122-982b-2043317f7668,2024-09-01,-130802.48,-116161.88,-116161.88,-98808.81333333334,-115079.8073980357,-115253.50750925892,-118456.22887695313
2a7285f3-2f90-5122-982b-2043317f7668,2024-10-01,-140106.13,-130802.48,-130802.48,-114685.60999999999,-129553.93941054569,-129739.32268408948,-132381.12416503904
2a7285f3-2f90-5122-982b-2043317f7668,2024-11-01,-144663.54,-140106.13,-140106.13,-129023.49666666666,-138724.7104873524,-138921.25425910042,-140700.7653149414
2c9204d5-ffd8-5130-9221-66e04923e56f,2022-01-01,-3115.93,,-13252.345000000001,-13252.345000000001,-599.9161128181978,-584.6049202465573,-976.0215454101562
2c9204d5-ffd8-5130-9221-66e04923e56f,2022-02-01,-3187.35,-3115.93,-3115.93,-3115.93,-3694.8286169246558,-3683.8265583972297,-4139.1886059570315
2c9204d5-ffd8-5130-9221-66e04923e56f,2022-03-01,-4566.52,-3187.35,-3187.35,-3151.64,-3787.173400188046,-3774.0378571455553,-4562.61318359375
2c9204d5-ffd8-5130-9221-66e04923e56f,2022-04-01,-3795.48,-4566.52,-4566.52,-3623.266666666667,-5231.122228895943,-5210.024326216299,-5131.682780761719
2c9204d5-ffd8-5130-9221-66e04923e56f,2022-05-01,-3437.06,-3795.48,-3795.48,-3849.7833333333333,-4472.945232980124,-4450.455773797283,-4252.805164794921
2c9204d5-ffd8-5130-9221-66e04923e56f,2022-06-01,-3985.49,-3437.06,-3437.06,-3933.0200000000004,-4068.765814800575,-4052.193027318529,-3941.4710412597656
2c9204d5-ffd8-5130-9221-66e04923e56f,2022-07-01,-3595.62,-3985.49,-3985.49,-3739.343333333333,-4662.672357211611,-4639.292424618935,-3902.355585327148
2c9204d5-ffd8-5130-9221-66e04923e56f,2022-08-01,-4187.06,-3595.62,-3595.62,-3672.7233333333334,-4341.657175878158,-4310.269525963764,-3541.960492248535
2c9204d5-ffd8-5130-9221-66e04923e56f,2022-09-01,-3773.28,-4187.06,-4187.06,-3922.7233333333334,-4920.853629764322,-4891.374873102933,-4183.9206290817265
2c9204d5-ffd8-5130-9221-66e04923e56f,2022-10-01,-4912.41,-3773.28,-3773.28,-3851.986666666666,-4494.172954678707,-4467.01385228208,-3666.0902188110354
2c9204d5-ffd8-5130-9221-66e04923e56f,2022-11-01,-3422.0,-4912.41,-4912.41,-4290.916666666667,-5490.999655484959,-5481.754706405241,-4577.457119140625
2c9204d5-ffd8-5130-9221-66e04923e56f,2022-12-01,-237.83,-3422.0,-3422.0,-4035.896666666667,-4168.046412652503,-4137.329038983816,-3203.2926177978516
2c9204d5-ffd8-5130-9221-66e04923e56f,2023-01-01,-4057.72,-237.83,-237.83,-2857.4133333333334,-968.1230380306291,-941.3302348421242,-1488.410810546875
2c9204d5-ffd8-5130-9221-66e04923e56f,2023-02-01,-4280.53,-4057.72,-4057.72,-2572.516666666667,-4537.791728236101,-4542.476602195336,-4213.679915161132
2c9204d5-ffd8-5130-9221-66e04923e56f,2023-03-01,-4462.27,-4280.53,-4280.53,-2858.693333333333,-4812.27767429452,-4809.742325748681,-4461.877610473633
2c9204d5-ffd8-5130-9221-66e04923e56f,2023-04-01,-4684.67,-4462.27,-4462.27,-4266.839999999999,-4971.12417240206,-4970.071526620515,-4563.45051147461
2c9204d5-ffd8-5130-9221-66e04923e56f,2023-05-01,-4716.15,-4684.67,-4684.67,-4475.823333333334,-5195.185597140915,-5194.656151041556,-4851.460557861328
2c9204d5-ffd8-5130-9221-66e04923e56f,2023-06-01,-4349.01,-4716.15,-4716.15,-4621.03,-5229.451327028551,-5227.176576082827,-5009.054479980468
2c9204d5-ffd8-5130-9221-66e04923e56f,2023-07-01,-3731.08,-4349.01,-4349.01,-4583.276666666667,-4935.250670499391,-4923.154888966373,-4733.247518310547
2c9204d5-ffd8-5130-9221-66e04923e56f,2023-08-01,-5074.81,-3731.08,-3731.08,-4265.413333333333,-4371.873409934243,-4353.753996637357,-4065.814161376953
2c9204d5-ffd8-5130-9221-66e04923e56f,2023-09-01,-3445.96,-5074.81,-5074.81,-4384.966666666666,-5725.052867643306,-5704.943608257849,-4695.53250366211
2c9204d5-ffd8-5130-9221-66e04923e56f,2023-10-01,-3043.71,-3445.96,-3445.96,-4083.9500000000003,-4129.260611040119,-4106.619023625721,-3313.362099609375
2c9204d5-ffd8-5130-9221-66e04923e56f,2023-11-01,-3698.9,-3043.71,-3043.71,-3854.8266666666664,-3739.440552228565,-3715.647900913693,-3101.9096879577637
2c9204d5-ffd8-5130-9221-66e04923e56f,2023-12-01,-1606.94,-3698.9,-3698.9,-3396.19,-4372.588163133674,-4352.2325952748,-3298.1119750976563
2c9204d5-ffd8-5130-9221-66e04923e56f,2024-01-01,-3073.99,-1606.94,-1606.94,-2783.183333333333,-2403.831800604523,-2369.572390023264,-2013.521024169922
2c9204d5-ffd8-5130-9221-66e04923e56f,2024-02-01,-2486.7,-3073.99,-3073.99,-2793.2766666666666,-3862.6548880042137,-3829.143408215775,-2993.7021505737303
2c9204d5-ffd8-5130-9221-66e04923e56f,2024-03-01,-2061.7,-2486.7,-2486.7,-2389.2099999999996,-3269.5053162914746,-3236.5924485803093,-2854.748370361328
2c9204d5-ffd8-5130-9221-66e04923e56f,2024-04-01,-2343.4,-2061.7,-2061.7,-2540.7966666666666,-2811.0432890387124,-2782.4771977909572,-2245.138049316406
2c9204d5-ffd8-5130-9221-66e04923e56f,2024-05-01,-2765.11,-2343.4,-2343.4,-2297.266666666667,-3027.914718273865,-3007.7086419971693,-2590.09482421875
2c9204d5-ffd8-5130-9221-66e04923e56f,2024-06-01,-3145.24,-2765.11,-2765.11,-2390.07,-3439.7791206472675,-3420.652432388573,-2961.778884277344
2c9204d5-ffd8-5130-9221-66e04923e56f,2024-07-01,100840.48,-3145.24,-3145.24,-2751.25,-3789.425625563629,-3772.4780518888,-2925.7247564697263
2c9204d5-ffd8-5130-9221-66e04923e56f,2024-08-01,70960.34,100840.48,100840.48,31643.376666666663,99307.12240671014,99400.9426726047,98934.64564941406
2c9204d5-ffd8-5130-9221-66e04923e56f,2024-09-01,75167.3,70960.34,70960.34,56218.52666666667,69645.21358373624,69723.47618188473,73736.67374023437
2c9204d5-ffd8-5130-9221-66e04923e56f,2024-10-01,335035.9,75167.3,75167.3,82322.70666666667,73341.65837856157,73473.66033397216,77799.3322265625
2c9204d5-ffd8-5130-9221-66e04923e56f,2024-11-01,374475.37,335035.9,335035.9,160387.84666666668,327557.78918881563,328270.55691411556,336789.6564697266
2eb190a6-91e5-52e3-876c-75ea074ea980,2022-01-01,-3232.07,,-13252.345000000001,-13252.345000000001,-599.9161128181978,-584.6049202465573,-976.0215454101562
2eb190a6-91e5-52e3-876c-75ea074ea980,2022-02-01,-3274.25,-3232.07,-3232.07,-3232.07,-3776.31087778119,-3768.992972691679,-4646.957084960937
2eb190a6-91e5-52e3-876c-75ea074ea980,2022-03-01,-4036.45,-3274.25,-3274.25,-3253.16,-3947.7014311646735,-3922.5671702405157,-5156.3184814453125
2eb190a6-91e5-52e3-876c-75ea074ea980,2022-04-01,-4034.35,-4036.45,-4036.45,-3514.2566666666667,-4660.838084297456,-4643.930146142107,-5333.427783203125
2eb190a6-91e5-52e3-876c-75ea074ea980,2022-05-01,-5533.68,-4034.35,-4034.35,-3781.683333333333,-4714.482193519338,-4690.637549690716,-4586.581811523438
2eb190a6-91e5-52e3-876c-75ea074ea980,2022-06-01,-6545.98,-5533.68,-5533.68,-4534.826666666667,-6140.648022032991,-6125.498264256748,-7203.267158203125
2eb190a6-91e5-52e3-876c-75ea074ea980,2022-07-01,-10537.05,-6545.98,-6545.98,-5371.336666666667,-7089.896641827968,-7082.379029828937,-7231.162189941406
2eb190a6-91e5-52e3-876c-75ea074ea980,2022-08-01,-12075.16,-10537.05,-10537.05,-7538.903333333333,-10796.745827878756,-10822.66509644616,-11800.579418945312
2eb190a6-91e5-52e3-876c-75ea074ea980,2022-09-01,-9900.62,-12075.16,-12075.16,-9719.396666666666,-12370.326183094203,-12391.992144559024,-12443.677333984375
2eb190a6-91e5-52e3-876c-75ea074ea980,2022-10-01,-10736.51,-9900.62,-9900.62,-10837.609999999999,-10332.901371604881,-10337.333966647062,-10110.822194213868
2eb190a6-91e5-52e3-876c-75ea074ea980,2022-11-01,-12346.65,-10736.51,-10736.51,-10904.096666666666,-11191.204729339368,-11193.86976387836,-11154.833455810547
2eb190a6-91e5-52e3-876c-75ea074ea980,2022-12-01,-3598.66,-12346.65,-12346.65,-10994.593333333332,-12776.223808637795,-12781.772317055067,-12226.08221282959
2eb190a6-91e5-52e3-876c-75ea074ea980,2023-01-01,-5238.72,-3598.66,-3598.66,-8893.94,-4193.3649064182155,-4185.567237189355,-4015.3842431640624
2eb190a6-91e5-52e3-876c-75ea074ea980,2023-02-01,-4533.63,-5238.72,-5238.72,-7061.343333333333,-5889.811996657595,-5874.3761018186215,-5341.771063537598
2eb190a6-91e5-52e3-876c-75ea074ea980,2023-03-01,-8820.52,-4533.63,-4533.63,-4457.003333333333,-5326.856737350165,-5292.832922148425,-6808.96251953125
2eb190a6-91e5-52e3-876c-75ea074ea980,2023-04-01,-8720.1,-8820.52,-8820.52,-6197.623333333334,-9068.01132501435,-9101.62722998036,-9124.317149658204
2eb190a6-91e5-52e3-876c-75ea074ea980,2023-05-01,-8405.73,-8720.1,-8720.1,-7358.083333333335,-9185.322291602613,-9190.55936468165,-8933.386499023438
2eb190a6-91e5-52e3-876c-75ea074ea980,2023-06-01,-12695.55,-8405.73,-8405.73,-8648.783333333335,-8854.672928894903,-8861.598078709276,-8866.652637939453
2eb190a6-91e5-52e3-876c-75ea074ea980,2023-07-01,-15062.83,-12695.55,-12695.55,-9940.46,-12916.822329071232,-12950.34907909016,-11445.491772460937
2eb190a6-91e5-52e3-876c-75ea074ea980,2023-08-01,-14593.42,-15062.83,-15062.83,-12054.703333333333,-15425.111088075491,-15436.985150172999,-14671.629377441406
2eb190a6-91e5-52e3-876c-75ea074ea980,2023-09-01,-13253.87,-14593.42,-14593.42,-14117.266666666668,-14990.875006450064,-15001.556768351185,-14701.582551879883
2eb190a6-91e5-52e3-876c-75ea074ea980,2023-10-01,-11569.12,-13253.87,-13253.87,-14303.373333333335,-13717.112634386305,-13719.875254482824,-12698.79840576172
2eb190a6-91e5-52e3-876c-75ea074ea980,2023-11-01,-16215.59,-11569.12,-11569.12,-13138.803333333335,-12089.295676729653,-12086.49357758088,-11863.566594238282
2eb190a6-91e5-52e3-876c-75ea074ea980,2023-12-01,-4211.7,-16215.59,-16215.59,-13679.526666666667,-16551.71949318008,-16572.29550051673,-14310.31900390625
2eb190a6-91e5-52e3-876c-75ea074ea980,2024-01-01,-5530.04,-4211.7,-4211.7,-10665.470000000001,-5001.106576026293,-4969.867546600367,-5028.657946777344
2eb190a6-91e5-52e3-876c-75ea074ea980,2024-02-01,-5131.94,-5530.04,-5530.04,-8652.443333333335,-6211.523974710829,-6193.1895314872945,-6037.021109619141
2eb190a6-91e5-52e3-876c-75ea074ea980,2024-03-01,-5549.31,-5131.94,-5131.94,-4957.893333333333,-5900.426262471755,-5872.285083247061,-6329.961606445312
2eb190a6-91e5-52e3-876c-75ea074ea980,2024-04-01,-6546.86,-5549.31,-5549.31,-5403.763333333333,-6169.073561429101,-6156.337180179369,-6356.105288085938
2eb190a6-91e5-52e3-876c-75ea074ea980,2024-05-01,-7544.42,-6546.86,-6546.86,-5742.703333333334,-7120.80343164206,-7113.149966704403,-7167.457961425781
2eb190a6-91e5-52e3-876c-75ea074ea980,2024-06-01,-9005.1,-7544.42,-7544.42,-6546.863333333334,-8111.001231509792,-8103.888657874586,-7881.469041748047
2eb190a6-91e5-52e3-876c-75ea074ea980,2024-07-01,-16300.71,-9005.1,-9005.1,-7698.793333333334,-9523.706520506357,-9519.212737344113,-9922.101220703125
2eb190a6-91e5-52e3-876c-75ea074ea980,2024-08-01,-19904.73,-16300.71,-16300.71,-10950.076666666666,-16619.40978221778,-16640.378073741656,-16621.181130371093
2eb190a6-91e5-52e3-876c-75ea074ea980,2024-09-01,-10590.86,-19904.73,-19904.73,-15070.18,-20123.561058868818,-20153.442436551806,-20470.945942382812
2eb190a6-91e5-52e3-876c-75ea074ea980,2024-10-01,69.35,-10590.86,-10590.86,-15598.766666666668,-10916.14206893123,-10937.863343392832,-11622.094375
2eb190a6-91e5-52e3-876c-75ea074ea980,2024-11-01,8984.24,69.35,69.35,-10142.08,-640.473302428677,-622.4546189791128,-479.5013793945312
2f7cc9d2-945b-5206-b257-323705163d78,2022-01-01,111.5,,-13252.345000000001,-13252.345000000001,-599.9161128181978,-584.6049202465573,-976.0215454101562
2f7cc9d2-945b-5206-b257-323705163d78,2022-02-01,-2193.83,111.5,111.5,111.5,-518.0719373995857,-500.8085908665779,-931.9114990234375
2f7cc9d2-945b-5206-b257-323705163d78,2022-03-01,-4557.63,-2193.83,-2193.83,-1041.165,-2741.859895017367,-2735.065296849011,-4887.036787109375
2f7cc9d2-945b-5206-b257-323705163d78,2022-04-01,-7811.76,-4557.63,-4557.63,-2213.32,-5138.177256362602,-5128.950440064468,-6383.4659375
2f7cc9d2-945b-5206-b257-323705163d78,2022-05-01,-10252.1,-7811.76,-7811.76,-4854.406666666667,-8337.216418338436,-8333.111489888894,-9511.599599609375
2f7cc9d2-945b-5206-b257-323705163d78,2022-06-01,-12190.41,-10252.1,-10252.1,-7540.496666666667,-10738.781704544268,-10738.481615472336,-12159.30654296875
2f7cc9d2-945b-5206-b257-323705163d78,2022-07-01,-14765.47,-12190.41,-12190.41,-10084.756666666668,-12456.06426828044,-12483.673149559027,-13608.628994140625
2f7cc9d2-945b-5206-b257-323705163d78,2022-08-01,-16580.1,-14765.47,-14765.47,-12402.659999999998,-15018.72333503404,-15044.889537331866,-16178.244047851562
2f7cc9d2-945b-5206-b257-323705163d78,2022-09-01,-15665.88,-16580.1,-16580.1,-14511.993333333332,-16847.815489764373,-16871.133130779228,-17830.2103515625
2f7cc9d2-945b-5206-b257-323705163d78,2022-10-01,-16228.23,-15665.88,-15665.88,-15670.483333333332,-16097.86327348517,-16101.820363376237,-15788.913226013183
2f7cc9d2-945b-5206-b257-323705163d78,2022-11-01,-16880.72,-16228.23,-16228.23,-16158.07,-16664.078815907807,-16667.39954969099,-16716.310108642578
2f7cc9d2-945b-5206-b257-323705163d78,2022-12-01,-17476.14,-16880.72,-16880.72,-16258.276666666665,-17367.147402942956,-17365.151325595463,-17184.928587646486
2f7cc9d2-945b-5206-b257-323705163d78,2023-01-01,-16926.04,-17476.14,-17476.14,-16861.696666666667,-17935.41655264306,-17937.44648162172,-17497.048763885497
2f7cc9d2-945b-5206-b257-323705163d78,2023-02-01,-15572.27,-16926.04,-16926.04,-17094.3,-17484.590202100113,-17474.650917620096,-16708.935767211915
2f7cc9d2-945b-5206-b257-323705163d78,2023-03-01,-15179.02,-15572.27,-15572.27,-16658.149999999998,-16275.999003144334,-16249.07014822656,-15614.887778778077
2f7cc9d2-945b-5206-b257-323705163d78,2023-04-01,-16800.52,-15179.02,-15179.02,-15892.443333333335,-15840.83204033031,-15819.490431915168,-15878.653605957032
2f7cc9d2-945b-5206-b257-323705163d78,2023-05-01,-16567.58,-16800.52,-16800.52,-15850.603333333333,-17371.469384768334,-17361.214026392743,-16390.41797973633
2f7cc9d2-945b-5206-b257-323705163d78,2023-06-01,-17308.93,-16567.58,-16567.58,-16182.373333333337,-17151.754911987813,-17139.707813661895,-16585.31040390015
2f7cc9d2-945b-5206-b257-323705163d78,2023-07-01,-17687.13,-17308.93,-17308.93,-16892.343333333334,-17863.335269842835,-17854.565365091436,-16993.351112060547
2f7cc9d2-945b-5206-b257-323705163d78,2023-08-01,-16830.66,-17687.13,-17687.13,-17187.88,-18190.44614925729,-18187.373918166926,-17731.270102386476
2f7cc9d2-945b-5206-b257-323705163d78,2023-09-01,-16724.45,-16830.66,-16830.66,-17275.573333333334,-17404.248916123644,-17392.10926448598,-16712.681865844726
2f7cc9d2-945b-5206-b257-323705163d78,2023-10-01,-16635.24,-16724.45,-16724.45,-17080.74666666667,-17219.13163730026,-17218.009790962376,-16703.72526855469
2f7cc9d2-945b-5206-b257-323705163d78,2023-11-01,-16828.09,-16635.24,-16635.24,-16730.11666666667,-17198.760162221035,-17189.608937604346,-16784.46724914551
2f7cc9d2-945b-5206-b257-323705163d78,2023-12-01,-16956.54,-16828.09,-16828.09,-16729.26,-17407.891414232465,-17395.348006877088,-16797.63256248474
2f7cc9d2-945b-5206-b257-323705163d78,2024-01-01,-16080.72,-16956.54,-16956.54,-16806.623333333337,-17495.82299367641,-17489.19407328561,-16793.608359375
2f7cc9d2-945b-5206-b257-323705163d78,2024-02-01,-15766.61,-16080.72,-16080.72,-16621.783333333336,-16699.05010144065,-16683.166040746073,-16047.421835632324
2f7cc9d2-945b-5206-b257-323705163d78,2024-03-01,-16616.58,-15766.61,-15766.61,-16267.956666666667,-16380.898413881721,-16365.0319488688,-15955.67022644043
2f7cc9d2-945b-5206-b257-323705163d78,2024-04-01,-17466.27,-16616.58,-16616.58,-16154.636666666667,-17172.32481772369,-17163.025973482807,-16888.954816894533
2f7cc9d2-945b-5206-b257-323705163d78,2024-05-01,-16929.28,-17466.27,-17466.27,-16616.486666666668,-17939.10477308099,-17940.381047599094,-17013.622783203125
2f7cc9d2-945b-5206-b257-323705163d78,2024-06-01,-16918.72,-16929.28,-16929.28,-17004.043333333335,-17440.967464617614,-17436.983730262287,-16930.825521140097
2f7cc9d2-945b-5206-b257-323705163d78,2024-07-01,2027.62,-16918.72,-16918.72,-17104.756666666668,-17456.662427751085,-17449.58029422474,-16772.01919433594
2f7cc9d2-945b-5206-b257-323705163d78,2024-08-01,91362.25,2027.62,2027.62,-10606.793333333333,2168.205552425366,2090.3334049025375,6023.60486328125
2f7cc9d2-945b-5206-b257-323705163d78,2024-09-01,216566.12,91362.25,91362.25,25490.38333333333,89826.9438202058,89898.12155979322,94022.74633789062
2f7cc9d2-945b-5206-b257-323705163d78,2024-10-01,184766.08,216566.12,216566.12,103318.66333333333,211418.77357843603,211892.28908447872,218057.82275878906
2f7cc9d2-945b-5206-b257-323705163d78,2024-11-01,58518.63,184766.08,184766.08,164231.4833333333,181039.67726140615,181339.47962866377,186195.183515625
3196d394-5c38-565a-8b11-066cb5eda2e3,2022-01-01,-3957.6,,-13252.345000000001,-13252.345000000001,-599.9161128181978,-584.6049202465573,-976.0215454101562
3196d394-5c38-565a-8b11-066cb5eda2e3,2022-02-01,-5802.36,-3957.6,-3957.6,-3957.6,-4394.999499024721,-4402.602429426589,-7748.890771484375
3196d394-5c38-565a-8b11-066cb5eda2e3,2022-03-01,-11244.03,-5802.36,-5802.36,-4879.98,-6393.593264050712,-6380.679427055084,-9689.17494140625
3196d394-5c38-565a-8b11-066cb5eda2e3,2022-04-01,-14930.52,-11244.03,-11244.03,-7001.329999999999,-11709.469273446988,-11712.953393745009,-14910.02951171875
3196d394-5c38-565a-8b11-066cb5eda2e3,2022-05-01,-18663.44,-14930.52,-14930.52,-10658.970000000001,-15396.217530481925,-15399.327018443204,-17414.44724609375
3196d394-5c38-565a-8b11-066cb5eda2e3,2022-06-01,-21272.08,-18663.44,-18663.44,-14945.996666666666,-19070.191118498453,-19077.9209999868,-21633.152158203124
3196d394-5c38-565a-8b11-066cb5eda2e3,2022-07-01,-21377.02,-21272.08,-21272.08,-18288.680000000004,-21443.693797567,-21480.619039109955,-22163.76103027344
3196d394-5c38-565a-8b11-066cb5eda2e3,2022-08-01,-22854.31,-21377.02,-21377.02,-20437.513333333336,-21695.735332292934,-21711.704801816646,-22288.869487304688
3196d394-5c38-565a-8b11-066cb5eda2e3,2022-09-01,-21710.72,-22854.31,-22854.31,-21834.47,-23142.351503342667,-23162.511531788714,-23442.41272216797
3196d394-5c38-565a-8b11-066cb5eda2e3,2022-10-01,-22633.45,-21710.72,-21710.72,-21980.683333333334,-22159.014885416098,-22161.71829304338,-21948.61552307129
3196d394-5c38-565a-8b11-066cb5eda2e3,2022-11-01,-21801.92,-22633.45,-22633.45,-22399.493333333332,-23088.544770195826,-23089.22229109872,-22299.99705810547
3196d394-5c38-565a-8b11-066cb5eda2e3,2022-12-01,-20103.61,-21801.92,-21801.92,-22048.696666666667,-22307.922750388163,-22304.45775087083,-22083.672471923826
3196d394-5c38-565a-8b11-066cb5eda2e3,2023-01-01,-19886.38,-20103.61,-20103.61,-21512.993333333332,-20622.318090165456,-20617.065521493638,-20283.57730041504
3196d394-5c38-565a-8b11-066cb5eda2e3,2023-02-01,-21061.45,-19886.38,-19886.38,-20597.303333333333,-20446.459489217592,-20437.407118461095,-20564.91240966797
3196d394-5c38-565a-8b11-066cb5eda2e3,2023-03-01,-20986.77,-21061.45,-21061.45,-20350.48,-21658.988869699315,-21642.831279630005,-21618.986926269532
3196d394-5c38-565a-8b11-066cb5eda2e3,2023-04-01,-21146.96,-20986.77,-20986.77,-20644.86666666667,-21449.519515047472,-21451.450810089493,-21406.84046508789
3196d394-5c38-565a-8b11-066cb5eda2e3,2023-05-01,-22072.95,-21146.96,-21146.96,-21065.059999999998,-21677.639026178294,-21669.865231625718,-21306.219216308593
3196d394-5c38-565a-8b11-066cb5eda2e3,2023-06-01,-22787.68,-22072.95,-22072.95,-21402.22666666667,-22554.060100818773,-22552.913865551775,-22667.555712890626
3196d394-5c38-565a-8b11-066cb5eda2e3,2023-07-01,-22715.97,-22787.68,-22787.68,-22002.53,-23237.331138400354,-23239.000429396907,-23233.842475585938
3196d394-5c38-565a-8b11-066cb5eda2e3,2023-08-01,-23957.58,-22715.97,-22715.97,-22525.533333333336,-23179.09832672435,-23180.461600007206,-22883.226134033204
3196d394-5c38-565a-8b11-066cb5eda2e3,2023-09-01,-22291.0,-23957.58,-23957.58,-23153.743333333336,-24393.0849092952,-24396.155638639684,-23916.523313598635
3196d394-5c38-565a-8b11-066cb5eda2e3,2023-10-01,-22336.0,-22291.0,-22291.0,-22988.183333333334,-22776.359560402572,-22775.53462940171,-22098.606811523438
3196d394-5c38-565a-8b11-066cb5eda2e3,2023-11-01,-23067.0,-22336.0,-22336.0,-22861.52666666667,-22711.05414759056,-22724.545099476374,-22371.740592956543
3196d394-5c38-565a-8b11-066cb5eda2e3,2023-12-01,-21500.78,-23067.0,-23067.0,-22564.666666666668,-23507.49261319013,-23512.18191858429,-22818.123168945312
3196d394-5c38-565a-8b11-066cb5eda2e3,2024-01-01,-20776.61,-21500.78,-21500.78,-22301.26,-22000.100249486066,-21996.77283377795,-21475.170016555785
3196d394-5c38-565a-8b11-066cb5eda2e3,2024-02-01,-19983.09,-20776.61,-20776.61,-21781.463333333333,-21356.309527410314,-21343.69685081231,-21308.55549560547
3196d394-5c38-565a-8b11-066cb5eda2e3,2024-03-01,-19936.08,-19983.09,-19983.09,-20753.493333333332,-20553.001775079356,-20543.28891014198,-20601.999790039063
3196d394-5c38-565a-8b11-066cb5eda2e3,2024-04-01,-19501.99,-19936.08,-19936.08,-20231.926666666666,-20446.073582137975,-20443.235984067986,-20350.23905761719
3196d394-5c38-565a-8b11-066cb5eda2e3,2024-05-01,-20175.36,-19501.99,-19501.99,-19807.053333333333,-20068.463174062654,-20057.619028148798,-19958.329782714845
3196d394-5c38-565a-8b11-066cb5eda2e3,2024-06-01,-20486.07,-20175.36,-20175.36,-19871.143333333337,-20655.09263904877,-20656.21147136767,-20349.91534362793
3196d394-5c38-565a-8b11-066cb5eda2e3,2024-07-01,-18177.13,-20486.07,-20486.07,-20054.47333333333,-20863.981581769905,-20877.030454659813,-20831.3541796875
3196d394-5c38-565a-8b11-066cb5eda2e3,2024-08-01,-24540.29,-18177.13,-18177.13,-19612.853333333333,-18709.899051215813,-18704.830057351744,-18538.188319091798
3196d394-5c38-565a-8b11-066cb5eda2e3,2024-09-01,-30244.56,-24540.29,-24540.29,-21067.829999999998,-24787.03782422701,-24814.2916902371,-25853.744833984376
3196d394-5c38-565a-8b11-066cb5eda2e3,2024-10-01,-37300.09,-30244.56,-30244.56,-24320.660000000003,-30449.59838532039,-30480.156922994836,-31846.90130859375
3196d394-5c38-565a-8b11-066cb5eda2e3,2024-11-01,-34291.48,-37300.09,-37300.09,-30694.98,-37235.42132027696,-37296.21370359131,-38786.48916992187
3457dcf6-b1a7-579c-a2aa-651636a9c700,2022-01-01,3765.3,,-13252.345000000001,-13252.345000000001,-599.9161128181978,-584.6049202465573,-976.0215454101562
3457dcf6-b1a7-579c-a2aa-651636a9c700,2022-02-01,3564.11,3765.3,3765.3,3765.3,3111.432895890167,3131.7492640965283,3231.947155761719
3457dcf6-b1a7-579c-a2aa-651636a9c700,2022-03-01,2935.9,3564.11,3564.11,3664.705,2830.321994749532,2860.167067224015,3110.6676782226564
3457dcf6-b1a7-579c-a2aa-651636a9c700,2022-04-01,484.38,2935.9,2935.9,3421.7700000000004,2141.7096104863967,2176.98547180674,2594.3005126953126
3457dcf6-b1a7-579c-a2aa-651636a9c700,2022-05-01,-2198.85,484.38,484.38,2328.13,-274.4927452779159,-243.89696128406524,735.6115368652344
3457dcf6-b1a7-579c-a2aa-651636a9c700,2022-06-01,2170.77,-2198.85,-2198.85,407.14333333333343,-2751.117278406815,-2744.8035268330223,-1717.3347412109374
3457dcf6-b1a7-579c-a2aa-651636a9c700,2022-07-01,2165.39,2170.77,2170.77,152.10000000000002,1673.7021048507033,1664.4482303706277,2663.1765856933594
3457dcf6-b1a7-579c-a2aa-651636a9c700,2022-08-01,3684.84,2165.39,2165.39,712.4366666666666,1831.0543632414124,1800.6448399145388,2355.7451025390624
3457dcf6-b1a7-579c-a2aa-651636a9c700,2022-09-01,1825.72,3684.84,3684.84,2673.6666666666665,3127.8016164601454,3125.3335460365847,2628.717685546875
3457dcf6-b1a7-579c-a2aa-651636a9c700,2022-10-01,287.62,1825.72,1825.72,2558.65,1462.2655735265407,1437.5075420151493,2234.9464099121096
3457dcf6-b1a7-579c-a2aa-651636a9c700,2022-11-01,1380.6,287.62,287.62,1932.7266666666667,-272.46229108090927,-269.5067650023674,1570.2480517578124
3457dcf6-b1a7-579c-a2aa-651636a9c700,2022-12-01,5882.93,1380.6,1380.6,1164.6466666666665,809.9631973024732,814.114240429555,1818.7936950683593
3457dcf6-b1a7-579c-a2aa-651636a9c700,2023-01-01,668.85,5882.93,5882.93,2517.05,5075.310743254599,5107.297602534953,4008.845161132813
3457dcf6-b1a7-579c-a2aa-651636a9c700,2023-02-01,105.65,668.85,668.85,2644.126666666667,129.93758288118056,128.36871501853534,1389.2870727539062
3457dcf6-b1a7-579c-a2aa-651636a9c700,2023-03-01,1579.53,105.65,105.65,2219.1433333333334,-413.2979646448773,-415.1600947406764,1139.788427734375
3457dcf6-b1a7-579c-a2aa-651636a9c700,2023-04-01,1456.43,1579.53,1579.53,784.6766666666667,893.9275092160528,912.2285268187027,1945.3440563964843
3457dcf6-b1a7-579c-a2aa-651636a9c700,2023-05-01,1383.43,1456.43,1456.43,1047.2033333333334,907.5609397519632,908.4855347633794,1489.1408726501465
3457dcf6-b1a7-579c-a2aa-651636a9c700,2023-06-01,1064.82,1383.43,1383.43,1473.13,822.4280013843713,827.1881584611582,1461.605880432129
3457dcf6-b1a7-579c-a2aa-651636a9c700,2023-07-01,2002.29,1064.82,1064.82,1301.5600000000002,526.3310746105319,530.017454757754,922.9546435546874
3457dcf6-b1a7-579c-a2aa-651636a9c700,2023-08-01,954.35,2002.29,2002.29,1483.5133333333333,1324.6174269635612,1344.5169992623696,2149.1917639160156
3457dcf6-b1a7-579c-a2aa-651636a9c700,2023-09-01,-1250.96,954.35,954.35,1340.4866666666667,188.29537517477945,217.99407027479344,1314.2000366210937
3457dcf6-b1a7-579c-a2aa-651636a9c700,2023-10-01,891.03,-1250.96,-1250.96,568.56,-1939.8714786457658,-1922.010731562168,254.04781249999996
3457dcf6-b1a7-579c-a2aa-651636a9c700,2023-11-01,2183.86,891.03,891.03,198.14,371.63140135931053,365.9713986960751,1127.3087780761718
3457dcf6-b1a7-579c-a2aa-651636a9c700,2023-12-01,4025.35,2183.86,2183.86,607.9766666666668,1307.521309516043,1345.270848983336,2491.5392602539064
3457dcf6-b1a7-579c-a2aa-651636a9c700,2024-01-01,719.83,4025.35,4025.35,2366.7466666666664,2974.1491455029936,3031.2964243572187,2547.4504638671874
3457dcf6-b1a7-579c-a2aa-651636a9c700,2024-02-01,-568.81,719.83,719.83,2309.6800000000003,-16.721113160483696,3.2071000251945634,921.4644757080079
3457dcf6-b1a7-579c-a2aa-651636a9c700,2024-03-01,893.16,-568.81,-568.81,1392.1233333333332,-1245.5708616939962,-1231.6644566392342,62.820676269531305
3457dcf6-b1a7-579c-a2aa-651636a9c700,2024-04-01,1352.12,893.16,893.16,348.06,156.05948556630847,178.74419219225558,1197.9700280761717
3457dcf6-b1a7-579c-a2aa-651636a9c700,2024-05-01,1263.41,1352.12,1352.12,558.8233333333333,618.4762648509501,639.6068928291309,1377.0328265380858
3457dcf6-b1a7-579c-a2aa-651636a9c700,2024-06-01,1245.79,1263.41,1263.41,1169.5633333333333,585.7807032615892,600.751225610464,1250.6492168045045
3457dcf6-b1a7-579c-a2aa-651636a9c700,2024-07-01,7752.99,1245.79,1245.79,1287.1066666666666,635.7903828499879,642.9872434197819,1504.3040991210937
3457dcf6-b1a7-579c-a2aa-651636a9c700,2024-08-01,15953.51,7752.99,7752.99,3420.7299999999996,6690.852794247297,6750.770812296924,7075.779672851562
3457dcf6-b1a7-579c-a2aa-651636a9c700,2024-09-01,23586.5,15953.51,15953.51,8317.43,14211.62446535539,14345.451983764076,16809.434560546877
3457dcf6-b1a7-579c-a2aa-651636a9c700,2024-10-01,21289.78,23586.5,23586.5,15764.333333333334,21504.064908674,21675.884182105325,22724.110900878906
3457dcf6-b1a7-579c-a2aa-651636a9c700,2024-11-01,17445.87,21289.78,21289.78,20276.596666666668,19702.723982396717,19818.76285506195,20547.385834960936
350f3c78-09ef-5c82-920e-d3165540cfbd,2022-01-01,-180.22,,-13252.345000000001,-13252.345000000001,-599.9161128181978,-584.6049202465573,-976.0215454101562
350f3c78-09ef-5c82-920e-d3165540cfbd,2022-02-01,-693.81,-180.22,-180.22,-180.22,-769.5850108730583,-757.3986662496834,-2001.7550341796875
350f3c78-09ef-5c82-920e-d3165540cfbd,2022-03-01,-4993.37,-693.81,-693.81,-437.015,-1290.0296906072851,-1277.5919152407764,-3879.1410546875
350f3c78-09ef-5c82-920e-d3165540cfbd,2022-04-01,-5905.55,-4993.37,-4993.37,-1955.8000000000002,-5493.581509699113,-5494.301672432742,-6931.829838867187
350f3c78-09ef-5c82-920e-d3165540cfbd,2022-05-01,-7151.97,-5905.55,-5905.55,-3864.2433333333333,-6484.82500634511,-6473.886836999716,-6691.949963378906
350f3c78-09ef-5c82-920e-d3165540cfbd,2022-06-01,-12602.82,-7151.97,-7151.97,-6016.963333333333,-7763.171073343811,-7746.490819980743,-8169.536650390625
350f3c78-09ef-5c82-920e-d3165540cfbd,2022-07-01,-13813.34,-12602.82,-12602.82,-8553.446666666667,-12873.051660356074,-12900.232313923278,-12614.263293571472
350f3c78-09ef-5c82-920e-d3165540cfbd,2022-08-01,-15196.92,-13813.34,-13813.34,-11189.376666666665,-14183.425923613044,-14195.494204564911,-15210.342685546875
350f3c78-09ef-5c82-920e-d3165540cfbd,2022-09-01,-16721.35,-15196.92,-15196.92,-13871.026666666667,-15511.843219329296,-15530.693519427683,-16114.592912597656
350f3c78-09ef-5c82-920e-d3165540cfbd,2022-10-01,-18309.23,-16721.35,-16721.35,-15243.87,-17039.982371657323,-17060.16251456367,-18577.929833984374
350f3c78-09ef-5c82-920e-d3165540cfbd,2022-11-01,-19441.36,-18309.23,-18309.23,-16742.5,-18656.937312469247,-18671.523121981798,-19345.421040039062
350f3c78-09ef-5c82-920e-d3165540cfbd,2022-12-01,-24067.14,-19441.36,-19441.36,-18157.31333333333,-19856.668064844343,-19862.520851046043,-21120.001357421876
350f3c78-09ef-5c82-920e-d3165540cfbd,2023-01-01,-23242.1,-24067.14,-24067.14,-20605.91,-24332.01038010913,-24356.603194492774,-24810.160751953124
350f3c78-09ef-5c82-920e-d3165540cfbd,2023-02-01,-22711.01,-23242.1,-23242.1,-22250.2,-23619.78656020821,-23630.110511956693,-23611.352685546874
350f3c78-09ef-5c82-920e-d3165540cfbd,2023-03-01,-22885.21,-22711.01,-22711.01,-23340.083333333332,-23158.107367703404,-23159.61814647289,-23334.117177734373
350f3c78-09ef-5c82-920e-d3165540cfbd,2023-04-01,-27180.46,-22885.21,-22885.21,-22946.10666666667,-23295.540964641357,-23302.452982867402,-23446.88626953125
350f3c78-09ef-5c82-920e-d3165540cfbd,2023-05-01,-27489.14,-27180.46,-27180.46,-24258.89333333333,-27424.040512523065,-27452.50688112024,-26372.134072265624
350f3c78-09ef-5c82-920e-d3165540cfbd,2023-06-01,-28935.62,-27489.14,-27489.14,-25851.603333333333,-27878.976729375867,-27887.246750531904,-28704.7523046875
350f3c78-09ef-5c82-920e-d3165540cfbd,2023-07-01,-31593.75,-28935.62,-28935.62,-27868.406666666666,-29289.60639893269,-29300.682378200956,-30553.945927734374
350f3c78-09ef-5c82-920e-d3165540cfbd,2023-08-01,-33440.3,-31593.75,-31593.75,-29339.50333333333,-31857.4011292124,-31879.912113432798,-33247.272216796875
350f3c78-09ef-5c82-920e-d3165540cfbd,2023-09-01,-32418.51,-33440.3,-33440.3,-31323.22333333333,-33690.94830007202,-33714.3339064434,-34552.59821777344
350f3c78-09ef-5c82-920e-d3165540cfbd,2023-10-01,-31691.57,-32418.51,-32418.51,-32484.186666666665,-32769.47357934369,-32781.18238970744,-32590.542135009764
350f3c78-09ef-5c82-920e-d3165540cfbd,2023-11-01,-32767.81,-31691.57,-31691.57,-32516.793333333335,-32083.85736479816,-32090.11743168497,-32203.12517578125
350f3c78-09ef-5c82-920e-d3165540cfbd,2023-12-01,-33955.02,-32767.81,-32767.81,-32292.63,-33015.40646950689,-33040.66884734156,-32908.77740722656
350f3c78-09ef-5c82-920e-d3165540cfbd,2024-01-01,-31656.42,-33955.02,-33955.02,-32804.799999999996,-34192.22445776018,-34219.63952844044,-33903.58265258789
350f3c78-09ef-5c82-920e-d3165540cfbd,2024-02-01,-32694.13,-31656.42,-31656.42,-32793.083333333336,-32013.410795933487,-32027.415788689777,-31827.326265258787
350f3c78-09ef-5c82-920e-d3165540cfbd,2024-03-01,-33731.29,-32694.13,-32694.13,-32768.52333333334,-33014.33361919398,-33031.646976110445,-33380.30541503907
350f3c78-09ef-5c82-920e-d3165540cfbd,2024-04-01,-35729.46,-33731.29,-33731.29,-32693.946666666667,-33971.43401497889,-33999.91476246638,-34754.79305175781
350f3c78-09ef-5c82-920e-d3165540cfbd,2024-05-01,-34702.35,-35729.46,-35729.46,-34051.62666666667,-35945.07200945103,-35973.486117218556,-36372.812783203124
350f3c78-09ef-5c82-920e-d3165540cfbd,2024-06-01,-33976.5,-34702.35,-34702.35,-34721.03333333333,-35008.96405046654,-35027.065129787654,-34714.54073963165
350f3c78-09ef-5c82-920e-d3165540cfbd,2024-07-01,-36334.48,-33976.5,-33976.5,-34802.77,-34293.11796447056,-34309.70487322128,-35104.498291015625
350f3c78-09ef-5c82-920e-d3165540cfbd,2024-08-01,-37640.34,-36334.48,-36334.48,-35004.443333333336,-36584.50073507424,-36608.86749136744,-37758.942036132816
350f3c78-09ef-5c82-920e-d3165540cfbd,2024-09-01,-43644.78,-37640.34,-37640.34,-35983.77333333334,-37887.620228127584,-37911.192443164786,-39503.16141113281
350f3c78-09ef-5c82-920e-d3165540cfbd,2024-10-01,-45635.29,-43644.78,-43644.78,-39206.53333333333,-43688.8795248817,-43736.99746922809,-45874.6325390625
350f3c78-09ef-5c82-920e-d3165540cfbd,2024-11-01,-49799.81,-45635.29,-45635.29,-42306.80333333334,-45682.55739417784,-45729.51988511789,-48737.926962890626
36eaed49-2baa-5cd2-8de0-ec15da675b1b,2022-01-01,-6693.41,,-13252.345000000001,-13252.345000000001,-599.9161128181978,-584.6049202465573,-976.0215454101562
36eaed49-2baa-5cd2-8de0-ec15da675b1b,2022-02-01,-9507.84,-6693.41,-6693.41,-6693.41,-7148.342432792209,-7152.763628554354,-10253.833828125
36eaed49-2baa-5cd2-8de0-ec15da675b1b,2022-03-01,-11432.56,-9507.84,-9507.84,-8100.625,-10049.884702789659,-10043.309812894617,-13682.4073828125
36eaed49-2baa-5cd2-8de0-ec15da675b1b,2022-04-01,-16690.08,-11432.56,-11432.56,-9211.27,-11868.246974297674,-11875.875370812264,-14165.68939453125
36eaed49-2baa-5cd2-8de0-ec15da675b1b,2022-05-01,-21292.24,-16690.08,-16690.08,-12543.493333333332,-17153.307516270233,-17153.791267533335,-21330.550703125
36eaed49-2baa-5cd2-8de0-ec15da675b1b,2022-06-01,-23058.81,-21292.24,-21292.24,-16471.626666666667,-21628.51102263671,-21646.33562928411,-24210.666513671877
36eaed49-2baa-5cd2-8de0-ec15da675b1b,2022-07-01,-27226.78,-23058.81,-23058.81,-20347.043333333335,-23212.62193618282,-23249.951145857605,-25851.474306640626
36eaed49-2baa-5cd2-8de0-ec15da675b1b,2022-08-01,-35048.2,-27226.78,-27226.78,-23859.27666666667,-27340.09397238617,-27381.802754557022,-29325.498994140624
36eaed49-2baa-5cd2-8de0-ec15da675b1b,2022-09-01,-38474.94,-35048.2,-35048.2,-28444.596666666665,-34983.5029885637,-35046.47553828181,-38724.3923828125
36eaed49-2baa-5cd2-8de0-ec15da675b1b,2022-10-01,-41266.25,-38474.94,-38474.94,-33583.306666666664,-38452.1961884716,-38508.63283758444,-41793.46465820313
36eaed49-2baa-5cd2-8de0-ec15da675b1b,2022-11-01,-43926.66,-41266.25,-41266.25,-38263.13,-41306.32378410365,-41352.83942187815,-44465.660888671875
36eaed49-2baa-5cd2-8de0-ec15da675b1b,2022-12-01,-41905.28,-43926.66,-43926.66,-41222.61666666667,-43993.30672653461,-44037.56886041473,-45648.998500976566
36eaed49-2baa-5cd2-8de0-ec15da675b1b,2023-01-01,-42296.41,-41905.28,-41905.28,-42366.06333333333,-42067.75419191881,-42099.46169897195,-42656.097932128905
36eaed49-2baa-5cd2-8de0-ec15da675b1b,2023-02-01,-44897.16,-42296.41,-42296.41,-42709.450000000004,-42532.31596428396,-42556.625031725926,-43457.89461914063
36eaed49-2baa-5cd2-8de0-ec15da675b1b,2023-03-01,-47670.76,-44897.16,-44897.16,-43032.950000000004,-45124.68609681916,-45148.80805467771,-46352.285122070316
36eaed49-2baa-5cd2-8de0-ec15da675b1b,2023-04-01,-53954.04,-47670.76,-47670.76,-44954.77666666667,-47863.674969640146,-47890.13294440851,-49449.95116210938
36eaed49-2baa-5cd2-8de0-ec15da675b1b,2023-05-01,-57148.8,-53954.04,-53954.04,-48840.65333333334,-53909.6762404934,-53966.99999583168,-56743.493369140626
36eaed49-2baa-5cd2-8de0-ec15da675b1b,2023-06-01,-59077.77,-57148.8,-57148.8,-52924.53333333333,-57066.06734096052,-57126.0400133771,-60242.3546875
36eaed49-2baa-5cd2-8de0-ec15da675b1b,2023-07-01,-65906.65,-59077.77,-59077.77,-56726.87,-59030.31947457997,-59083.2917494323,-60948.66172363281
36eaed49-2baa-5cd2-8de0-ec15da675b1b,2023-08-01,-71318.82,-65906.65,-65906.65,-60711.07333333333,-65734.43110165968,-65800.68162114931,-69296.96909179687
36eaed49-2baa-5cd2-8de0-ec15da675b1b,2023-09-01,-72631.84,-71318.82,-71318.82,-65434.41333333333,-71070.87920051004,-71145.8436963997,-74361.47478515626
36eaed49-2baa-5cd2-8de0-ec15da675b1b,2023-10-01,-73800.97,-72631.84,-72631.84,-69952.43666666666,-72360.33936289028,-72438.84990057477,-73715.60550292968
36eaed49-2baa-5cd2-8de0-ec15da675b1b,2023-11-01,-74796.37,-73800.97,-73800.97,-72583.87666666666,-73605.97608867225,-73674.82353827587,-74998.37173339844
36eaed49-2baa-5cd2-8de0-ec15da675b1b,2023-12-01,-69263.43,-74796.37,-74796.37,-73743.06,-74581.85615059773,-74655.0071758501,-74749.66175567626
36eaed49-2baa-5cd2-8de0-ec15da675b1b,2024-01-01,-70490.85,-69263.43,-69263.43,-72620.25666666667,-69255.33345936531,-69304.76690931768,-70067.47077148437
36eaed49-2baa-5cd2-8de0-ec15da675b1b,2024-02-01,-70293.78,-70490.85,-70490.85,-71516.88333333333,-70431.86411344659,-70487.50434228452,-71270.74154052735
36eaed49-2baa-5cd2-8de0-ec15da675b1b,2024-03-01,-73230.6,-70293.78,-70293.78,-70016.02,-70337.1713138261,-70381.13966411838,-71661.68991210937
36eaed49-2baa-5cd2-8de0-ec15da675b1b,2024-04-01,-72960.47,-73230.6,-73230.6,-71338.41,-73082.58893390403,-73150.73821745634,-73418.38817749024
36eaed49-2baa-5cd2-8de0-ec15da675b1b,2024-05-01,-72689.75,-72960.47,-72960.47,-72161.61666666667,-72659.93047261902,-72749.09316301809,-72542.44827148438
36eaed49-2baa-5cd2-8de0-ec15da675b1b,2024-06-01,-72418.43,-72689.75,-72689.75,-72960.27333333333,-72580.128449101,-72642.13791202838,-73058.93795776367
36eaed49-2baa-5cd2-8de0-ec15da675b1b,2024-07-01,-77825.07,-72418.43,-72418.43,-72689.55,-72053.4816499175,-72148.77319662021,-72925.61728637695
36eaed49-2baa-5cd2-8de0-ec15da675b1b,2024-08-01,-80828.8,-77825.07,-77825.07,-74311.08333333333,-77592.74610107463,-77668.99184733469,-79769.76165039063
36eaed49-2baa-5cd2-8de0-ec15da675b1b,2024-09-01,-84972.96,-80828.8,-80828.8,-77024.09999999999,-80486.64190519151,-80574.5788681694,-84012.25190429688
36eaed49-2baa-5cd2-8de0-ec15da675b1b,2024-10-01,-88579.35,-84972.96,-84972.96,-81208.94333333334,-84562.67688259654,-84659.32859300252,-88027.45291992188
36eaed49-2baa-5cd2-8de0-ec15da675b1b,2024-11-01,-95580.44,-88579.35,-88579.35,-84793.70333333332,-88179.43318630774,-88271.97497570071,-91505.74111328126
37041e3c-bc04-57fd-b9ee-f7042a98376b,2022-01-01,-584.38,,-13252.345000000001,-13252.345000000001,-599.9161128181978,-584.6049202465573,-976.0215454101562
37041e3c-bc04-57fd-b9ee-f7042a98376b,2022-02-01,-1885.83,-584.38,-584.38,-584.38,-1205.0127535946685,-1188.32742991889,-2768.854365234375
37041e3c-bc04-57fd-b9ee-f7042a98376b,2022-03-01,-16522.26,-1885.83,-1885.83,-1235.105,-2487.7930054598132,-2474.2084717994076,-5428.6180859375
37041e3c-bc04-57fd-b9ee-f7042a98376b,2022-04-01,-18375.73,-16522.26,-16522.26,-6330.823333333333,-17152.87190975946,-17122.546656264087,-19682.57005859375
37041e3c-bc04-57fd-b9ee-f7042a98376b,2022-05-01,-19939.23,-18375.73,-18375.73,-12261.273333333333,-18821.423256973812,-18825.05393982336,-20841.032001953125
37041e3c-bc04-57fd-b9ee-f7042a98376b,2022-06-01,-24332.62,-19939.23,-19939.23,-18279.073333333334,-20339.737162252226,-20347.322667146804,-22155.702412109375
37041e3c-bc04-57fd-b9ee-f7042a98376b,2022-07-01,-37231.32,-24332.62,-24332.62,-20882.52666666667,-24410.435724436957,-24457.411501210794,-25827.46875488281
37041e3c-bc04-57fd-b9ee-f7042a98376b,2022-08-01,-40215.13,-37231.32,-37231.32,-27167.72333333333,-36986.85064661529,-37072.21733804173,-40997.18376953125
37041e3c-bc04-57fd-b9ee-f7042a98376b,2022-09-01,-49242.84,-40215.13,-40215.13,-33926.35666666667,-40165.83900498785,-40223.32206318718,-44329.1583203125
37041e3c-bc04-57fd-b9ee-f7042a98376b,2022-10-01,-51004.93,-49242.84,-49242.84,-42229.763333333336,-48864.65925968359,-48963.63491552456,-51143.95279296875
37041e3c-bc04-57fd-b9ee-f7042a98376b,2022-11-01,-52683.71,-51004.93,-51004.93,-46820.96666666667,-50869.7872376108,-50936.265455561996,-52794.201240234375
37041e3c-bc04-57fd-b9ee-f7042a98376b,2022-12-01,-52947.34,-52683.71,-52683.71,-50977.159999999996,-52526.97584369048,-52596.59077341686,-54366.83841796875
37041e3c-bc04-57fd-b9ee-f7042a98376b,2023-01-01,-54147.21,-52947.34,-52947.34,-52211.993333333325,-52871.49941574645,-52932.93615864455,-54253.806796875
37041e3c-bc04-57fd-b9ee-f7042a98376b,2023-02-01,-62691.63,-54147.21,-54147.21,-53259.41999999999,-54209.047686873775,-54251.50343143751,-55999.90958496094
37041e3c-bc04-57fd-b9ee-f7042a98376b,2023-03-01,-63979.09,-62691.63,-62691.63,-56595.39333333333,-62621.0152498155,-62674.040835716754,-64664.27501953125
37041e3c-bc04-57fd-b9ee-f7042a98376b,2023-04-01,-71453.02,-63979.09,-63979.09,-60272.64333333333,-63903.298123369445,-63961.33033312753,-66701.66373046875
37041e3c-bc04-57fd-b9ee-f7042a98376b,2023-05-01,-73799.87,-71453.02,-71453.02,-66041.24666666666,-71166.45645149137,-71247.15425516287,-73969.37913085938
37041e3c-bc04-57fd-b9ee-f7042a98376b,2023-06-01,-77849.22,-73799.87,-73799.87,-69743.99333333333,-73539.12188162225,-73617.35206415225,-76759.87805664062
37041e3c-bc04-57fd-b9ee-f7042a98376b,2023-07-01,-84863.11,-77849.22,-77849.22,-74367.37,-77489.13577357023,-77576.77287063088,-80662.2287890625
37041e3c-bc04-57fd-b9ee-f7042a98376b,2023-08-01,-86325.92,-84863.11,-84863.11,-78837.40000000001,-84421.73577212439,-84518.40091444546,-87277.59486328125
37041e3c-bc04-57fd-b9ee-f7042a98376b,2023-09-01,-88721.3,-86325.92,-86325.92,-83012.75,-85952.22181264817,-86042.25735001979,-88557.64705078125
37041e3c-bc04-57fd-b9ee-f7042a98376b,2023-10-01,-88737.61,-88721.3,-88721.3,-86636.77666666667,-88324.49651773246,-88414.60475903687,-89566.23310546875
37041e3c-bc04-57fd-b9ee-f7042a98376b,2023-11-01,-89801.47,-88737.61,-88737.61,-87928.27666666667,-88462.21751222864,-88539.06446235345,-89396.08393798828
37041e3c-bc04-57fd-b9ee-f7042a98376b,2023-12-01,-86336.8,-89801.47,-89801.47,-89086.79333333333,-89486.87399023511,-89568.17437130726,-90569.51083251953
37041e3c-bc04-57fd-b9ee-f7042a98376b,2024-01-01,-85693.15,-86336.8,-86336.8,-88291.96,-86126.93449817918,-86198.8764407155,-86717.43629150391
37041e3c-bc04-57fd-b9ee-f7042a98376b,2024-02-01,-86308.79,-85693.15,-85693.15,-87277.14,-85566.13152634032,-85628.26789681237,-86401.9302734375
37041e3c-bc04-57fd-b9ee-f7042a98376b,2024-03-01,-88291.39,-86308.79,-86308.79,-86112.91333333333,-86162.47650621852,-86227.0745246922,-87148.04909423827
37041e3c-bc04-57fd-b9ee-f7042a98376b,2024-04-01,-90126.17,-88291.39,-88291.39,-86764.44333333333,-87959.83109845222,-88048.78217139233,-89272.50352539062
37041e3c-bc04-57fd-b9ee-f7042a98376b,2024-05-01,-90550.2,-90126.17,-90126.17,-88242.11666666665,-89754.90419699838,-89846.77162032033,-90856.29133789062
37041e3c-bc04-57fd-b9ee-f7042a98376b,2024-06-01,-91705.38,-90550.2,-90550.2,-89655.92,-90332.26502591663,-90402.63193393862,-91222.24504394531
37041e3c-bc04-57fd-b9ee-f7042a98376b,2024-07-01,11756.35,-91705.38,-91705.38,-90793.91666666667,-91438.61002049278,-91514.37260486849,-92691.69555175782
37041e3c-bc04-57fd-b9ee-f7042a98376b,2024-08-01,18316.67,11756.35,11756.35,-56833.07666666666,11113.40654893792,11114.31542016361,10812.771508789063
37041e3c-bc04-57fd-b9ee-f7042a98376b,2024-09-01,-71460.26,18316.67,18316.67,-20544.120000000003,17035.57118407552,17109.186479442826,16765.96345703125
37041e3c-bc04-57fd-b9ee-f7042a98376b,2024-10-01,-6432.5,-71460.26,-71460.26,-13795.746666666666,-70039.40773375194,-70284.12071460637,-68264.62254882812
37041e3c-bc04-57fd-b9ee-f7042a98376b,2024-11-01,135443.99,-6432.5,-6432.5,-19858.696666666667,-7234.926467617047,-7221.591285344463,-1557.74658203125
3b8f1c31-9676-5965-8288-cb6141eef990,2022-01-01,-7430.78,,-13252.345000000001,-13252.345000000001,-599.9161128181978,-584.6049202465573,-976.0215454101562
3b8f1c31-9676-5965-8288-cb6141eef990,2022-02-01,-11613.22,-7430.78,-7430.78,-7430.78,-8037.5230953384125,-8025.415297280606,-8200.374787597655
3b8f1c31-9676-5965-8288-cb6141eef990,2022-03-01,-6910.63,-11613.22,-11613.22,-9522.0,-12187.67850051912,-12175.139731855776,-15606.700712890624
3b8f1c31-9676-5965-8288-cb6141eef990,2022-04-01,-13423.11,-6910.63,-6910.63,-8651.543333333333,-7336.198009166921,-7346.198666439352,-9891.658320312501
3b8f1c31-9676-5965-8288-cb6141eef990,2022-05-01,-11372.96,-13423.11,-13423.11,-10648.986666666666,-13940.29537381305,-13937.347750120693,-14053.357009277344
3b8f1c31-9676-5965-8288-cb6141eef990,2022-06-01,-11069.52,-11372.96,-11372.96,-10568.9,-11859.982905841216,-11861.998245381119,-12366.963967285155
3b8f1c31-9676-5965-8288-cb6141eef990,2022-07-01,-5368.8,-11069.52,-11069.52,-11955.196666666665,-11589.227642924568,-11587.184030904678,-10376.925334472657
3b8f1c31-9676-5965-8288-cb6141eef990,2022-08-01,-14394.81,-5368.8,-5368.8,-9270.426666666666,-5888.507689839289,-5889.062482458207,-7162.654125976563
3b8f1c31-9676-5965-8288-cb6141eef990,2022-09-01,-3733.78,-14394.81,-14394.81,-10277.710000000001,-14817.953867050888,-14826.193046755052,-12701.27826171875
3b8f1c31-9676-5965-8288-cb6141eef990,2022-10-01,-6996.47,-3733.78,-3733.78,-7832.463333333333,-4323.273307789585,-4315.024253803283,-6289.051972656251
3b8f1c31-9676-5965-8288-cb6141eef990,2022-11-01,-9737.31,-6996.47,-6996.47,-8375.019999999999,-7379.251072549331,-7396.653997280094,-6563.60510131836
3b8f1c31-9676-5965-8288-cb6141eef990,2022-12-01,-9043.92,-9737.31,-9737.31,-6822.5199999999995,-10348.98160890972,-10338.009972805552,-10233.051485595703
3b8f1c31-9676-5965-8288-cb6141eef990,2023-01-01,-9140.66,-9043.92,-9043.92,-8592.566666666668,-9480.97576807454,-9492.06425782833,-9441.078813476563
3b8f1c31-9676-5965-8288-cb6141eef990,2023-02-01,-9828.61,-9140.66,-9140.66,-9307.296666666667,-9598.564577751673,-9606.544527547754,-9396.775325927734
3b8f1c31-9676-5965-8288-cb6141eef990,2023-03-01,-4325.16,-9828.61,-9828.61,-9337.730000000001,-10388.58462841654,-10382.699921791756,-9208.75080810547
3b8f1c31-9676-5965-8288-cb6141eef990,2023-04-01,-4593.87,-4325.16,-4325.16,-7764.81,-5041.157355834143,-5017.367744935494,-5574.190029296875
3b8f1c31-9676-5965-8288-cb6141eef990,2023-05-01,-4734.25,-4593.87,-4593.87,-6249.213333333333,-5391.957260869822,-5358.8547383231835,-5841.726079101562
3b8f1c31-9676-5965-8288-cb6141eef990,2023-06-01,-3848.5,-4734.25,-4734.25,-4551.093333333333,-5481.211939956757,-5454.22960534489,-5471.864990234375
3b8f1c31-9676-5965-8288-cb6141eef990,2023-07-01,-7023.86,-3848.5,-3848.5,-4392.206666666666,-4642.081461589998,-4610.122198797893,-4495.874267578125
3b8f1c31-9676-5965-8288-cb6141eef990,2023-08-01,-6419.51,-7023.86,-7023.86,-5202.203333333334,-7667.357356181615,-7650.857053904782,-7094.62382446289
3b8f1c31-9676-5965-8288-cb6141eef990,2023-09-01,-8337.32,-6419.51,-6419.51,-5763.956666666666,-6949.51589399446,-6947.037024287032,-6647.61302734375
3b8f1c31-9676-5965-8288-cb6141eef990,2023-10-01,-6522.65,-8337.32,-8337.32,-7260.23,-8775.498099016251,-8784.274609834983,-8288.216495819092
3b8f1c31-9676-5965-8288-cb6141eef990,2023-11-01,-6303.78,-6522.65,-6522.65,-7093.16,-6993.428475394024,-6998.7651186364,-6356.201803588867
3b8f1c31-9676-5965-8288-cb6141eef990,2023-12-01,-5969.36,-6303.78,-6303.78,-7054.583333333333,-6738.381815430281,-6748.55407105318,-5927.6783764648435
3b8f1c31-9676-5965-8288-cb6141eef990,2024-01-01,-7364.09,-5969.36,-5969.36,-6265.263333333333,-6556.618362478925,-6546.518370203533,-6372.281020507812
3b8f1c31-9676-5965-8288-cb6141eef990,2024-02-01,-2377.26,-7364.09,-7364.09,-6545.743333333333,-7994.193554112671,-7979.5931946467845,-6304.51236328125
3b8f1c31-9676-5965-8288-cb6141eef990,2024-03-01,-3268.21,-2377.26,-2377.26,-5236.903333333333,-3050.019911714024,-3032.501807601697,-3551.40208984375
3b8f1c31-9676-5965-8288-cb6141eef990,2024-04-01,-3787.23,-3268.21,-3268.21,-4336.52,-3941.278621574631,-3923.5454825983434,-3748.3770532226563
3b8f1c31-9676-5965-8288-cb6141eef990,2024-05-01,-4752.46,-3787.23,-3787.23,-3144.2333333333336,-4519.5194981500845,-4495.181463697227,-4566.250263671875
3b8f1c31-9676-5965-8288-cb6141eef990,2024-06-01,-4384.94,-4752.46,-4752.46,-3935.966666666667,-5431.0186592072505,-5413.041861641946,-4651.195336303711
3b8f1c31-9676-5965-8288-cb6141eef990,2024-07-01,-5628.76,-4384.94,-4384.94,-4308.21,-5060.1671036833595,-5042.785977054902,-4965.961789550781
3b8f1c31-9676-5965-8288-cb6141eef990,2024-08-01,1561.15,-5628.76,-5628.76,-4922.053333333333,-6297.944097744971,-6280.918329724326,-5168.758229980469
3b8f1c31-9676-5965-8288-cb6141eef990,2024-09-01,10020.29,1561.15,1561.15,-2817.5166666666664,687.2729443139501,724.4256045960408,1777.2339996337892
3b8f1c31-9676-5965-8288-cb6141eef990,2024-10-01,14142.72,10020.29,10020.29,1984.2266666666667,9041.2366579032,9084.834898049614,9271.977255859376
3b8f1c31-9676-5965-8288-cb6141eef990,2024-11-01,8397.6,14142.72,14142.72,8574.720000000001,13070.543159186858,13123.618158369909,11660.698759765624
3be85a89-e5fc-52b8-ad21-a6fd8d243b0d,2022-01-01,-4761.68,,-13252.345000000001,-13252.345000000001,-599.9161128181978,-584.6049202465573,-976.0215454101562
3be85a89-e5fc-52b8-ad21-a6fd8d243b0d,2022-02-01,-6757.11,-4761.68,-4761.68,-4761.68,-5255.750546304899,-5253.894378095305,-7605.7473828125
3be85a89-e5fc-52b8-ad21-a6fd8d243b0d,2022-03-01,-11918.32,-6757.11,-6757.11,-5759.395,-7263.880216485529,-7262.208865495052,-8607.312270507813
3be85a89-e5fc-52b8-ad21-a6fd8d243b0d,2022-04-01,-14786.39,-11918.32,-11918.32,-7812.37,-12389.881962246578,-12391.729197456792,-14907.92400390625
3be85a89-e5fc-52b8-ad21-a6fd8d243b0d,2022-05-01,-15193.32,-14786.39,-14786.39,-11153.94,-15237.618017074465,-15239.913147884186,-16142.42173828125
3be85a89-e5fc-52b8-ad21-a6fd8d243b0d,2022-06-01,-21068.06,-15193.32,-15193.32,-13966.01,-15710.59338421037,-15704.016531600922,-16316.853325195312
3be85a89-e5fc-52b8-ad21-a6fd8d243b0d,2022-07-01,-23825.61,-21068.06,-21068.06,-17015.923333333336,-21152.92726422335,-21199.286691661764,-22779.799990234376
3be85a89-e5fc-52b8-ad21-a6fd8d243b0d,2022-08-01,-23206.24,-23825.61,-23825.61,-20028.996666666666,-24059.529067292293,-24084.264572395463,-23970.728133544922
3be85a89-e5fc-52b8-ad21-a6fd8d243b0d,2022-09-01,-21622.4,-23206.24,-23206.24,-22699.97,-23577.1854379007,-23585.39628461275,-23745.443430175783
3be85a89-e5fc-52b8-ad21-a6fd8d243b0d,2022-10-01,-23144.14,-21622.4,-21622.4,-22884.75,-22081.296483521306,-22080.96481401113,-21836.34923400879
3be85a89-e5fc-52b8-ad21-a6fd8d243b0d,2022-11-01,-22759.37,-23144.14,-23144.14,-22657.593333333334,-23567.194608654267,-23571.39958402154,-22952.190491333007
3be85a89-e5fc-52b8-ad21-a6fd8d243b0d,2022-12-01,-24473.37,-22759.37,-22759.37,-22508.63666666667,-23259.81504904539,-23255.00927852142,-22672.577496643065
3be85a89-e5fc-52b8-ad21-a6fd8d243b0d,2023-01-01,-23813.78,-24473.37,-24473.37,-23458.960000000003,-24887.751897423357,-24893.57033243399,-23681.1600390625
3be85a89-e5fc-52b8-ad21-a6fd8d243b0d,2023-02-01,-22128.75,-23813.78,-23813.78,-23682.17333333333,-24338.810341045348,-24331.731060062324,-23568.297272949218
3be85a89-e5fc-52b8-ad21-a6fd8d243b0d,2023-03-01,-21831.75,-22128.75,-22128.75,-23471.966666666664,-22683.12381292154,-22673.26052892511,-21908.19645690918
3be85a89-e5fc-52b8-ad21-a6fd8d243b0d,2023-04-01,-22989.82,-21831.75,-21831.75,-22591.426666666666,-22393.591252873146,-22382.86291382173,-22302.94711303711
3be85a89-e5fc-52b8-ad21-a6fd8d243b0d,2023-05-01,-24108.06,-22989.82,-22989.82,-22316.773333333334,-23404.75913581043,-23412.337214034567,-23319.672813720703
3be85a89-e5fc-52b8-ad21-a6fd8d243b0d,2023-06-01,-23337.06,-24108.06,-24108.06,-22976.543333333335,-24473.74510068499,-24487.52424273566,-24269.18715148926
3be85a89-e5fc-52b8-ad21-a6fd8d243b0d,2023-07-01,-24460.63,-23337.06,-23337.06,-23478.313333333335,-23839.06569097765,-23835.53652919256,-23361.926304397584
3be85a89-e5fc-52b8-ad21-a6fd8d243b0d,2023-08-01,-24775.84,-24460.63,-24460.63,-23968.583333333332,-24899.73913273293,-24902.338548696946,-24515.823492889405
3be85a89-e5fc-52b8-ad21-a6fd8d243b0d,2023-09-01,-23614.83,-24775.84,-24775.84,-24191.176666666666,-25244.76256673631,-25243.503329832598,-24833.571548309326
3be85a89-e5fc-52b8-ad21-a6fd8d243b0d,2023-10-01,-25176.13,-23614.83,-23614.83,-24283.766666666666,-24112.492657938215,-24108.297611732607,-23538.389051513674
3be85a89-e5fc-52b8-ad21-a6fd8d243b0d,2023-11-01,-24108.17,-25176.13,-25176.13,-24522.266666666666,-25595.525962402713,-25599.674151129646,-24725.063380126954
3be85a89-e5fc-52b8-ad21-a6fd8d243b0d,2023-12-01,-24790.83,-24108.17,-24108.17,-24299.710000000003,-24611.843112511964,-24606.44311311396,-24168.64120285034
3be85a89-e5fc-52b8-ad21-a6fd8d243b0d,2024-01-01,-23957.56,-24790.83,-24790.83,-24691.710000000003,-25229.346638586154,-25232.60990355274,-24472.49488647461
3be85a89-e5fc-52b8-ad21-a6fd8d243b0d,2024-02-01,-23885.91,-23957.56,-23957.56,-24285.52,-24474.438169950936,-24468.68069045246,-24144.132860717775
3be85a89-e5fc-52b8-ad21-a6fd8d243b0d,2024-03-01,-23714.36,-23885.91,-23885.91,-24211.433333333334,-24287.40080322605,-24296.398319498396,-24110.897548828125
3be85a89-e5fc-52b8-ad21-a6fd8d243b0d,2024-04-01,-23154.2,-23714.36,-23714.36,-23852.61,-24217.978408098243,-24212.766470906117,-23865.49136291504
3be85a89-e5fc-52b8-ad21-a6fd8d243b0d,2024-05-01,-23784.25,-23154.2,-23154.2,-23584.823333333334,-23685.357883299588,-23678.245875261982,-23470.05729980469
3be85a89-e5fc-52b8-ad21-a6fd8d243b0d,2024-06-01,-23784.25,-23784.25,-23784.25,-23550.936666666665,-24215.28454671379,-24219.887618852095,-23931.000106811523
3be85a89-e5fc-52b8-ad21-a6fd8d243b0d,2024-07-01,-14468.76,-23784.25,-23784.25,-23574.233333333334,-24244.033155345533,-24244.608439642798,-24121.512420654297
3be85a89-e5fc-52b8-ad21-a6fd8d243b0d,2024-08-01,-19896.05,-14468.76,-14468.76,-20679.086666666666,-15168.371708550043,-15144.803770160279,-16074.358754882813
3be85a89-e5fc-52b8-ad21-a6fd8d243b0d,2024-09-01,-21248.01,-19896.05,-19896.05,-19383.02,-20363.104871757925,-20365.519751153417,-21027.676708984374
3be85a89-e5fc-52b8-ad21-a6fd8d243b0d,2024-10-01,-26771.36,-21248.01,-21248.01,-18537.606666666667,-21608.10144921544,-21625.609416213512,-22634.42955566406
3be85a89-e5fc-52b8-ad21-a6fd8d243b0d,2024-11-01,-31323.83,-26771.36,-26771.36,-22638.47333333333,-26987.454544561122,-27017.035468734688,-28298.983291015626
3cc7e7d7-9b84-566a-b0d0-1553262abc9b,2022-01-01,-13262.37,,-13252.345000000001,-13252.345000000001,-599.9161128181978,-584.6049202465573,-976.0215454101562
3cc7e7d7-9b84-566a-b0d0-1553262abc9b,2022-02-01,-16973.44,-13262.37,-13262.37,-13262.37,-13589.885227061719,-13611.620980696149,-17253.375371093753
3cc7e7d7-9b84-566a-b0d0-1553262abc9b,2022-03-01,-15675.49,-16973.44,-16973.44,-15117.904999999999,-17395.933622464134,-17404.84321055399,-20769.78228515625
3cc7e7d7-9b84-566a-b0d0-1553262abc9b,2022-04-01,-45534.91,-15675.49,-15675.49,-15303.766666666668,-16238.255683538815,-16227.041190688906,-17330.93592285156
3cc7e7d7-9b84-566a-b0d0-1553262abc9b,2022-05-01,-47310.78,-45534.91,-45534.91,-26061.28,-45047.66236361744,-45170.790891483004,-47727.13045898438
3cc7e7d7-9b84-566a-b0d0-1553262abc9b,2022-06-01,-50528.25,-47310.78,-47310.78,-36173.72666666667,-47488.444096817504,-47519.981920543505,-49645.93478515625
3cc7e7d7-9b84-566a-b0d0-1553262abc9b,2022-07-01,-53098.11,-50528.25,-50528.25,-47791.31333333333,-50113.81432717075,-50213.0108694987,-52602.811279296875
3cc7e7d7-9b84-566a-b0d0-1553262abc9b,2022-08-01,-53594.63,-53098.11,-53098.11,-50312.380000000005,-52914.1809929739,-52986.6531106318,-54388.91090332031
3cc7e7d7-9b84-566a-b0d0-1553262abc9b,2022-09-01,-52934.31,-53594.63,-53594.63,-52406.996666666666,-53452.808152842015,-53521.59646904707,-53096.43511474609
3cc7e7d7-9b84-566a-b0d0-1553262abc9b,2022-10-01,-51615.79,-52934.31,-52934.31,-53209.01666666666,-53009.85891923296,-53051.49592595845,-52976.76923233032
3cc7e7d7-9b84-566a-b0d0-1553262abc9b,2022-11-01,-52193.31,-51615.79,-51615.79,-52714.91,-51849.45396267835,-51872.96603570099,-51780.19724182129
3cc7e7d7-9b84-566a-b0d0-1553262abc9b,2022-12-01,-55192.12,-52193.31,-52193.31,-52247.80333333334,-52416.91811644102,-52441.356932651965,-52537.50131469726
3cc7e7d7-9b84-566a-b0d0-1553262abc9b,2023-01-01,-55064.39,-55192.12,-55192.12,-53000.40666666667,-55300.73138043618,-55338.23980223537,-55482.239140625
3cc7e7d7-9b84-566a-b0d0-1553262abc9b,2023-02-01,-55241.93,-55064.39,-55064.39,-54149.94,-55152.46909444257,-55192.925404614,-55521.08207763672
3cc7e7d7-9b84-566a-b0d0-1553262abc9b,2023-03-01,-56387.64,-55241.93,-55241.93,-55166.14666666667,-55339.237492513144,-55378.47166582313,-55757.74060791016
3cc7e7d7-9b84-566a-b0d0-1553262abc9b,2023-04-01,-58251.26,-56387.64,-56387.64,-55564.65333333334,-56486.05838299599,-56524.93513514535,-57216.371506347656
3cc7e7d7-9b84-566a-b0d0-1553262abc9b,2023-05-01,-59905.98,-58251.26,-58251.26,-56626.94333333333,-58323.190934166196,-58365.06809505098,-58510.16841674805
3cc7e7d7-9b84-566a-b0d0-1553262abc9b,2023-06-01,-61075.73,-59905.98,-59905.98,-58181.62666666667,-59895.0935432379,-59943.96429584406,-61403.51063964844
3cc7e7d7-9b84-566a-b0d0-1553262abc9b,2023-07-01,-62917.51,-61075.73,-61075.73,-59744.323333333334,-61070.50091179865,-61119.39379834634,-62395.9175
3cc7e7d7-9b84-566a-b0d0-1553262abc9b,2023-08-01,-64038.38,-62917.51,-62917.51,-61299.74,-62875.1252225196,-62928.409492197694,-64391.33177734375
3cc7e7d7-9b84-566a-b0d0-1553262abc9b,2023-09-01,-64571.01,-64038.38,-64038.38,-62677.206666666665,-64013.25309950945,-64064.87494318551,-65054.60943115234
3cc7e7d7-9b84-566a-b0d0-1553262abc9b,2023-10-01,-70731.99,-64571.01,-64571.01,-63842.299999999996,-64510.79768433028,-64565.99960713953,-65717.7286279297
3cc7e7d7-9b84-566a-b0d0-1553262abc9b,2023-11-01,-72733.12,-70731.99,-70731.99,-66447.12666666666,-70461.6754327327,-70543.96644743798,-72469.26563476563
3cc7e7d7-9b84-566a-b0d0-1553262abc9b,2023-12-01,-75834.78,-72733.12,-72733.12,-69345.37333333334,-72545.44757994718,-72615.28598878044,-74142.84644042968
3cc7e7d7-9b84-566a-b0d0-1553262abc9b,2024-01-01,-74346.57,-75834.78,-75834.78,-73099.96333333333,-75636.6298568343,-75704.72128282876,-77399.23654296875
3cc7e7d7-9b84-566a-b0d0-1553262abc9b,2024-02-01,-73708.04,-74346.57,-74346.57,-74304.82333333333,-74251.93857104414,-74310.56300144356,-74768.39000732423
3cc7e7d7-9b84-566a-b0d0-1553262abc9b,2024-03-01,-73654.41,-73708.04,-73708.04,-74629.79666666666,-73651.05205273359,-73704.10487455467,-74271.50368408202
3cc7e7d7-9b84-566a-b0d0-1553262abc9b,2024-04-01,-76513.06,-73654.41,-73654.41,-73903.00666666667,-73600.35726249068,-73653.76335427804,-74217.93398681641
3cc7e7d7-9b84-566a-b0d0-1553262abc9b,2024-05-01,-76726.87,-76513.06,-76513.06,-74625.17,-76386.80800996807,-76448.67207114023,-76042.90408569336
3cc7e7d7-9b84-566a-b0d0-1553262abc9b,2024-06-01,-78572.28,-76726.87,-76726.87,-75631.44666666667,-76674.17679800496,-76726.19996798418,-77704.00549804687
3cc7e7d7-9b84-566a-b0d0-1553262abc9b,2024-07-01,266628.81,-78572.28,-78572.28,-77270.73666666666,-78403.18874255568,-78470.61317037563,-78736.84669616699
3cc7e7d7-9b84-566a-b0d0-1553262abc9b,2024-08-01,279939.71,266628.81,266628.81,37109.886666666665,260682.73060845572,261212.38280787278,268585.1310449219
3cc7e7d7-9b84-566a-b0d0-1553262abc9b,2024-09-01,241059.02,279939.71,279939.71,155998.74666666667,273655.4573600184,274224.6383145876,282942.25223632815
3cc7e7d7-9b84-566a-b0d0-1553262abc9b,2024-10-01,272402.91,241059.02,241059.02,262542.51333333337,234610.67839771777,235215.03471594068,242786.47764160155
3cc7e7d7-9b84-566a-b0d0-1553262abc9b,2024-11-01,271738.26,272402.91,272402.91,264467.2133333333,266459.6392453461,267022.5518975869,275103.9766503906
421978a0-bea5-515b-8bfc-34bc9ba166ae,2022-01-01,-1982.36,,-13252.345000000001,-13252.345000000001,-599.9161128181978,-584.6049202465573,-976.0215454101562
421978a0-bea5-515b-8bfc-34bc9ba166ae,2022-02-01,-2927.57,-1982.36,-1982.36,-1982.36,-2537.2641110200693,-2530.1377866410407,-3774.931899414062
421978a0-bea5-515b-8bfc-34bc9ba166ae,2022-03-01,-5171.64,-2927.57,-2927.57,-2454.965,-3505.5647082731994,-3494.960607638316,-5060.23259765625
421978a0-bea5-515b-8bfc-34bc9ba166ae,2022-04-01,-6847.29,-5171.64,-5171.64,-3360.523333333334,-5784.3864695377115,-5769.586616115406,-7172.782333984375
421978a0-bea5-515b-8bfc-34bc9ba166ae,2022-05-01,-7108.15,-6847.29,-6847.29,-4982.166666666667,-7437.648494090105,-7424.663144776398,-8257.034262695313
421978a0-bea5-515b-8bfc-34bc9ba166ae,2022-06-01,-8574.04,-7108.15,-7108.15,-6375.693333333333,-7710.259416114911,-7696.402570725429,-8114.679174804687
421978a0-bea5-515b-8bfc-34bc9ba166ae,2022-07-01,-11610.25,-8574.04,-8574.04,-7509.826666666667,-9020.585007836351,-9023.688908157004,-9744.447836914063
421978a0-bea5-515b-8bfc-34bc9ba166ae,2022-08-01,-10337.81,-11610.25,-11610.25,-9097.480000000001,-11910.187179376222,-11932.693259635744,-12172.335266113281
421978a0-bea5-515b-8bfc-34bc9ba166ae,2022-09-01,-10495.42,-10337.81,-10337.81,-10174.033333333333,-10888.47502392845,-10879.15721391089,-10214.85377746582
421978a0-bea5-515b-8bfc-34bc9ba166ae,2022-10-01,-10712.46,-10495.42,-10495.42,-10814.493333333334,-10993.057087762534,-10991.089463049897,-10338.740724487305
421978a0-bea5-515b-8bfc-34bc9ba166ae,2022-11-01,-10404.54,-10712.46,-10712.46,-10515.229999999998,-11274.208164022577,-11265.004278623863,-10651.89292236328
421978a0-bea5-515b-8bfc-34bc9ba166ae,2022-12-01,-6654.66,-10404.54,-10404.54,-10537.473333333333,-11027.952501756889,-11010.40580548358,-10115.646414794923
421978a0-bea5-515b-8bfc-34bc9ba166ae,2023-01-01,-6475.09,-6654.66,-6654.66,-9257.22,-7292.918191075992,-7278.50543267294,-7075.968074951172
421978a0-bea5-515b-8bfc-34bc9ba166ae,2023-02-01,-7261.41,-6475.09,-6475.09,-7844.763333333333,-7272.779111346445,-7237.79764211908,-7660.6691015625
421978a0-bea5-515b-8bfc-34bc9ba166ae,2023-03-01,-7917.68,-7261.41,-7261.41,-6797.053333333333,-7930.655406218497,-7911.327903773477,-8301.011196289062
421978a0-bea5-515b-8bfc-34bc9ba166ae,2023-04-01,-10374.22,-7917.68,-7917.68,-7218.06,-8587.911932510653,-8567.610748975436,-8734.252998046875
421978a0-bea5-515b-8bfc-34bc9ba166ae,2023-05-01,-10362.41,-10374.22,-10374.22,-8517.77,-10898.344692438472,-10894.6768968025,-10930.973479003906
421978a0-bea5-515b-8bfc-34bc9ba166ae,2023-06-01,-10160.42,-10362.41,-10362.41,-9551.436666666666,-10951.085989309993,-10938.835612200124,-10571.959896240234
421978a0-bea5-515b-8bfc-34bc9ba166ae,2023-07-01,-11656.19,-10160.42,-10160.42,-10299.016666666668,-10709.623509799552,-10701.692058007837,-10183.445762557983
421978a0-bea5-515b-8bfc-34bc9ba166ae,2023-08-01,-11373.76,-11656.19,-11656.19,-10726.34,-12147.143420555829,-12146.219016400253,-11302.927884521485
421978a0-bea5-515b-8bfc-34bc9ba166ae,2023-09-01,-10973.82,-11373.76,-11373.76,-11063.456666666667,-11951.841819306634,-11939.848785413422,-11146.707982788086
421978a0-bea5-515b-8bfc-34bc9ba166ae,2023-10-01,-11008.9,-10973.82,-10973.82,-11334.590000000002,-11541.538803299596,-11531.221237672475,-10792.353020019531
421978a0-bea5-515b-8bfc-34bc9ba166ae,2023-11-01,-11265.89,-11008.9,-11008.9,-11118.826666666668,-11616.860807573916,-11602.38062795919,-10981.743410491943
421978a0-bea5-515b-8bfc-34bc9ba166ae,2023-12-01,-6623.09,-11265.89,-11265.89,-11082.87,-11846.932757759974,-11835.034161653415,-10946.917923583984
421978a0-bea5-515b-8bfc-34bc9ba166ae,2024-01-01,-5912.96,-6623.09,-6623.09,-9632.626666666665,-7249.221339803025,-7233.060981388206,-7470.432590332031
421978a0-bea5-515b-8bfc-34bc9ba166ae,2024-02-01,-6820.94,-5912.96,-5912.96,-7933.98,-6589.742298543978,-6568.676207702989,-6879.100319824219
421978a0-bea5-515b-8bfc-34bc9ba166ae,2024-03-01,-8524.3,-6820.94,-6820.94,-6452.329999999999,-7389.778788325885,-7381.927589554866,-7854.934995117187
421978a0-bea5-515b-8bfc-34bc9ba166ae,2024-04-01,-8564.81,-8524.3,-8524.3,-7086.066666666666,-9033.124174433251,-9031.580227517457,-8964.604962158202
421978a0-bea5-515b-8bfc-34bc9ba166ae,2024-05-01,-8567.77,-8564.81,-8564.81,-7970.016666666666,-9117.596373360802,-9109.901871283275,-8413.452532348632
421978a0-bea5-515b-8bfc-34bc9ba166ae,2024-06-01,-8532.57,-8567.77,-8567.77,-8552.293333333333,-9113.35192411431,-9106.452694881118,-8575.976824302674
421978a0-bea5-515b-8bfc-34bc9ba166ae,2024-07-01,-13947.27,-8532.57,-8532.57,-8555.050000000001,-9079.396409031573,-9073.424850922043,-9223.80876953125
421978a0-bea5-515b-8bfc-34bc9ba166ae,2024-08-01,-13078.6,-13947.27,-13947.27,-10349.203333333333,-14353.229562323897,-14363.206093350294,-14151.16045715332
421978a0-bea5-515b-8bfc-34bc9ba166ae,2024-09-01,-13797.6,-13078.6,-13078.6,-11852.813333333334,-13581.101966243832,-13579.830530666897,-13159.769395446778
421978a0-bea5-515b-8bfc-34bc9ba166ae,2024-10-01,-17158.29,-13797.6,-13797.6,-13607.823333333334,-14284.137732082043,-14284.14708788161,-14946.426782226563
421978a0-bea5-515b-8bfc-34bc9ba166ae,2024-11-01,-20850.34,-17158.29,-17158.29,-14678.163333333332,-17517.47122762729,-17531.169871306975,-18336.419638671876
4250541c-c6eb-574f-8364-55e2aa26215a,2022-01-01,-5699.76,,-13252.345000000001,-13252.345000000001,-599.9161128181978,-584.6049202465573,-976.0215454101562
4250541c-c6eb-574f-8364-55e2aa26215a,2022-02-01,-6990.69,-5699.76,-5699.76,-5699.76,-6145.473432544101,-6153.708559625069,-8158.617421875
4250541c-c6eb-574f-8364-55e2aa26215a,2022-03-01,-9415.09,-6990.69,-6990.69,-6345.225,-7560.05438150089,-7550.631543240511,-9555.598447265624
4250541c-c6eb-574f-8364-55e2aa26215a,2022-04-01,-10625.82,-9415.09,-9415.09,-7368.513333333333,-9931.5328755169,-9929.406463455172,-11523.861484375
4250541c-c6eb-574f-8364-55e2aa26215a,2022-05-01,-10395.04,-10625.82,-10625.82,-9010.533333333333,-11222.261292413776,-11208.314975595946,-11503.520378417968
4250541c-c6eb-574f-8364-55e2aa26215a,2022-06-01,-11238.9,-10395.04,-10395.04,-10145.316666666668,-11000.348059716565,-10986.052632181276,-10959.097861328126
4250541c-c6eb-574f-8364-55e2aa26215a,2022-07-01,-17724.13,-11238.9,-11238.9,-10753.253333333334,-11716.710581858379,-11717.20837876017,-12464.392919921875
4250541c-c6eb-574f-8364-55e2aa26215a,2022-08-01,-18219.36,-17724.13,-17724.13,-13119.356666666667,-17944.22125494074,-17976.603060562073,-18628.428461914064
4250541c-c6eb-574f-8364-55e2aa26215a,2022-09-01,-28641.72,-18219.36,-18219.36,-15727.463333333335,-18612.627254607978,-18622.001359912243,-19275.941420898438
4250541c-c6eb-574f-8364-55e2aa26215a,2022-10-01,-29537.84,-28641.72,-28641.72,-21528.403333333335,-28524.06769111347,-28597.78144634779,-29910.858671875
4250541c-c6eb-574f-8364-55e2aa26215a,2022-11-01,-30934.53,-29537.84,-29537.84,-25466.306666666667,-29670.852848567756,-29709.97251707769,-31271.058872070313
4250541c-c6eb-574f-8364-55e2aa26215a,2022-12-01,-32077.65,-30934.53,-30934.53,-29704.696666666667,-31020.83499602534,-31064.07936802314,-32635.714936523436
4250541c-c6eb-574f-8364-55e2aa26215a,2023-01-01,-31767.43,-32077.65,-32077.65,-30850.006666666668,-32213.738603244212,-32253.858639514416,-32640.028845214845
4250541c-c6eb-574f-8364-55e2aa26215a,2023-02-01,-32087.86,-31767.43,-31767.43,-31593.203333333335,-32061.658668755666,-32080.50281823334,-32291.05811279297
4250541c-c6eb-574f-8364-55e2aa26215a,2023-03-01,-49726.36,-32087.86,-32087.86,-31977.646666666667,-32399.71908310399,-32416.50351695384,-32874.13038574219
4250541c-c6eb-574f-8364-55e2aa26215a,2023-04-01,-51821.52,-49726.36,-49726.36,-37860.549999999996,-49616.95128836947,-49682.52473819407,-51011.15455566406
4250541c-c6eb-574f-8364-55e2aa26215a,2023-05-01,-52651.77,-51821.52,-51821.52,-44545.246666666666,-51716.98635599032,-51781.08007560807,-53109.04355957031
4250541c-c6eb-574f-8364-55e2aa26215a,2023-06-01,-54783.52,-52651.77,-52651.77,-51399.88333333333,-52546.13658405611,-52607.562039079465,-54024.12119628906
4250541c-c6eb-574f-8364-55e2aa26215a,2023-07-01,-67407.83,-54783.52,-54783.52,-53085.60333333333,-54699.906656966086,-54761.19829481327,-56497.33274414062
4250541c-c6eb-574f-8364-55e2aa26215a,2023-08-01,-68378.21,-67407.83,-67407.83,-58281.04,-66897.51704620634,-67009.9451818167,-69414.22794921875
4250541c-c6eb-574f-8364-55e2aa26215a,2023-09-01,-69828.12,-68378.21,-68378.21,-63523.18666666667,-68143.26218680246,-68219.69995850563,-70407.90836425782
4250541c-c6eb-574f-8364-55e2aa26215a,2023-10-01,-71498.18,-69828.12,-69828.12,-68538.05333333334,-69580.8203829025,-69657.13783671723,-71591.95386230468
4250541c-c6eb-574f-8364-55e2aa26215a,2023-11-01,-72991.41,-71498.18,-71498.18,-69901.50333333334,-71309.63013980338,-71379.53538928171,-72761.88080566406
4250541c-c6eb-574f-8364-55e2aa26215a,2023-12-01,-68548.47,-72991.41,-72991.41,-71439.23666666666,-72777.94760708408,-72851.07685141322,-74058.738125
4250541c-c6eb-574f-8364-55e2aa26215a,2024-01-01,-68724.6,-68548.47,-68548.47,-71012.68666666666,-68543.83046361663,-68592.1144904322,-69195.38040039063
4250541c-c6eb-574f-8364-55e2aa26215a,2024-02-01,-70025.21,-68724.6,-68724.6,-70088.16,-68518.48640656173,-68596.32777697092,-69853.32485351563
4250541c-c6eb-574f-8364-55e2aa26215a,2024-03-01,-72393.75,-70025.21,-70025.21,-69099.42666666667,-69917.59464985263,-69981.56912986327,-71250.62833496094
4250541c-c6eb-574f-8364-55e2aa26215a,2024-04-01,-75088.74,-72393.75,-72393.75,-70381.18666666668,-72233.47322994348,-72302.92854631651,-73194.35540771484
4250541c-c6eb-574f-8364-55e2aa26215a,2024-05-01,-76966.53,-75088.74,-75088.74,-72502.56666666667,-74903.44006080671,-74974.87690117497,-75667.13483642579
4250541c-c6eb-574f-8364-55e2aa26215a,2024-06-01,-79358.95,-76966.53,-76966.53,-74816.34000000001,-76776.12122050798,-76846.77818011225,-78191.840546875
4250541c-c6eb-574f-8364-55e2aa26215a,2024-07-01,-66815.12,-79358.95,-79358.95,-77138.07333333332,-79139.55668817053,-79210.28506332997,-80953.51115722656
4250541c-c6eb-574f-8364-55e2aa26215a,2024-08-01,-70837.42,-66815.12,-66815.12,-74380.2,-66867.17621165064,-66912.2564036319,-68763.55139648437
4250541c-c6eb-574f-8364-55e2aa26215a,2024-09-01,-70949.13,-70837.42,-70837.42,-72337.16333333333,-70733.27343008749,-70796.67296376397,-72042.72651855469
4250541c-c6eb-574f-8364-55e2aa26215a,2024-10-01,-79887.12,-70949.13,-70949.13,-69533.89,-70796.69409429457,-70868.92736772228,-73204.7325390625
4250541c-c6eb-574f-8364-55e2aa26215a,2024-11-01,-76973.03,-79887.12,-79887.12,-73891.22333333333,-79580.0303665723,-79664.77236620506,-80323.59229003906
428e010a-dd46-50cd-8aee-4b70a43d9c48,2022-01-01,-2592.85,,-13252.345000000001,-13252.345000000001,-599.9161128181978,-584.6049202465573,-976.0215454101562
428e010a-dd46-50cd-8aee-4b70a43d9c48,2022-02-01,-1464.33,-2592.85,-2592.85,-2592.85,-3266.019979166501,-3241.752177015383,-3764.4896484375
428e010a-dd46-50cd-8aee-4b70a43d9c48,2022-03-01,-3038.07,-1464.33,-1464.33,-2028.59,-2154.987340485407,-2131.477479479334,-2715.895185546875
428e010a-dd46-50cd-8aee-4b70a43d9c48,2022-04-01,-4969.32,-3038.07,-3038.07,-2365.0833333333335,-3674.3862903507084,-3660.5331368932075,-5087.64861328125
428e010a-dd46-50cd-8aee-4b70a43d9c48,2022-05-01,-3959.73,-4969.32,-4969.32,-3157.24,-5661.600265174248,-5640.644685577936,-5999.464897460937
428e010a-dd46-50cd-8aee-4b70a43d9c48,2022-06-01,-3834.45,-3959.73,-3959.73,-3989.0399999999995,-4679.8748688234555,-4654.66662539836,-4249.039020996093
428e010a-dd46-50cd-8aee-4b70a43d9c48,2022-07-01,-2707.13,-3834.45,-3834.45,-4254.5,-4566.625569190159,-4543.2188749645165,-3880.3234741210936
428e010a-dd46-50cd-8aee-4b70a43d9c48,2022-08-01,-3293.21,-2707.13,-2707.13,-3500.4366666666665,-3608.4710286648656,-3564.505335998813,-2899.4261730957032
428e010a-dd46-50cd-8aee-4b70a43d9c48,2022-09-01,-3400.6,-3293.21,-3293.21,-3278.263333333334,-4143.588654512656,-4106.02744392027,-3207.1939096069336
428e010a-dd46-50cd-8aee-4b70a43d9c48,2022-10-01,-2404.03,-3400.6,-3400.6,-3133.646666666666,-4429.361524806092,-4370.227749310729,-3109.616174316406
428e010a-dd46-50cd-8aee-4b70a43d9c48,2022-11-01,-2772.82,-2404.03,-2404.03,-3032.6133333333332,-3374.7714922032615,-3323.139983815051,-2174.2619946289065
428e010a-dd46-50cd-8aee-4b70a43d9c48,2022-12-01,1539.01,-2772.82,-2772.82,-2859.15,-3789.296432131734,-3731.1297243037297,-2199.458366699219
428e010a-dd46-50cd-8aee-4b70a43d9c48,2023-01-01,-378.33,1539.01,1539.01,-1212.6133333333335,406.90733959838303,474.2767383196249,504.39916015625
428e010a-dd46-50cd-8aee-4b70a43d9c48,2023-02-01,18.09,-378.33,-378.33,-537.38,-1294.7090118257172,-1254.7503624144133,-726.192091064453
428e010a-dd46-50cd-8aee-4b70a43d9c48,2023-03-01,-306.6,18.09,18.09,392.92333333333335,-988.5334706159828,-939.2339801857659,-737.861171875
428e010a-dd46-50cd-8aee-4b70a43d9c48,2023-04-01,-1321.85,-306.6,-306.6,-222.28,-1141.3476772465683,-1114.406338994333,-617.1020141601563
428e010a-dd46-50cd-8aee-4b70a43d9c48,2023-05-01,-2988.1,-1321.85,-1321.85,-536.7866666666666,-2007.0180325051278,-1997.8136973151734,-1554.677392578125
428e010a-dd46-50cd-8aee-4b70a43d9c48,2023-06-01,-2508.15,-2988.1,-2988.1,-1538.8500000000001,-3563.2218896268837,-3565.13633334338,-3212.9167877197265
428e010a-dd46-50cd-8aee-4b70a43d9c48,2023-07-01,-2229.72,-2508.15,-2508.15,-2272.7000000000003,-3307.6047042330415,-3276.4446811461717,-2796.89658203125
428e010a-dd46-50cd-8aee-4b70a43d9c48,2023-08-01,-2792.4,-2229.72,-2229.72,-2575.3233333333333,-3007.7116006752804,-2978.2715160127455,-2485.5830065917967
428e010a-dd46-50cd-8aee-4b70a43d9c48,2023-09-01,-2495.31,-2792.4,-2792.4,-2510.09,-3455.7920181588934,-3437.945801429326,-2886.97283782959
428e010a-dd46-50cd-8aee-4b70a43d9c48,2023-10-01,-1693.18,-2495.31,-2495.31,-2505.81,-3250.5899457750293,-3221.255426124871,-2435.927477416992
428e010a-dd46-50cd-8aee-4b70a43d9c48,2023-11-01,-2195.69,-1693.18,-1693.18,-2326.963333333333,-2532.0508432035112,-2492.521714791698,-1761.1875225830079
428e010a-dd46-50cd-8aee-4b70a43d9c48,2023-12-01,935.68,-2195.69,-2195.69,-2128.06,-3007.6045977452986,-2971.936056022507,-2069.827725830078
428e010a-dd46-50cd-8aee-4b70a43d9c48,2024-01-01,1882.91,935.68,935.68,-984.3966666666669,18.496310245356653,62.43463351017874,341.76666992187495
428e010a-dd46-50cd-8aee-4b70a43d9c48,2024-02-01,-930.58,1882.91,1882.91,207.63333333333335,1009.5621246216252,1047.1018448124432,579.7735253906251
428e010a-dd46-50cd-8aee-4b70a43d9c48,2024-03-01,190.56,-930.58,-930.58,629.3366666666667,-1678.211369357489,-1658.0821959886202,-949.5998783874512
428e010a-dd46-50cd-8aee-4b70a43d9c48,2024-04-01,-684.39,190.56,190.56,380.96333333333337,-424.0298950588239,-423.64319456875245,-104.47097534179687
428e010a-dd46-50cd-8aee-4b70a43d9c48,2024-05-01,-619.87,-684.39,-684.39,-474.80333333333334,-928.8957671932167,-980.1146367844598,-713.0424429321289
428e010a-dd46-50cd-8aee-4b70a43d9c48,2024-06-01,-910.65,-619.87,-619.87,-371.23333333333335,-1044.9581546396803,-1070.2483285956548,-702.4214526367188
428e010a-dd46-50cd-8aee-4b70a43d9c48,2024-07-01,2671.86,-910.65,-910.65,-738.3033333333333,-1508.8448339875195,-1508.5279791111816,-958.3135284423828
428e010a-dd46-50cd-8aee-4b70a43d9c48,2024-08-01,5897.31,2671.86,2671.86,380.4466666666667,1829.8292920181418,1859.2784747305075,2217.1647485351564
428e010a-dd46-50cd-8aee-4b70a43d9c48,2024-09-01,5826.25,5897.31,5897.31,2552.84,4953.052344218035,4994.396673145684,4224.082827148438
428e010a-dd46-50cd-8aee-4b70a43d9c48,2024-10-01,7514.51,5826.25,5826.25,4798.473333333334,4761.743856308573,4821.076248886133,4816.556579589844
428e010a-dd46-50cd-8aee-4b70a43d9c48,2024-11-01,8974.82,7514.51,7514.51,6412.69,6472.579583226567,6528.212900404563,6750.4888208007815
43b0afa4-8ea3-5591-902e-bbaae0488e5a,2022-01-01,-4010.58,,-13252.345000000001,-13252.345000000001,-599.9161128181978,-584.6049202465573,-976.0215454101562
43b0afa4-8ea3-5591-902e-bbaae0488e5a,2022-02-01,-19727.46,-4010.58,-4010.58,-4010.58,-4473.863902063666,-4477.698969925342,-7722.79875
43b0afa4-8ea3-5591-902e-bbaae0488e5a,2022-03-01,-26575.78,-19727.46,-19727.46,-11869.02,-19995.273000797955,-20023.374714353187,-24388.2773828125
43b0afa4-8ea3-5591-902e-bbaae0488e5a,2022-04-01,-34702.33,-26575.78,-26575.78,-16771.273333333334,-26857.242392526332,-26878.68528556883,-31223.680390625
43b0afa4-8ea3-5591-902e-bbaae0488e5a,2022-05-01,-33814.74,-34702.33,-34702.33,-27001.85666666667,-34803.636302882485,-34845.74029550524,-39148.4696484375
43b0afa4-8ea3-5591-902e-bbaae0488e5a,2022-06-01,-33935.57,-33814.74,-33814.74,-31697.61666666667,-34160.474352530684,-34174.5794542285,-35232.0525
43b0afa4-8ea3-5591-902e-bbaae0488e5a,2022-07-01,-35182.44,-33935.57,-33935.57,-34150.88,-33963.257699390844,-34014.453111124014,-34581.83770019531
43b0afa4-8ea3-5591-902e-bbaae0488e5a,2022-08-01,-34038.86,-35182.44,-35182.44,-34310.916666666664,-35389.36425868849,-35417.01727173693,-35234.68167633057
43b0afa4-8ea3-5591-902e-bbaae0488e5a,2022-09-01,-39402.59,-34038.86,-34038.86,-34385.62333333333,-34409.51092986424,-34418.171139599224,-34420.58250366211
43b0afa4-8ea3-5591-902e-bbaae0488e5a,2022-10-01,-36655.23,-39402.59,-39402.59,-36207.96333333333,-39568.04720889014,-39603.790319298576,-37125.21768554687
43b0afa4-8ea3-5591-902e-bbaae0488e5a,2022-11-01,-38861.17,-36655.23,-36655.23,-36698.89333333333,-36947.72311252865,-36968.39591461288,-35994.27315185547
43b0afa4-8ea3-5591-902e-bbaae0488e5a,2022-12-01,-25410.68,-38861.17,-38861.17,-38306.329999999994,-39040.399845490625,-39073.80309788755,-37252.89180175781
43b0afa4-8ea3-5591-902e-bbaae0488e5a,2023-01-01,-23965.23,-25410.68,-25410.68,-33642.36,-26031.40480752745,-26017.23708383743,-25402.447271995545
43b0afa4-8ea3-5591-902e-bbaae0488e5a,2023-02-01,-29245.31,-23965.23,-23965.23,-29412.36,-24642.92473405852,-24619.97473255794,-26689.182880859375
43b0afa4-8ea3-5591-902e-bbaae0488e5a,2023-03-01,-33057.83,-29245.31,-29245.31,-26207.073333333334,-29662.055065268327,-29673.760296645454,-30941.5678125
43b0afa4-8ea3-5591-902e-bbaae0488e5a,2023-04-01,-34706.52,-33057.83,-33057.83,-28756.123333333333,-33348.71072177313,-33372.635593605046,-33665.747419433595
43b0afa4-8ea3-5591-902e-bbaae0488e5a,2023-05-01,-35136.89,-34706.52,-34706.52,-32336.553333333333,-34766.5157814717,-34817.37133351038,-35480.47324707031
43b0afa4-8ea3-5591-902e-bbaae0488e5a,2023-06-01,-35638.07,-35136.89,-35136.89,-34300.41333333334,-35374.54989263908,-35400.970290039084,-35594.892838134765
43b0afa4-8ea3-5591-902e-bbaae0488e5a,2023-07-01,-36936.22,-35638.07,-35638.07,-35160.493333333325,-35921.72454473649,-35939.65414510941,-36443.38396484375
43b0afa4-8ea3-5591-902e-bbaae0488e5a,2023-08-01,-34963.96,-36936.22,-36936.22,-35903.72666666667,-37111.45616455645,-37145.51304860074,-37305.61111328125
43b0afa4-8ea3-5591-902e-bbaae0488e5a,2023-09-01,-38516.29,-34963.96,-34963.96,-35846.083333333336,-35329.024607675354,-35338.610057122765,-34921.629231414794
43b0afa4-8ea3-5591-902e-bbaae0488e5a,2023-10-01,-35914.64,-38516.29,-38516.29,-36805.49,-38720.920838860875,-38751.998604105414,-36133.5077734375
43b0afa4-8ea3-5591-902e-bbaae0488e5a,2023-11-01,-34528.31,-35914.64,-35914.64,-36464.963333333326,-36136.682043521876,-36167.36177942109,-35667.48916687012
43b0afa4-8ea3-5591-902e-bbaae0488e5a,2023-12-01,-28800.71,-34528.31,-34528.31,-36319.746666666666,-34820.967862716934,-34842.64477523029,-34004.31628662109
43b0afa4-8ea3-5591-902e-bbaae0488e5a,2024-01-01,-35583.32,-28800.71,-28800.71,-33081.22,-29287.900010568334,-29288.57204620608,-30995.606728515624
43b0afa4-8ea3-5591-902e-bbaae0488e5a,2024-02-01,-38554.97,-35583.32,-35583.32,-32970.78,-35578.780227757794,-35640.76098257408,-37147.48516113281
43b0afa4-8ea3-5591-902e-bbaae0488e5a,2024-03-01,-39433.2,-38554.97,-38554.97,-34313.0,-38724.010779666656,-38761.5129556694,-37235.765532226564
43b0afa4-8ea3-5591-902e-bbaae0488e5a,2024-04-01,-34895.77,-39433.2,-39433.2,-37857.16333333333,-39433.85306601166,-39490.791431806254,-38462.27421875
43b0afa4-8ea3-5591-902e-bbaae0488e5a,2024-05-01,-36959.84,-34895.77,-34895.77,-37627.98,-35109.16769756655,-35139.86358442998,-34263.962077636716
43b0afa4-8ea3-5591-902e-bbaae0488e5a,2024-06-01,-35605.09,-36959.84,-36959.84,-37096.27,-37080.24116521599,-37123.6940804764,-36298.079135742184
43b0afa4-8ea3-5591-902e-bbaae0488e5a,2024-07-01,134286.09,-35605.09,-35605.09,-35820.23333333333,-35915.034820043424,-35933.545842182255,-36121.068698730465
43b0afa4-8ea3-5591-902e-bbaae0488e5a,2024-08-01,112377.98,134286.09,134286.09,20573.72,133292.3106258438,133296.1224872442,132103.88736328125
43b0afa4-8ea3-5591-902e-bbaae0488e5a,2024-09-01,168598.64,112377.98,112377.98,70352.99333333333,111160.26853447905,111196.39771276705,112967.70424316406
43b0afa4-8ea3-5591-902e-bbaae0488e5a,2024-10-01,165723.82,168598.64,168598.64,138420.90333333332,164730.60413491048,165067.5596877656,170090.07395996095
43b0afa4-8ea3-5591-902e-bbaae0488e5a,2024-11-01,221914.21,165723.82,165723.82,148900.14666666667,162927.87936245964,163141.76936947834,168628.6979296875
45f4dfa8-ec36-5547-8114-d5866313f2f4,2022-01-01,-1427.8,,-13252.345000000001,-13252.345000000001,-599.9161128181978,-584.6049202465573,-976.0215454101562
45f4dfa8-ec36-5547-8114-d5866313f2f4,2022-02-01,-16264.83,-1427.8,-1427.8,-1427.8,-2012.353185722929,-2001.1526137110054,-4566.6134765625
45f4dfa8-ec36-5547-8114-d5866313f2f4,2022-03-01,-17162.45,-16264.83,-16264.83,-8846.315,-16779.18832365038,-16765.081521388154,-18176.891645507814
45f4dfa8-ec36-5547-8114-d5866313f2f4,2022-04-01,-19716.95,-17162.45,-17162.45,-11618.36,-17650.440389418774,-17650.28892129536,-19331.721240234376
45f4dfa8-ec36-5547-8114-d5866313f2f4,2022-05-01,-22169.92,-19716.95,-19716.95,-17714.743333333336,-20099.827354495683,-20110.310596503277,-20791.768969726563
45f4dfa8-ec36-5547-8114-d5866313f2f4,2022-06-01,-22469.02,-22169.92,-22169.92,-19683.106666666663,-22585.612472660418,-22593.454253339354,-24036.020830078123
45f4dfa8-ec36-5547-8114-d5866313f2f4,2022-07-01,-24513.38,-22469.02,-22469.02,-21451.963333333333,-22703.92648933845,-22732.491961248532,-23178.642924804688
45f4dfa8-ec36-5547-8114-d5866313f2f4,2022-08-01,-29224.1,-24513.38,-24513.38,-23050.773333333334,-24800.990209748285,-24822.782284892757,-25262.733942871095
45f4dfa8-ec36-5547-8114-d5866313f2f4,2022-09-01,-33051.42,-29224.1,-29224.1,-25402.166666666668,-29447.260528812578,-29475.522845775107,-31013.48342285156
45f4dfa8-ec36-5547-8114-d5866313f2f4,2022-10-01,-33608.4,-33051.42,-33051.42,-28929.63333333333,-33252.23061871994,-33282.3271674221,-32458.513994140623
45f4dfa8-ec36-5547-8114-d5866313f2f4,2022-11-01,-34917.56,-33608.4,-33608.4,-31961.30666666667,-33856.96355284556,-33880.66102365219,-35367.90927734375
45f4dfa8-ec36-5547-8114-d5866313f2f4,2022-12-01,-35967.91,-34917.56,-34917.56,-33859.12666666666,-35133.811330646124,-35161.236239138765,-36516.65741210937
45f4dfa8-ec36-5547-8114-d5866313f2f4,2023-01-01,-35553.84,-35967.91,-35967.91,-34831.29,-36221.9990678182,-36244.88662346388,-36796.69289794922
45f4dfa8-ec36-5547-8114-d5866313f2f4,2023-02-01,-40006.33,-35553.84,-35553.84,-35479.77,-35786.38280789784,-35811.1818423974,-36660.42374023437
45f4dfa8-ec36-5547-8114-d5866313f2f4,2023-03-01,-41487.75,-40006.33,-40006.33,-37176.026666666665,-40119.796401546686,-40157.29788640817,-40996.90788085938
45f4dfa8-ec36-5547-8114-d5866313f2f4,2023-04-01,-43818.68,-41487.75,-41487.75,-39015.973333333335,-41578.27408156364,-41618.501234707524,-42832.02380371094
45f4dfa8-ec36-5547-8114-d5866313f2f4,2023-05-01,-43708.75,-43818.68,-43818.68,-41770.92,-43862.23906113258,-43908.83743611052,-43796.54934661865
45f4dfa8-ec36-5547-8114-d5866313f2f4,2023-06-01,-48355.68,-43708.75,-43708.75,-43005.06,-43880.99092308081,-43911.764378956126,-44332.05401611328
45f4dfa8-ec36-5547-8114-d5866313f2f4,2023-07-01,-50813.98,-48355.68,-48355.68,-45294.369999999995,-48328.1445687423,-48382.97096417354,-50443.431220703125
45f4dfa8-ec36-5547-8114-d5866313f2f4,2023-08-01,-53403.43,-50813.98,-50813.98,-47626.136666666665,-50828.15081002594,-50877.66588815307,-52822.77321289063
45f4dfa8-ec36-5547-8114-d5866313f2f4,2023-09-01,-55414.75,-53403.43,-53403.43,-50857.69666666666,-53431.89209277081,-53477.30912459586,-55324.80170410156
45f4dfa8-ec36-5547-8114-d5866313f2f4,2023-10-01,-56342.27,-55414.75,-55414.75,-53210.72,-55414.2329409908,-55464.495090236625,-55253.52946472168
45f4dfa8-ec36-5547-8114-d5866313f2f4,2023-11-01,-57401.13,-56342.27,-56342.27,-55053.48333333333,-56389.07433486897,-56432.552444461,-57853.5405078125
45f4dfa8-ec36-5547-8114-d5866313f2f4,2023-12-01,-60551.27,-57401.13,-57401.13,-56386.049999999996,-57368.373270639066,-57422.12083997028,-58305.46666992187
45f4dfa8-ec36-5547-8114-d5866313f2f4,2024-01-01,-58514.63,-60551.27,-60551.27,-58098.22333333333,-60434.68174518331,-60498.69486273222,-61538.43937255859
45f4dfa8-ec36-5547-8114-d5866313f2f4,2024-02-01,-64125.38,-58514.63,-58514.63,-58822.34333333333,-58596.76943416908,-58636.66647113349,-58453.122008209226
45f4dfa8-ec36-5547-8114-d5866313f2f4,2024-03-01,-61503.29,-64125.38,-64125.38,-61063.76,-63908.918297510834,-63985.93935286761,-62853.02038085937
45f4dfa8-ec36-5547-8114-d5866313f2f4,2024-04-01,-61428.85,-61503.29,-61503.29,-61381.1,-61566.26410937313,-61609.094979018744,-61168.542380371095
45f4dfa8-ec36-5547-8114-d5866313f2f4,2024-05-01,-59089.64,-61428.85,-61428.85,-62352.50666666666,-61403.72254470761,-61458.390457868096,-60804.56118164062
45f4dfa8-ec36-5547-8114-d5866313f2f4,2024-06-01,-56551.77,-59089.64,-59089.64,-60673.926666666666,-59133.42037576134,-59182.5381220192,-58909.17060913086
45f4dfa8-ec36-5547-8114-d5866313f2f4,2024-07-01,-64309.47,-56551.77,-56551.77,-59023.420000000006,-56780.41467860269,-56808.17427378218,-57248.22989990234
45f4dfa8-ec36-5547-8114-d5866313f2f4,2024-08-01,-61402.64,-64309.47,-64309.47,-59983.62666666667,-64204.97960436096,-64272.16697459462,-64691.53741333008
45f4dfa8-ec36-5547-8114-d5866313f2f4,2024-09-01,-60539.01,-61402.64,-61402.64,-60754.62666666667,-61440.31435352841,-61489.28084379872,-62387.77818359375
45f4dfa8-ec36-5547-8114-d5866313f2f4,2024-10-01,-52476.11,-60539.01,-60539.01,-62083.706666666665,-60473.06869177757,-60530.89126012501,-62026.94823242188
45f4dfa8-ec36-5547-8114-d5866313f2f4,2024-11-01,-37489.29,-52476.11,-52476.11,-58139.253333333334,-52520.13638339934,-52569.97304023808,-52298.579635009766
49c5eac0-000b-5c39-a522-787f17982a06,2022-01-01,2030.65,,-13252.345000000001,-13252.345000000001,-599.9161128181978,-584.6049202465573,-976.0215454101562
49c5eac0-000b-5c39-a522-787f17982a06,2022-02-01,1966.2,2030.65,2030.65,2030.65,1385.539672037731,1404.1528044742631,1851.842108154297
49c5eac0-000b-5c39-a522-787f17982a06,2022-03-01,1724.02,1966.2,1966.2,1998.4250000000002,1322.7022439675902,1340.8705728170467,1235.45537109375
49c5eac0-000b-5c39-a522-787f17982a06,2022-04-01,1778.04,1724.02,1724.02,1906.956666666667,972.8337538706456,1003.1325576691297,1537.0464434814453
49c5eac0-000b-5c39-a522-787f17982a06,2022-05-01,2543.29,1778.04,1778.04,1822.7533333333333,1036.9881342723272,1065.8661375368797,1669.4291067504882
49c5eac0-000b-5c39-a522-787f17982a06,2022-06-01,1638.95,2543.29,2543.29,2015.1166666666668,1763.2169577876648,1796.802957696782,2467.911757507324
49c5eac0-000b-5c39-a522-787f17982a06,2022-07-01,2336.85,1638.95,1638.95,1986.76,760.0732471744884,803.8711580848988,1526.212176513672
49c5eac0-000b-5c39-a522-787f17982a06,2022-08-01,2249.69,2336.85,2336.85,2173.03,1519.0361286562797,1555.4801832536343,2452.826707458496
49c5eac0-000b-5c39-a522-787f17982a06,2022-09-01,2374.33,2249.69,2249.69,2075.1633333333334,1420.9638605201837,1459.4512689520857,2415.905805053711
49c5eac0-000b-5c39-a522-787f17982a06,2022-10-01,3268.41,2374.33,2374.33,2320.2900000000004,1534.4340800738105,1573.9810410671296,2550.495267944336
49c5eac0-000b-5c39-a522-787f17982a06,2022-11-01,3077.06,3268.41,3268.41,2630.81,2374.6010717201293,2419.987960936768,3136.31754699707
49c5eac0-000b-5c39-a522-787f17982a06,2022-12-01,4546.89,3077.06,3077.06,2906.6,2241.1065189614933,2279.954332358279,3287.4905572509765
49c5eac0-000b-5c39-a522-787f17982a06,2023-01-01,1638.34,4546.89,4546.89,3630.786666666667,3635.078376367577,3681.7946882682772,3525.701950683594
49c5eac0-000b-5c39-a522-787f17982a06,2023-02-01,2546.11,1638.34,1638.34,3087.4300000000003,756.6014681182135,800.036287364412,2121.237430419922
49c5eac0-000b-5c39-a522-787f17982a06,2023-03-01,2278.22,2546.11,2546.11,2910.4466666666667,1673.8225744410113,1715.9186724343244,2432.5805352783204
49c5eac0-000b-5c39-a522-787f17982a06,2023-04-01,2718.95,2278.22,2278.22,2154.2233333333334,1453.9900880151622,1490.514832082843,2190.8462435913084
49c5eac0-000b-5c39-a522-787f17982a06,2023-05-01,869.23,2718.95,2718.95,2514.4266666666667,1930.1711452107222,1962.9535260519158,2411.015460205078
49c5eac0-000b-5c39-a522-787f17982a06,2023-06-01,1241.61,869.23,869.23,1955.4666666666665,90.48372575529015,121.20569802911257,648.2284588623047
49c5eac0-000b-5c39-a522-787f17982a06,2023-07-01,970.75,1241.61,1241.61,1609.93,591.630677115747,606.7961888561495,1086.168135986328
49c5eac0-000b-5c39-a522-787f17982a06,2023-08-01,1277.05,970.75,970.75,1027.1966666666665,295.8377963213338,315.50185666130153,981.2095594406128
49c5eac0-000b-5c39-a522-787f17982a06,2023-09-01,1664.94,1277.05,1277.05,1163.1366666666665,587.3059672788539,609.411940012641,1379.27013092041
49c5eac0-000b-5c39-a522-787f17982a06,2023-10-01,769.4,1664.94,1664.94,1304.2466666666667,940.0782927720535,966.5025565785201,1654.2836756134034
49c5eac0-000b-5c39-a522-787f17982a06,2023-11-01,1651.41,769.4,769.4,1237.13,69.76426502222364,92.58363140289782,1186.6308044433595
49c5eac0-000b-5c39-a522-787f17982a06,2023-12-01,3301.97,1651.41,1651.41,1361.9166666666667,959.3626840062975,981.2403456640799,1882.8137322998048
49c5eac0-000b-5c39-a522-787f17982a06,2024-01-01,1516.48,3301.97,3301.97,1907.5933333333332,2521.2682807056435,2551.7116301144765,2639.939787597656
49c5eac0-000b-5c39-a522-787f17982a06,2024-02-01,1452.1,1516.48,1516.48,2156.62,773.272926162721,799.0355395995898,1452.7529110717774
49c5eac0-000b-5c39-a522-787f17982a06,2024-03-01,1358.75,1452.1,1452.1,2090.183333333333,622.9083321332984,659.2549674067382,1458.7227931976317
49c5eac0-000b-5c39-a522-787f17982a06,2024-04-01,1460.99,1358.75,1358.75,1442.4433333333334,612.3630967564168,638.6396152753267,1257.8618469238281
49c5eac0-000b-5c39-a522-787f17982a06,2024-05-01,1654.74,1460.99,1460.99,1423.9466666666667,631.7547827755967,669.2808293982221,1537.2179205322266
49c5eac0-000b-5c39-a522-787f17982a06,2024-06-01,1385.49,1654.74,1654.74,1491.493333333333,807.71628940723,846.9362749675278,1750.622209777832
49c5eac0-000b-5c39-a522-787f17982a06,2024-07-01,5542.9,1385.49,1385.49,1500.4066666666668,644.0750223982138,672.0450059572327,1673.4676306152344
49c5eac0-000b-5c39-a522-787f17982a06,2024-08-01,10222.86,5542.9,5542.9,2861.043333333333,4628.720078038228,4673.846811907082,4830.493811035156
49c5eac0-000b-5c39-a522-787f17982a06,2024-09-01,6449.58,10222.86,10222.86,5717.083333333333,9030.694218224638,9104.790429162598,8794.706557617188
49c5eac0-000b-5c39-a522-787f17982a06,2024-10-01,13820.75,6449.58,6449.58,7405.113333333335,5586.665252418343,5622.869757955173,6693.863874511719
49c5eac0-000b-5c39-a522-787f17982a06,2024-11-01,14715.12,13820.75,13820.75,10164.396666666667,12605.63476683523,12679.396662317533,13781.765609741211
4af1beda-0c96-515a-98a7-adac9f7f930c,2022-01-01,-365.28,,-13252.345000000001,-13252.345000000001,-599.9161128181978,-584.6049202465573,-976.0215454101562
4af1beda-0c96-515a-98a7-adac9f7f930c,2022-02-01,-236.43,-365.28,-365.28,-365.28,-1046.9786001167479,-1022.5811258052357,-1420.0534375
4af1beda-0c96-515a-98a7-adac9f7f930c,2022-03-01,-339.87,-236.43,-236.43,-300.855,-959.0451712729002,-928.9173504018652,-1141.619453125
4af1beda-0c96-515a-98a7-adac9f7f930c,2022-04-01,-629.93,-339.87,-339.87,-313.85999999999996,-1015.4226160260893,-995.0396978720463,-982.8967944335938
4af1beda-0c96-515a-98a7-adac9f7f930c,2022-05-01,512.29,-629.93,-629.93,-402.07666666666665,-1264.7622577224765,-1248.5575453108065,-1069.7938610839842
4af1beda-0c96-515a-98a7-adac9f7f930c,2022-06-01,-2257.47,512.29,512.29,-152.50333333333333,-165.4536916004904,-143.4405959782763,-19.227700195312536
4af1beda-0c96-515a-98a7-adac9f7f930c,2022-07-01,-3803.93,-2257.47,-2257.47,-791.7033333333333,-2731.6861007252974,-2741.217331747969,-1333.7696826171873
4af1beda-0c96-515a-98a7-adac9f7f930c,2022-08-01,-3300.79,-3803.93,-3803.93,-1849.7033333333331,-4245.677172547523,-4259.93897410464,-2813.4718701171873
4af1beda-0c96-515a-98a7-adac9f7f930c,2022-09-01,-1294.84,-3300.79,-3300.79,-3120.7299999999996,-3801.353686270549,-3807.1080916098376,-2916.063010253906
4af1beda-0c96-515a-98a7-adac9f7f930c,2022-10-01,-3689.96,-1294.84,-1294.84,-2799.853333333333,-1627.9859322215993,-1656.3477903026192,-1342.5464476013183
4af1beda-0c96-515a-98a7-adac9f7f930c,2022-11-01,216.7,-3689.96,-3689.96,-2761.8633333333332,-4207.445547180298,-4209.49470981086,-2279.9083642578125
4af1beda-0c96-515a-98a7-adac9f7f930c,2022-12-01,2979.25,216.7,216.7,-1589.3666666666668,-483.89577225578347,-464.19641661816144,254.99782485961913
4af1beda-0c96-515a-98a7-adac9f7f930c,2023-01-01,1430.0,2979.25,2979.25,-164.67000000000007,2318.742150974287,2331.797910567585,1505.0999755859375
4af1beda-0c96-515a-98a7-adac9f7f930c,2023-02-01,-968.41,1430.0,1430.0,1541.9833333333333,798.3041948940436,806.3687073399627,383.6260986328125
4af1beda-0c96-515a-98a7-adac9f7f930c,2023-03-01,1701.18,-968.41,-968.41,1146.9466666666667,-948.6578061462856,-1029.193404941944,-1057.5901300048827
4af1beda-0c96-515a-98a7-adac9f7f930c,2023-04-01,-1272.13,1701.18,1701.18,720.9233333333333,1284.5179298725293,1260.876046382621,1013.5947338867188
4af1beda-0c96-515a-98a7-adac9f7f930c,2023-05-01,-564.24,-1272.13,-1272.13,-179.78666666666666,-1830.4445782589341,-1831.652078867436,-623.3566845703126
4af1beda-0c96-515a-98a7-adac9f7f930c,2023-06-01,-2266.05,-564.24,-564.24,-45.063333333333354,-1114.6758647442234,-1118.4888846012736,-537.7051165008545
4af1beda-0c96-515a-98a7-adac9f7f930c,2023-07-01,-1889.57,-2266.05,-2266.05,-1367.4733333333334,-2604.0569613832067,-2633.6783885848245,-1689.6669433593752
4af1beda-0c96-515a-98a7-adac9f7f930c,2023-08-01,-1504.0,-1889.57,-1889.57,-1573.2866666666666,-2342.364067312342,-2352.9526617094252,-1827.7470820617675
4af1beda-0c96-515a-98a7-adac9f7f930c,2023-09-01,1503.44,-1504.0,-1504.0,-1886.54,-2035.9006924361515,-2035.2841553690964,-1373.7620849609375
4af1beda-0c96-515a-98a7-adac9f7f930c,2023-10-01,49.34,1503.44,1503.44,-630.0433333333333,835.4629358705253,851.2997033235712,597.6712622070313
4af1beda-0c96-515a-98a7-adac9f7f930c,2023-11-01,917.05,49.34,49.34,16.25999999999999,-515.3687652328005,-512.5577431536615,188.53480895996094
4af1beda-0c96-515a-98a7-adac9f7f930c,2023-12-01,2130.77,917.05,917.05,823.2766666666666,309.53365879449575,316.0208096575069,520.8708312988281
4af1beda-0c96-515a-98a7-adac9f7f930c,2024-01-01,5687.72,2130.77,2130.77,1032.3866666666665,1988.4513180769945,1934.0982884697569,1947.9559588623047
4af1beda-0c96-515a-98a7-adac9f7f930c,2024-02-01,4608.4,5687.72,5687.72,2911.8466666666664,4844.455658069575,4881.118909713801,3923.1866748046878
4af1beda-0c96-515a-98a7-adac9f7f930c,2024-03-01,5608.32,4608.4,4608.4,4142.296666666666,3668.6061679673194,3717.7332696773656,3762.414770507812
4af1beda-0c96-515a-98a7-adac9f7f930c,2024-04-01,3028.69,5608.32,5608.32,5301.48,4618.567374248344,4674.08104099567,4308.021171875
4af1beda-0c96-515a-98a7-adac9f7f930c,2024-05-01,1975.04,3028.69,3028.69,4415.136666666666,2172.233095347521,2212.6085788124956,3009.70948928833
4af1beda-0c96-515a-98a7-adac9f7f930c,2024-06-01,1445.1,1975.04,1975.04,3537.35,1223.209944501424,1251.5499391951719,1676.4967260742187
4af1beda-0c96-515a-98a7-adac9f7f930c,2024-07-01,-12810.02,1445.1,1445.1,2149.61,692.1735028304938,721.2907583394611,1431.6143117904662
4af1beda-0c96-515a-98a7-adac9f7f930c,2024-08-01,6949.93,-12810.02,-12810.02,-3129.9600000000005,-11448.781955402794,-11689.211246857793,-5855.2153125
4af1beda-0c96-515a-98a7-adac9f7f930c,2024-09-01,41846.05,6949.93,6949.93,-1471.6633333333332,7336.251547258977,7206.243236627264,13287.9065625
4af1beda-0c96-515a-98a7-adac9f7f930c,2024-10-01,263103.36,41846.05,41846.05,11995.320000000002,40826.28846680177,40864.42668677373,45510.98676757813
4af1beda-0c96-515a-98a7-adac9f7f930c,2024-11-01,352317.37,263103.36,263103.36,103966.44666666666,256699.24475205672,257298.2838842329,266142.0545800781
4cd33765-af86-5206-9254-9c55d139e813,2022-01-01,-92.53,,-13252.345000000001,-13252.345000000001,-599.9161128181978,-584.6049202465573,-976.0215454101562
4cd33765-af86-5206-9254-9c55d139e813,2022-02-01,-1210.78,-92.53,-92.53,-92.53,-687.7403278019851,-674.9436744628332,-1411.836640625
4cd33765-af86-5206-9254-9c55d139e813,2022-03-01,-2214.97,-1210.78,-1210.78,-651.655,-1829.9120263734617,-1814.527094116499,-3112.2452099609372
4cd33765-af86-5206-9254-9c55d139e813,2022-04-01,-4557.42,-2214.97,-2214.97,-1172.76,-2854.8053109829525,-2837.57317486631,-4222.280546874999
4cd33765-af86-5206-9254-9c55d139e813,2022-05-01,-7008.83,-4557.42,-4557.42,-2661.0566666666664,-5175.677182999325,-5160.109716611512,-5519.550554199219
4cd33765-af86-5206-9254-9c55d139e813,2022-06-01,-14191.16,-7008.83,-7008.83,-4593.74,-7525.492664711109,-7523.814361440029,-9639.620771484375
4cd33765-af86-5206-9254-9c55d139e813,2022-07-01,-21218.85,-14191.16,-14191.16,-8585.803333333331,-14538.950520698972,-14555.361126321062,-18236.5115625
4cd33765-af86-5206-9254-9c55d139e813,2022-08-01,-24045.77,-21218.85,-21218.85,-14139.613333333333,-21317.656273600507,-21362.004177569717,-25447.99208984375
4cd33765-af86-5206-9254-9c55d139e813,2022-09-01,-25933.61,-24045.77,-24045.77,-19818.593333333334,-24192.19705567243,-24229.879701691374,-27419.71091796875
4cd33765-af86-5206-9254-9c55d139e813,2022-10-01,-27711.99,-25933.61,-25933.61,-23732.743333333336,-26087.2796457058,-26124.509086740312,-28662.514541015626
4cd33765-af86-5206-9254-9c55d139e813,2022-11-01,-31546.12,-27711.99,-27711.99,-25897.123333333337,-27897.301002559863,-27928.320261053534,-29739.37122558594
4cd33765-af86-5206-9254-9c55d139e813,2022-12-01,-34009.78,-31546.12,-31546.12,-28397.24,-31666.896143554615,-31707.05867640175,-33513.90881835937
4cd33765-af86-5206-9254-9c55d139e813,2023-01-01,-35154.27,-34009.78,-34009.78,-31089.296666666665,-34139.47340948981,-34175.9497845909,-36093.404267578124
4cd33765-af86-5206-9254-9c55d139e813,2023-02-01,-34442.21,-35154.27,-35154.27,-33570.056666666664,-35382.688280256756,-35408.26889561682,-36535.778178710934
4cd33765-af86-5206-9254-9c55d139e813,2023-03-01,-33580.79,-34442.21,-34442.21,-34535.42,-34759.330719845624,-34774.05363738678,-35358.46091552734
4cd33765-af86-5206-9254-9c55d139e813,2023-04-01,-34839.73,-33580.79,-33580.79,-34392.42333333333,-33945.81254131669,-33955.38134783072,-34399.24245361328
4cd33765-af86-5206-9254-9c55d139e813,2023-05-01,-39146.37,-34839.73,-34839.73,-34287.57666666667,-35204.50167222457,-35214.247715154896,-35646.22096679688
4cd33765-af86-5206-9254-9c55d139e813,2023-06-01,-42845.38,-39146.37,-39146.37,-35855.630000000005,-39365.221418012174,-39391.80099911805,-41088.067387695315
4cd33765-af86-5206-9254-9c55d139e813,2023-07-01,-49932.93,-42845.38,-42845.38,-38943.82666666667,-42974.7355588888,-43012.22067856666,-44975.59826171875
4cd33765-af86-5206-9254-9c55d139e813,2023-08-01,-54792.3,-49932.93,-49932.93,-43974.89333333333,-49872.980118910804,-49931.017167210055,-53133.533271484375
4cd33765-af86-5206-9254-9c55d139e813,2023-09-01,-55918.77,-54792.3,-54792.3,-49190.20333333334,-54623.11546430653,-54694.30207796537,-57892.89033203125
4cd33765-af86-5206-9254-9c55d139e813,2023-10-01,-57876.67,-55918.77,-55918.77,-53548.0,-55851.18569979225,-55909.035388554206,-58291.49802734375
4cd33765-af86-5206-9254-9c55d139e813,2023-11-01,-62314.84,-57876.67,-57876.67,-56195.91333333333,-57864.13026745455,-57912.09853959054,-59521.74397460937
4cd33765-af86-5206-9254-9c55d139e813,2023-12-01,-64585.76,-62314.84,-62314.84,-58703.426666666666,-62129.856648202294,-62200.547783047165,-64241.779331054684
4cd33765-af86-5206-9254-9c55d139e813,2024-01-01,-64275.15,-64585.76,-64585.76,-61592.42333333334,-64439.291173110236,-64504.81318073394,-66637.03929687501
4cd33765-af86-5206-9254-9c55d139e813,2024-02-01,-64723.79,-64275.15,-64275.15,-63725.25,-64267.1880833053,-64315.780445516815,-64957.86112060547
4cd33765-af86-5206-9254-9c55d139e813,2024-03-01,-66184.7,-64723.79,-64723.79,-64528.23333333334,-64664.972486091,-64720.60433483957,-65592.5130834961
4cd33765-af86-5206-9254-9c55d139e813,2024-04-01,-70320.5,-66184.7,-66184.7,-65061.213333333326,-66122.65205300269,-66177.57476523817,-66741.55809326172
4cd33765-af86-5206-9254-9c55d139e813,2024-05-01,-73057.89,-70320.5,-70320.5,-67076.33,-70086.11830323198,-70162.48837203294,-72311.14306640625
4cd33765-af86-5206-9254-9c55d139e813,2024-06-01,-74799.55,-73057.89,-73057.89,-69854.36333333334,-72895.9295220485,-72962.06751225036,-75033.74083007812
4cd33765-af86-5206-9254-9c55d139e813,2024-07-01,-77575.09,-74799.55,-74799.55,-72725.98,-74578.36024330724,-74653.23356645783,-74990.37215881348
4cd33765-af86-5206-9254-9c55d139e813,2024-08-01,-73350.5,-77575.09,-77575.09,-75144.17666666668,-77285.5578702137,-77366.29148523814,-79295.99026855468
4cd33765-af86-5206-9254-9c55d139e813,2024-09-01,-80063.44,-73350.5,-73350.5,-75241.71333333333,-73254.06448810315,-73311.65877357262,-75776.44604492188
4cd33765-af86-5206-9254-9c55d139e813,2024-10-01,-83694.16,-80063.44,-80063.44,-76996.34333333334,-79746.30680084729,-79830.88166170802,-82804.74712890625
4cd33765-af86-5206-9254-9c55d139e813,2024-11-01,-94240.35,-83694.16,-83694.16,-79036.03333333334,-83332.0162936786,-83421.7951577402,-86906.14828125
4ce6e55e-4552-591a-afb8-a50f0c606355,2022-01-01,-5562.43,,-13252.345000000001,-13252.345000000001,-599.9161128181978,-584.6049202465573,-976.0215454101562
4ce6e55e-4552-591a-afb8-a50f0c606355,2022-02-01,-6452.29,-5562.43,-5562.43,-5562.43,-5975.960438493995,-5988.292270067535,-8531.750556640625
4ce6e55e-4552-591a-afb8-a50f0c606355,2022-03-01,-30435.77,-6452.29,-6452.29,-6007.360000000001,-7089.5996435386805,-7070.090888763646,-8453.253989257813
4ce6e55e-4552-591a-afb8-a50f0c606355,2022-04-01,-37638.53,-30435.77,-30435.77,-14150.163333333332,-30656.73442056426,-30686.55001717803,-34504.570292968754
4ce6e55e-4552-591a-afb8-a50f0c606355,2022-05-01,-38341.04,-37638.53,-37638.53,-24842.196666666667,-37716.027880017486,-37763.695570099204,-39020.107514648436
4ce6e55e-4552-591a-afb8-a50f0c606355,2022-06-01,-40318.58,-38341.04,-38341.04,-35471.780000000006,-38534.431090011814,-38563.26744589199,-39917.73519042969
4ce6e55e-4552-591a-afb8-a50f0c606355,2022-07-01,-42527.14,-40318.58,-40318.58,-38766.049999999996,-40275.31479633884,-40331.78499996781,-41660.99381835938
4ce6e55e-4552-591a-afb8-a50f0c606355,2022-08-01,-43984.79,-42527.14,-42527.14,-40395.58666666667,-42443.3579805957,-42507.7764856997,-43973.72166503906
4ce6e55e-4552-591a-afb8-a50f0c606355,2022-09-01,-43190.92,-43984.79,-43984.79,-42276.83666666666,-44080.22219873003,-44119.9954846628,-45371.03621582031
4ce6e55e-4552-591a-afb8-a50f0c606355,2022-10-01,-46948.51,-43190.92,-43190.92,-43234.28333333333,-43463.14439845323,-43481.70407744175,-43652.56868164062
4ce6e55e-4552-591a-afb8-a50f0c606355,2022-11-01,-46469.47,-46948.51,-46948.51,-44708.073333333334,-47064.7912218379,-47103.29021569737,-47356.58559204102
4ce6e55e-4552-591a-afb8-a50f0c606355,2022-12-01,-47336.24,-46469.47,-46469.47,-45536.30000000001,-46712.64289427862,-46735.06677045678,-47002.265654296876
4ce6e55e-4552-591a-afb8-a50f0c606355,2023-01-01,-46678.57,-47336.24,-47336.24,-46918.073333333334,-47478.23805740187,-47510.92808218062,-48331.94233154297
4ce6e55e-4552-591a-afb8-a50f0c606355,2023-02-01,-47386.02,-46678.57,-46678.57,-46828.09333333333,-46890.866474916795,-46916.39748687615,-47211.21288330078
4ce6e55e-4552-591a-afb8-a50f0c606355,2023-03-01,-46320.52,-47386.02,-47386.02,-47133.60999999999,-47517.61684994795,-47553.59639968277,-48087.68650390625
4ce6e55e-4552-591a-afb8-a50f0c606355,2023-04-01,-49782.11,-46320.52,-46320.52,-46795.03666666666,-46572.66952756409,-46592.5164866928,-47132.514506835934
4ce6e55e-4552-591a-afb8-a50f0c606355,2023-05-01,-52414.14,-49782.11,-49782.11,-47829.549999999996,-49859.7887587557,-49902.20170797793,-50862.3053125
4ce6e55e-4552-591a-afb8-a50f0c606355,2023-06-01,-53127.87,-52414.14,-52414.14,-49505.59,-52452.57770927305,-52498.75879145571,-53739.20213378906
4ce6e55e-4552-591a-afb8-a50f0c606355,2023-07-01,-56084.77,-53127.87,-53127.87,-51774.706666666665,-53163.119519569074,-53209.46947610394,-54355.6209765625
4ce6e55e-4552-591a-afb8-a50f0c606355,2023-08-01,-57323.71,-56084.77,-56084.77,-53875.59333333333,-56098.72291309858,-56148.32399802372,-57814.51035644531
4ce6e55e-4552-591a-afb8-a50f0c606355,2023-09-01,-59262.97,-57323.71,-57323.71,-55512.11666666667,-57403.15784242709,-57442.01149282889,-58825.85880371094
4ce6e55e-4552-591a-afb8-a50f0c606355,2023-10-01,-62263.33,-59262.97,-59262.97,-57557.149999999994,-59233.79770619124,-59286.14466251121,-61166.042875976564
4ce6e55e-4552-591a-afb8-a50f0c606355,2023-11-01,-61058.46,-62263.33,-62263.33,-59616.670000000006,-62219.71827810827,-62274.50890770067,-61034.2675
4ce6e55e-4552-591a-afb8-a50f0c606355,2023-12-01,-58752.2,-61058.46,-61058.46,-60861.58666666667,-61111.36027293585,-61154.3142700581,-60637.35288330078
4ce6e55e-4552-591a-afb8-a50f0c606355,2024-01-01,-57503.48,-58752.2,-58752.2,-60691.329999999994,-58813.91673874405,-58857.797576303106,-59123.354174804685
4ce6e55e-4552-591a-afb8-a50f0c606355,2024-02-01,-57828.48,-57503.48,-57503.48,-59104.713333333326,-57570.324540562186,-57614.727929650544,-58326.779926757816
4ce6e55e-4552-591a-afb8-a50f0c606355,2024-03-01,-59013.37,-57828.48,-57828.48,-58028.05333333334,-57952.658995030986,-57988.68961613374,-58446.171711425784
4ce6e55e-4552-591a-afb8-a50f0c606355,2024-04-01,-61093.85,-59013.37,-59013.37,-58115.11000000001,-58950.08774954264,-59011.9555969597,-59457.79565917969
4ce6e55e-4552-591a-afb8-a50f0c606355,2024-05-01,-61493.08,-61093.85,-61093.85,-59311.9,-61151.370764813655,-61194.4210828691,-62397.213159179686
4ce6e55e-4552-591a-afb8-a50f0c606355,2024-06-01,-63456.17,-61493.08,-61493.08,-60533.43333333333,-61521.024766513394,-61568.385273546075,-61893.29002197266
4ce6e55e-4552-591a-afb8-a50f0c606355,2024-07-01,-64918.04,-63456.17,-63456.17,-62014.36666666667,-63426.62961864433,-63478.34327166692,-64728.17744628906
4ce6e55e-4552-591a-afb8-a50f0c606355,2024-08-01,-103987.22,-64918.04,-64918.04,-63289.09666666666,-64945.28311788051,-64991.44672599455,-66324.1404638672
4ce6e55e-4552-591a-afb8-a50f0c606355,2024-09-01,-95132.23,-103987.22,-103987.22,-77453.81,-102412.44868704415,-102660.7808238626,-103944.97873565674
4ce6e55e-4552-591a-afb8-a50f0c606355,2024-10-01,-95592.03,-95132.23,-95132.23,-88012.49666666666,-94583.45551271245,-94695.63683934239,-95495.19844482421
4ce6e55e-4552-591a-afb8-a50f0c606355,2024-11-01,-95683.36,-95592.03,-95592.03,-98237.15999999999,-94814.85423440146,-94951.48128517867,-95526.8398449707
4ee27c2f-2993-5f7c-91d6-0c0c54e82512,2022-01-01,4028.42,,-13252.345000000001,-13252.345000000001,-599.9161128181978,-584.6049202465573,-976.0215454101562
4ee27c2f-2993-5f7c-91d6-0c0c54e82512,2022-02-01,2590.44,4028.42,4028.42,4028.42,3365.815664718748,3386.4397526198886,3511.31111328125
4ee27c2f-2993-5f7c-91d6-0c0c54e82512,2022-03-01,2447.66,2590.44,2590.44,3309.4300000000003,1883.2310252030697,1909.7278971615121,1918.8015112304688
4ee27c2f-2993-5f7c-91d6-0c0c54e82512,2022-04-01,2317.82,2447.66,2447.66,3022.1733333333336,1659.0051469861241,1693.278512164772,2193.2714654541014
4ee27c2f-2993-5f7c-91d6-0c0c54e82512,2022-05-01,4049.57,2317.82,2317.82,2451.9733333333334,1561.0544301403743,1591.9193469909592,2273.8719332885744
4ee27c2f-2993-5f7c-91d6-0c0c54e82512,2022-06-01,2675.1,4049.57,4049.57,2938.35,3290.2439995374616,3320.7145937007617,3488.287712402344
4ee27c2f-2993-5f7c-91d6-0c0c54e82512,2022-07-01,2759.79,2675.1,2675.1,3014.1633333333334,1865.384480979446,1899.0985348520676,3184.484490966797
4ee27c2f-2993-5f7c-91d6-0c0c54e82512,2022-08-01,2846.17,2759.79,2759.79,3161.486666666666,1911.8691683805196,1951.2204663563825,3060.7102575683593
4ee27c2f-2993-5f7c-91d6-0c0c54e82512,2022-09-01,3650.86,2846.17,2846.17,2760.353333333333,1992.1924086196593,2032.5549320324756,3049.8153857421876
4ee27c2f-2993-5f7c-91d6-0c0c54e82512,2022-10-01,4161.74,3650.86,3650.86,3085.6066666666666,2727.1994607411425,2775.9052071553397,3684.514167175293
4ee27c2f-2993-5f7c-91d6-0c0c54e82512,2022-11-01,4015.37,4161.74,4161.74,3552.9233333333336,3274.493388520195,3318.130772656811,4042.5517599487303
4ee27c2f-2993-5f7c-91d6-0c0c54e82512,2022-12-01,5861.5,4015.37,4015.37,3942.6566666666663,3133.7437734037558,3176.495601791321,4117.92354309082
4ee27c2f-2993-5f7c-91d6-0c0c54e82512,2023-01-01,1709.24,5861.5,5861.5,4679.536666666666,4831.495216980548,4891.325948541642,4496.91259765625
4ee27c2f-2993-5f7c-91d6-0c0c54e82512,2023-02-01,3655.4,1709.24,1709.24,3862.036666666667,773.4289682241524,823.0362780639134,2117.727365722656
4ee27c2f-2993-5f7c-91d6-0c0c54e82512,2023-03-01,3004.58,3655.4,3655.4,3742.0466666666666,2768.3813843075177,2811.275961115363,3148.823065185547
4ee27c2f-2993-5f7c-91d6-0c0c54e82512,2023-04-01,3003.33,3004.58,3004.58,2789.74,2193.567512112788,2228.258649309233,2657.696973876953
4ee27c2f-2993-5f7c-91d6-0c0c54e82512,2023-05-01,837.27,3003.33,3003.33,3221.103333333333,2179.7509091092243,2216.6044484612216,2768.357114868164
4ee27c2f-2993-5f7c-91d6-0c0c54e82512,2023-06-01,919.62,837.27,837.27,2281.726666666667,81.40706558963143,110.27715639348571,966.9787097167969
4ee27c2f-2993-5f7c-91d6-0c0c54e82512,2023-07-01,989.35,919.62,919.62,1586.7399999999998,268.0931129202527,284.6804276529266,619.4434558105469
4ee27c2f-2993-5f7c-91d6-0c0c54e82512,2023-08-01,757.11,989.35,989.35,915.4133333333333,312.8629496302858,334.1063672371912,607.9985290527344
4ee27c2f-2993-5f7c-91d6-0c0c54e82512,2023-09-01,1684.66,757.11,757.11,888.6933333333333,78.31412948125899,99.26960387469171,832.2449792480469
4ee27c2f-2993-5f7c-91d6-0c0c54e82512,2023-10-01,1710.31,1684.66,1684.66,1143.7066666666667,953.8632556213856,980.4746116147084,1797.1099664306641
4ee27c2f-2993-5f7c-91d6-0c0c54e82512,2023-11-01,1792.24,1710.31,1710.31,1384.0266666666666,984.2969952918941,1010.2329488776521,1705.9082074737548
4ee27c2f-2993-5f7c-91d6-0c0c54e82512,2023-12-01,3152.97,1792.24,1792.24,1729.07,1072.1424991266454,1096.84763892616,2104.013986816406
4ee27c2f-2993-5f7c-91d6-0c0c54e82512,2024-01-01,3054.66,3152.97,3152.97,2218.5066666666667,2365.9374889705764,2397.8112267135516,2605.172880859375
4ee27c2f-2993-5f7c-91d6-0c0c54e82512,2024-02-01,1949.83,3054.66,3054.66,2666.623333333333,2194.6793393003695,2235.0393860145987,2913.8794519042967
4ee27c2f-2993-5f7c-91d6-0c0c54e82512,2024-03-01,2285.71,1949.83,1949.83,2719.153333333333,1095.336849914087,1135.6281524128935,2252.844434814453
4ee27c2f-2993-5f7c-91d6-0c0c54e82512,2024-04-01,1895.29,2285.71,2285.71,2430.0666666666666,1488.1156333953102,1521.9040651629975,2314.651411972046
4ee27c2f-2993-5f7c-91d6-0c0c54e82512,2024-05-01,2216.52,1895.29,1895.29,2043.61,1072.9732329079511,1109.7599506952622,1962.0047827148437
4ee27c2f-2993-5f7c-91d6-0c0c54e82512,2024-06-01,1842.87,2216.52,2216.52,2132.5066666666667,1327.1503888391294,1372.2349044568366,2259.5655741882324
4ee27c2f-2993-5f7c-91d6-0c0c54e82512,2024-07-01,12857.65,1842.87,1842.87,1984.8933333333334,1080.0977868104396,1109.863687474391,1733.0635577392577
4ee27c2f-2993-5f7c-91d6-0c0c54e82512,2024-08-01,13020.91,12857.65,12857.65,5639.013333333333,11554.758681773521,11638.445810921367,14062.425268554687
4ee27c2f-2993-5f7c-91d6-0c0c54e82512,2024-09-01,14865.42,13020.91,13020.91,9240.476666666666,11746.26999014915,11828.29312671826,13610.995327148437
4ee27c2f-2993-5f7c-91d6-0c0c54e82512,2024-10-01,12246.09,14865.42,14865.42,13581.326666666668,13541.981613811415,13628.680306971546,14224.849626464844
4ee27c2f-2993-5f7c-91d6-0c0c54e82512,2024-11-01,12601.43,12246.09,12246.09,13377.473333333333,11116.78588782967,11184.479279923913,12341.67805847168
51e1d05f-fe45-54f8-89e3-e1556301cac3,2022-01-01,347.68,,-13252.345000000001,-13252.345000000001,-599.9161128181978,-584.6049202465573,-976.0215454101562
51e1d05f-fe45-54f8-89e3-e1556301cac3,2022-02-01,-192.7,347.68,347.68,347.68,-294.4189339153691,-275.99303937124506,-651.6741259765624
51e1d05f-fe45-54f8-89e3-e1556301cac3,2022-03-01,-2320.51,-192.7,-192.7,77.49000000000001,-800.3912623523347,-787.3538261752617,-1668.6317626953125
51e1d05f-fe45-54f8-89e3-e1556301cac3,2022-04-01,-4307.45,-2320.51,-2320.51,-721.8433333333334,-2939.207237848379,-2925.2634263656546,-3906.6531884765627
51e1d05f-fe45-54f8-89e3-e1556301cac3,2022-05-01,-4930.97,-4307.45,-4307.45,-2273.5533333333333,-4919.813709861705,-4905.772575786765,-5324.244738769531
51e1d05f-fe45-54f8-89e3-e1556301cac3,2022-06-01,-6809.64,-4930.97,-4930.97,-3852.976666666667,-5510.39636013463,-5500.868451075427,-5553.488981933594
51e1d05f-fe45-54f8-89e3-e1556301cac3,2022-07-01,-8542.97,-6809.64,-6809.64,-5349.3533333333335,-7218.41140999325,-7230.7272326197535,-8002.372177734375
51e1d05f-fe45-54f8-89e3-e1556301cac3,2022-08-01,-12277.35,-8542.97,-8542.97,-6761.193333333334,-8938.565886307551,-8949.820540578845,-9889.016630859374
51e1d05f-fe45-54f8-89e3-e1556301cac3,2022-09-01,-12486.65,-12277.35,-12277.35,-9209.986666666666,-12547.172234027286,-12573.247071246384,-13358.920434570313
51e1d05f-fe45-54f8-89e3-e1556301cac3,2022-10-01,-12504.27,-12486.65,-12486.65,-11102.323333333334,-12877.617216900628,-12887.91870647934,-13143.586706542968
51e1d05f-fe45-54f8-89e3-e1556301cac3,2022-11-01,-12644.45,-12504.27,-12504.27,-12422.756666666666,-12953.904673909092,-12957.472291377459,-13103.927775878907
51e1d05f-fe45-54f8-89e3-e1556301cac3,2022-12-01,-13828.94,-12644.45,-12644.45,-12545.123333333335,-13189.200612596553,-13180.396500068702,-13239.037341308594
51e1d05f-fe45-54f8-89e3-e1556301cac3,2023-01-01,-15794.75,-13828.94,-13828.94,-12992.553333333335,-14313.858580592718,-14312.746172178977,-14582.944638671876
51e1d05f-fe45-54f8-89e3-e1556301cac3,2023-02-01,-15547.53,-15794.75,-15794.75,-14089.38,-16328.99464408259,-16317.303892076465,-15772.216480255127
51e1d05f-fe45-54f8-89e3-e1556301cac3,2023-03-01,-16221.7,-15547.53,-15547.53,-15057.073333333334,-16030.643374915315,-16029.232151403407,-15911.835725097657
51e1d05f-fe45-54f8-89e3-e1556301cac3,2023-04-01,-17548.19,-16221.7,-16221.7,-15854.660000000002,-16697.014773660143,-16695.55752496731,-16911.455126953126
51e1d05f-fe45-54f8-89e3-e1556301cac3,2023-05-01,-18190.9,-17548.19,-17548.19,-16439.14,-17960.69036486562,-17968.14660041596,-17751.120084228514
51e1d05f-fe45-54f8-89e3-e1556301cac3,2023-06-01,-24471.5,-18190.9,-18190.9,-17320.263333333332,-18629.06324485799,-18632.483072308092,-19568.81979980469
51e1d05f-fe45-54f8-89e3-e1556301cac3,2023-07-01,-25146.86,-24471.5,-24471.5,-20070.196666666667,-24751.304019654828,-24768.57440511316,-25681.80517578125
51e1d05f-fe45-54f8-89e3-e1556301cac3,2023-08-01,-25920.42,-25146.86,-25146.86,-22603.08666666667,-25438.280592343886,-25459.36920163958,-26338.893569335938
51e1d05f-fe45-54f8-89e3-e1556301cac3,2023-09-01,-25880.24,-25920.42,-25920.42,-25179.593333333334,-26202.70577625669,-26224.0257716312,-26855.498979492186
51e1d05f-fe45-54f8-89e3-e1556301cac3,2023-10-01,-25549.67,-25880.24,-25880.24,-25649.173333333336,-26232.95598744151,-26245.927455296427,-26359.729318847658
51e1d05f-fe45-54f8-89e3-e1556301cac3,2023-11-01,-25754.36,-25549.67,-25549.67,-25783.443333333333,-25934.21526351659,-25943.713665090003,-25981.742937011717
51e1d05f-fe45-54f8-89e3-e1556301cac3,2023-12-01,-29082.58,-25754.36,-25754.36,-25728.09,-26150.949738645864,-26158.58128639565,-26287.84974609375
51e1d05f-fe45-54f8-89e3-e1556301cac3,2024-01-01,-28143.11,-29082.58,-29082.58,-26795.536666666667,-29375.36010833579,-29395.80933015923,-29303.247541503908
51e1d05f-fe45-54f8-89e3-e1556301cac3,2024-02-01,-28923.2,-28143.11,-28143.11,-27660.016666666666,-28552.213974083505,-28558.322445492548,-28218.396422729493
51e1d05f-fe45-54f8-89e3-e1556301cac3,2024-03-01,-34695.38,-28923.2,-28923.2,-28716.296666666665,-29287.384193641217,-29298.693507296593,-29720.571032714844
51e1d05f-fe45-54f8-89e3-e1556301cac3,2024-04-01,-34784.41,-34695.38,-34695.38,-30587.23,-34807.0907443675,-34850.88111766638,-34670.26737106323
51e1d05f-fe45-54f8-89e3-e1556301cac3,2024-05-01,-35294.25,-34784.41,-34784.41,-32800.996666666666,-35045.50271743837,-35067.929826292886,-35011.934871826175
51e1d05f-fe45-54f8-89e3-e1556301cac3,2024-06-01,-35450.01,-35294.25,-35294.25,-34924.68,-35491.347286804434,-35520.918861830694,-36152.30242919922
51e1d05f-fe45-54f8-89e3-e1556301cac3,2024-07-01,-44020.8,-35450.01,-35450.01,-35176.223333333335,-35716.54430101335,-35738.70101128939,-36108.34911132813
51e1d05f-fe45-54f8-89e3-e1556301cac3,2024-08-01,-42281.11,-44020.8,-44020.8,-38255.02,-44078.49345112862,-44123.888117524555,-44924.76844482422
51e1d05f-fe45-54f8-89e3-e1556301cac3,2024-09-01,-40816.87,-42281.11,-42281.11,-40583.973333333335,-42410.47600759612,-42449.25704873099,-43893.354873046876
51e1d05f-fe45-54f8-89e3-e1556301cac3,2024-10-01,-47992.67,-40816.87,-40816.87,-42372.92666666667,-40992.03610300835,-41025.09531717149,-43016.11877929688
51e1d05f-fe45-54f8-89e3-e1556301cac3,2024-11-01,-50823.22,-47992.67,-47992.67,-43696.88333333334,-48026.48833026699,-48074.57722785481,-49360.85676757812
52f46432-e976-52f4-9540-71d8ebaa7ea6,2022-01-01,-7871.48,,-13252.345000000001,-13252.345000000001,-599.9161128181978,-584.6049202465573,-976.0215454101562
52f46432-e976-52f4-9540-71d8ebaa7ea6,2022-02-01,-14479.45,-7871.48,-7871.48,-7871.48,-8412.771799446571,-8403.767919951082,-12246.9868359375
52f46432-e976-52f4-9540-71d8ebaa7ea6,2022-03-01,-26937.76,-14479.45,-14479.45,-11175.465,-14925.133281746688,-14931.438526449994,-20081.02763671875
52f46432-e976-52f4-9540-71d8ebaa7ea6,2022-04-01,-35544.29,-26937.76,-26937.76,-16429.563333333335,-27221.453798842616,-27240.497264051857,-32985.906972656245
52f46432-e976-52f4-9540-71d8ebaa7ea6,2022-05-01,-41997.03,-35544.29,-35544.29,-25653.833333333332,-35682.55494322193,-35718.25827195192,-41557.35201171875
52f46432-e976-52f4-9540-71d8ebaa7ea6,2022-06-01,-49275.38,-41997.03,-41997.03,-34826.36,-42114.287127797674,-42151.06785848751,-48050.37375
52f46432-e976-52f4-9540-71d8ebaa7ea6,2022-07-01,-66097.97,-49275.38,-49275.38,-42272.23333333334,-49017.56865982053,-49099.454591158355,-54568.02794921875
52f46432-e976-52f4-9540-71d8ebaa7ea6,2022-08-01,-69461.32,-66097.97,-66097.97,-52456.793333333335,-65381.71680823193,-65521.02225640791,-69938.36111328125
52f46432-e976-52f4-9540-71d8ebaa7ea6,2022-09-01,-73362.57,-69461.32,-69461.32,-61611.55666666667,-69095.24210652338,-69185.78450080457,-73714.89666015626
52f46432-e976-52f4-9540-71d8ebaa7ea6,2022-10-01,-75460.34,-73362.57,-73362.57,-69640.62000000001,-72985.82461769524,-73077.43283019376,-76391.05071289063
52f46432-e976-52f4-9540-71d8ebaa7ea6,2022-11-01,-82276.34,-75460.34,-75460.34,-72761.41,-75213.20832147491,-75290.25350666817,-78868.52896484375
52f46432-e976-52f4-9540-71d8ebaa7ea6,2022-12-01,-89911.56,-82276.34,-82276.34,-77033.08333333333,-81866.49768392042,-81959.49015100261,-87039.13833984375
52f46432-e976-52f4-9540-71d8ebaa7ea6,2023-01-01,-90200.01,-89911.56,-89911.56,-82549.41333333333,-89388.05551995091,-89496.53909522385,-93712.77118164062
52f46432-e976-52f4-9540-71d8ebaa7ea6,2023-02-01,-93950.19,-90200.01,-90200.01,-87462.63666666667,-89828.20195241865,-89917.28514484657,-92004.22130371093
52f46432-e976-52f4-9540-71d8ebaa7ea6,2023-03-01,-91909.3,-93950.19,-93950.19,-91353.92,-93476.65258851863,-93576.84623330885,-95441.1480078125
52f46432-e976-52f4-9540-71d8ebaa7ea6,2023-04-01,-91389.8,-91909.3,-91909.3,-92019.83333333333,-91636.38307568026,-91713.48016823195,-91472.94102172852
52f46432-e976-52f4-9540-71d8ebaa7ea6,2023-05-01,-91511.86,-91389.8,-91389.8,-92416.43000000001,-91158.32067899744,-91227.8708291456,-91991.70020751953
52f46432-e976-52f4-9540-71d8ebaa7ea6,2023-06-01,-93951.05,-91511.86,-91511.86,-91603.65333333334,-91256.2126080441,-91332.33717226461,-92530.0332788086
52f46432-e976-52f4-9540-71d8ebaa7ea6,2023-07-01,-97115.11,-93951.05,-93951.05,-92284.23666666668,-93649.17657797174,-93731.28947483918,-95416.65241699219
52f46432-e976-52f4-9540-71d8ebaa7ea6,2023-08-01,-97753.51,-97115.11,-97115.11,-94192.67333333334,-96779.71060386814,-96864.2083189501,-98368.42726074219
52f46432-e976-52f4-9540-71d8ebaa7ea6,2023-09-01,-96428.41,-97753.51,-97753.51,-96273.22333333333,-97348.88942060522,-97440.88711098158,-97731.70562149047
52f46432-e976-52f4-9540-71d8ebaa7ea6,2023-10-01,-94009.61,-96428.41,-96428.41,-97099.01,-96108.75323754089,-96189.91058411566,-96333.44535461426
52f46432-e976-52f4-9540-71d8ebaa7ea6,2023-11-01,-96411.38,-94009.61,-94009.61,-96063.84333333334,-93798.17923002246,-93868.261479703,-94413.07774291992
52f46432-e976-52f4-9540-71d8ebaa7ea6,2023-12-01,-89589.73,-96411.38,-96411.38,-95616.46666666667,-95950.77186894928,-96051.03454036715,-96093.95803344727
52f46432-e976-52f4-9540-71d8ebaa7ea6,2024-01-01,-87118.78,-89589.73,-89589.73,-93336.90666666666,-89447.1338595042,-89512.65714695728,-89995.75377319336
52f46432-e976-52f4-9540-71d8ebaa7ea6,2024-02-01,-88354.67,-87118.78,-87118.78,-91039.96333333333,-87065.84527330748,-87120.80249835388,-88318.95468261719
52f46432-e976-52f4-9540-71d8ebaa7ea6,2024-03-01,-87177.77,-88354.67,-88354.67,-88354.39333333333,-88216.10613587586,-88280.95385179484,-89580.12629882812
52f46432-e976-52f4-9540-71d8ebaa7ea6,2024-04-01,-93478.97,-87177.77,-87177.77,-87550.40666666666,-87033.87594057372,-87100.21574554889,-88507.97361328125
52f46432-e976-52f4-9540-71d8ebaa7ea6,2024-05-01,-94230.69,-93478.97,-93478.97,-89670.46999999999,-93073.36053172714,-93169.0798918597,-94505.05117675781
52f46432-e976-52f4-9540-71d8ebaa7ea6,2024-06-01,-97216.78,-94230.69,-94230.69,-91629.14333333333,-93907.89072003683,-93992.32907536182,-95484.34551757813
52f46432-e976-52f4-9540-71d8ebaa7ea6,2024-07-01,-98352.76,-97216.78,-97216.78,-94975.48,-96698.27093364972,-96804.97443208362,-98646.39242675781
52f46432-e976-52f4-9540-71d8ebaa7ea6,2024-08-01,-120052.9,-98352.76,-98352.76,-96600.07666666666,-97885.36101674681,-97988.12898009681,-100218.13280273437
52f46432-e976-52f4-9540-71d8ebaa7ea6,2024-09-01,-129792.71,-120052.9,-120052.9,-105207.47999999998,-119087.13791267636,-119245.93036648023,-123755.03525390624
52f46432-e976-52f4-9540-71d8ebaa7ea6,2024-10-01,-136935.6,-129792.71,-129792.71,-116066.12333333334,-128852.86721844377,-129003.1437905497,-132164.64286132815
52f46432-e976-52f4-9540-71d8ebaa7ea6,2024-11-01,-138232.48,-136935.6,-136935.6,-128927.06999999999,-135763.4675020702,-135937.75645181924,-137599.6414428711
53e29029-ea4c-54d7-b389-767cea353d67,2022-01-01,-1049.14,,-13252.345000000001,-13252.345000000001,-599.9161128181978,-584.6049202465573,-976.0215454101562
53e29029-ea4c-54d7-b389-767cea353d67,2022-02-01,-2768.1,-1049.14,-1049.14,-1049.14,-1653.8879390059737,-1638.182063570679,-4682.950546875
53e29029-ea4c-54d7-b389-767cea353d67,2022-03-01,-5926.58,-2768.1,-2768.1,-1908.62,-3355.8756531642002,-3343.741806617679,-6444.44619140625
53e29029-ea4c-54d7-b389-767cea353d67,2022-04-01,-11570.42,-5926.58,-5926.58,-3247.94,-6543.575577128235,-6526.395566185275,-8961.419111328125
53e29029-ea4c-54d7-b389-767cea353d67,2022-05-01,-15285.9,-11570.42,-11570.42,-6755.033333333333,-12015.253199785668,-12020.1285294162,-14781.353837890625
53e29029-ea4c-54d7-b389-767cea353d67,2022-06-01,-16870.72,-15285.9,-15285.9,-10927.633333333333,-15736.719344101555,-15738.419881673397,-18338.332373046876
53e29029-ea4c-54d7-b389-767cea353d67,2022-07-01,-20472.93,-16870.72,-16870.72,-14575.68,-17137.97072125029,-17162.36149582729,-18175.612578125
53e29029-ea4c-54d7-b389-767cea353d67,2022-08-01,-19286.26,-20472.93,-20472.93,-17543.183333333334,-20680.51615127759,-20709.514327917615,-21914.443916015625
53e29029-ea4c-54d7-b389-767cea353d67,2022-09-01,-19748.98,-19286.26,-19286.26,-18876.63666666667,-19683.73562497743,-19689.21924020619,-19756.081197509764
53e29029-ea4c-54d7-b389-767cea353d67,2022-10-01,-21993.95,-19748.98,-19748.98,-19836.056666666667,-20171.418958682494,-20174.890494458698,-20357.88301513672
53e29029-ea4c-54d7-b389-767cea353d67,2022-11-01,-23848.91,-21993.95,-21993.95,-20343.063333333335,-22280.22452555468,-22301.972075083533,-23143.758837890626
53e29029-ea4c-54d7-b389-767cea353d67,2022-12-01,-13992.38,-23848.91,-23848.91,-21863.946666666667,-24232.581786839557,-24241.881995112344,-22125.6609765625
53e29029-ea4c-54d7-b389-767cea353d67,2023-01-01,-13181.96,-13992.38,-13992.38,-19945.08,-14535.452480417276,-14530.159613220134,-14647.236567382812
53e29029-ea4c-54d7-b389-767cea353d67,2023-02-01,-14940.77,-13181.96,-13181.96,-17007.75,-13565.137844429119,-13580.617720028491,-14724.76712890625
53e29029-ea4c-54d7-b389-767cea353d67,2023-03-01,-16630.06,-14940.77,-14940.77,-14038.37,-15389.36633846255,-15396.470018972786,-16045.371684570313
53e29029-ea4c-54d7-b389-767cea353d67,2023-04-01,-17862.31,-16630.06,-16630.06,-14917.596666666666,-16987.489079960196,-17004.609528639925,-17421.09015136719
53e29029-ea4c-54d7-b389-767cea353d67,2023-05-01,-19172.86,-17862.31,-17862.31,-16477.713333333333,-18244.336420891246,-18256.89162623296,-18529.81018310547
53e29029-ea4c-54d7-b389-767cea353d67,2023-06-01,-19225.31,-19172.86,-19172.86,-17888.41,-19375.336411681204,-19410.44314338213,-19490.987044677735
53e29029-ea4c-54d7-b389-767cea353d67,2023-07-01,-21995.24,-19225.31,-19225.31,-18753.493333333332,-19660.580054984002,-19663.142072151044,-19801.47571044922
53e29029-ea4c-54d7-b389-767cea353d67,2023-08-01,-21732.66,-21995.24,-21995.24,-20131.13666666667,-22310.73568373203,-22328.6633978775,-21805.65114807129
53e29029-ea4c-54d7-b389-767cea353d67,2023-09-01,-20201.31,-21732.66,-21732.66,-20984.403333333335,-22191.246748088142,-22189.911413418075,-21762.99192062378
53e29029-ea4c-54d7-b389-767cea353d67,2023-10-01,-21043.29,-20201.31,-20201.31,-21309.736666666668,-20603.85566006818,-20613.315019441252,-19944.492708740236
53e29029-ea4c-54d7-b389-767cea353d67,2023-11-01,-23819.81,-21043.29,-21043.29,-20992.420000000002,-21544.60534720742,-21539.21907448234,-21311.160727539063
53e29029-ea4c-54d7-b389-767cea353d67,2023-12-01,-10876.12,-23819.81,-23819.81,-21688.13666666667,-24228.289550255337,-24235.586121366694,-21679.198916015626
53e29029-ea4c-54d7-b389-767cea353d67,2024-01-01,-12016.36,-10876.12,-10876.12,-18579.74,-11667.170866123071,-11632.830710461272,-11990.4725390625
53e29029-ea4c-54d7-b389-767cea353d67,2024-02-01,-14244.48,-12016.36,-12016.36,-15570.763333333336,-12689.930627544156,-12671.187613522048,-13681.203139648438
53e29029-ea4c-54d7-b389-767cea353d67,2024-03-01,-16543.64,-14244.48,-14244.48,-12378.986666666666,-14778.537344251736,-14777.759135339747,-15682.816181640625
53e29029-ea4c-54d7-b389-767cea353d67,2024-04-01,-18381.35,-16543.64,-16543.64,-14268.159999999998,-17014.734748602223,-17016.360670039376,-17337.5726171875
53e29029-ea4c-54d7-b389-767cea353d67,2024-05-01,-18621.83,-18381.35,-18381.35,-16389.823333333334,-18707.78599852091,-18729.620917216405,-18997.06661376953
53e29029-ea4c-54d7-b389-767cea353d67,2024-06-01,-19507.81,-18621.83,-18621.83,-17848.94,-19013.23983331003,-19024.087203743064,-18740.349760131838
53e29029-ea4c-54d7-b389-767cea353d67,2024-07-01,220275.65,-19507.81,-19507.81,-18836.996666666666,-19899.82143666772,-19907.06701294272,-19749.452181396486
53e29029-ea4c-54d7-b389-767cea353d67,2024-08-01,257437.9,220275.65,220275.65,60715.33666666667,216896.0727973642,217163.36135560318,223591.81162109374
53e29029-ea4c-54d7-b389-767cea353d67,2024-09-01,361518.34,257437.9,257437.9,152735.24666666667,252530.3922045523,252965.42513215766,257636.5637878418
53e29029-ea4c-54d7-b389-767cea353d67,2024-10-01,335281.84,361518.34,361518.34,279743.9633333333,353258.4286498275,354057.269634195,360671.9566381836
53e29029-ea4c-54d7-b389-767cea353d67,2024-11-01,315286.99,335281.84,335281.84,318079.36000000004,329586.4576880729,330090.9424394024,333716.8937109375
561beec4-8e09-5ff4-8967-76e4b041d572,2022-01-01,-64086.91,,-13252.345000000001,-13252.345000000001,-599.9161128181978,-584.6049202465573,-976.0215454101562
561beec4-8e09-5ff4-8967-76e4b041d572,2022-02-01,-32914.86,-64086.91,-64086.91,-64086.91,-64157.68966172672,-64210.700396688524,-64438.02572265625
561beec4-8e09-5ff4-8967-76e4b041d572,2022-03-01,-37637.16,-32914.86,-32914.86,-48500.885,-33528.929800602375,-33518.54746655971,-35444.123427734376
561beec4-8e09-5ff4-8967-76e4b041d572,2022-04-01,-26163.44,-37637.16,-37637.16,-44879.64333333333,-37664.199965378284,-37726.27626235158,-38141.01568237305
561beec4-8e09-5ff4-8967-76e4b041d572,2022-05-01,-56471.13,-26163.44,-26163.44,-32238.486666666668,-26846.677950762274,-26837.27348220715,-30401.96197265625
561beec4-8e09-5ff4-8967-76e4b041d572,2022-06-01,-66200.29,-56471.13,-56471.13,-40090.57666666667,-56342.61629922647,-56420.90270783421,-56428.629542236326
561beec4-8e09-5ff4-8967-76e4b041d572,2022-07-01,-65016.19,-66200.29,-66200.29,-49611.619999999995,-66012.30959118945,-66094.87460569665,-58733.55757812499
561beec4-8e09-5ff4-8967-76e4b041d572,2022-08-01,-17608.61,-65016.19,-65016.19,-62562.53666666666,-64650.78088480045,-64750.53365673183,-57051.3980078125
561beec4-8e09-5ff4-8967-76e4b041d572,2022-09-01,-24115.24,-17608.61,-17608.61,-49608.363333333335,-18214.672851581636,-18219.00099498705,-18405.260207519532
561beec4-8e09-5ff4-8967-76e4b041d572,2022-10-01,-26093.16,-24115.24,-24115.24,-35580.013333333336,-24459.40355774054,-24497.416352258577,-25014.033701171877
561beec4-8e09-5ff4-8967-76e4b041d572,2022-11-01,-5749.69,-26093.16,-26093.16,-22605.670000000002,-26950.62433475751,-26922.39683350919,-22141.201259765625
561beec4-8e09-5ff4-8967-76e4b041d572,2022-12-01,50042.83,-5749.69,-5749.69,-18652.696666666667,-6779.291098469489,-6732.707246330567,-6628.617612304687
561beec4-8e09-5ff4-8967-76e4b041d572,2023-01-01,-3903.22,50042.83,50042.83,6066.66,48051.574984637904,48188.15243607352,44665.19376953125
561beec4-8e09-5ff4-8967-76e4b041d572,2023-02-01,-55432.99,-3903.22,-3903.22,13463.306666666665,-4283.057442898288,-4325.92251391439,-6685.678496093749
561beec4-8e09-5ff4-8967-76e4b041d572,2023-03-01,-45116.92,-55432.99,-55432.99,-3097.7933333333326,-55058.56110469118,-55179.937485298564,-46666.8503515625
561beec4-8e09-5ff4-8967-76e4b041d572,2023-04-01,-536.02,-45116.92,-45116.92,-34817.71,-44711.894505269185,-44827.38656562018,-36302.87703125
561beec4-8e09-5ff4-8967-76e4b041d572,2023-05-01,24090.47,-536.02,-536.02,-33695.31,-946.626933892646,-977.3684710968641,1495.3197216796875
561beec4-8e09-5ff4-8967-76e4b041d572,2023-06-01,6819.5,24090.47,24090.47,-7187.489999999999,23287.779259863215,23287.16879355533,21562.748564453126
561beec4-8e09-5ff4-8967-76e4b041d572,2023-07-01,-7312.09,6819.5,6819.5,10124.65,5805.548953697504,5839.92613414803,8280.658447265625
561beec4-8e09-5ff4-8967-76e4b041d572,2023-08-01,-46817.31,-7312.09,-7312.09,7865.96,-7866.924709942013,-7885.979010081657,-1402.4537695312501
561beec4-8e09-5ff4-8967-76e4b041d572,2023-09-01,-49464.63,-46817.31,-46817.31,-15769.966666666665,-46276.22485142004,-46416.68523602382,-42005.429140625
561beec4-8e09-5ff4-8967-76e4b041d572,2023-10-01,-29592.8,-49464.63,-49464.63,-34531.34333333333,-48995.711946751806,-49120.123940229314,-40569.4005078125
561beec4-8e09-5ff4-8967-76e4b041d572,2023-11-01,-61391.8,-29592.8,-29592.8,-41958.246666666666,-29651.42205874733,-29710.491422649848,-22019.29658203125
561beec4-8e09-5ff4-8967-76e4b041d572,2023-12-01,-63848.12,-61391.8,-61391.8,-46816.41,-61080.40906041555,-61178.12703059749,-53895.153515625
561beec4-8e09-5ff4-8967-76e4b041d572,2024-01-01,-53351.63,-63848.12,-63848.12,-51610.90666666667,-63638.705776014984,-63728.768574258975,-57137.2537890625
561beec4-8e09-5ff4-8967-76e4b041d572,2024-02-01,-61519.32,-53351.63,-53351.63,-59530.51666666666,-53325.44727426475,-53384.18543301273,-48644.37609375
561beec4-8e09-5ff4-8967-76e4b041d572,2024-03-01,-32540.26,-61519.32,-61519.32,-59573.02333333334,-61386.865037908945,-61461.10687725629,-58479.233330078125
561beec4-8e09-5ff4-8967-76e4b041d572,2024-04-01,-16228.63,-32540.26,-32540.26,-49137.07,-33033.64667947125,-33045.84036757357,-33307.348378906245
561beec4-8e09-5ff4-8967-76e4b041d572,2024-05-01,-13062.8,-16228.63,-16228.63,-36762.736666666664,-16962.802777981233,-16952.28679744525,-17153.71557128906
561beec4-8e09-5ff4-8967-76e4b041d572,2024-06-01,-22491.06,-13062.8,-13062.8,-20610.563333333335,-14091.8768066896,-14049.656361390282,-17285.419140625
561beec4-8e09-5ff4-8967-76e4b041d572,2024-07-01,15074.38,-22491.06,-22491.06,-17260.829999999998,-23733.13139945839,-23661.008993579933,-22960.18289428711
561beec4-8e09-5ff4-8967-76e4b041d572,2024-08-01,47465.98,15074.38,15074.38,-6826.493333333335,13624.809461380892,13710.818083858525,12007.999384765624
561beec4-8e09-5ff4-8967-76e4b041d572,2024-09-01,21910.42,47465.98,47465.98,13349.766666666668,45785.84210342078,45888.309062209664,42158.53078125
561beec4-8e09-5ff4-8967-76e4b041d572,2024-10-01,39627.49,21910.42,21910.42,28150.26,20939.846200274747,20964.303354826672,18573.325029296873
561beec4-8e09-5ff4-8967-76e4b041d572,2024-11-01,-87077.43,39627.49,39627.49,36334.63,37925.61320055402,38039.79976323646,36363.33838867187
566f4f04-1d99-506b-b6d1-55772f5f4b0d,2022-01-01,-4553.35,,-13252.345000000001,-13252.345000000001,-599.9161128181978,-584.6049202465573,-976.0215454101562
566f4f04-1d99-506b-b6d1-55772f5f4b0d,2022-02-01,-6778.44,-4553.35,-4553.35,-4553.35,-5073.713629502008,-5071.157094878123,-8060.910302734375
566f4f04-1d99-506b-b6d1-55772f5f4b0d,2022-03-01,-8679.28,-6778.44,-6778.44,-5665.895,-7347.654296867138,-7338.580337418598,-9642.529355468749
566f4f04-1d99-506b-b6d1-55772f5f4b0d,2022-04-01,-9850.93,-8679.28,-8679.28,-6670.356666666667,-9216.358695704697,-9210.549199994834,-10975.01828125
566f4f04-1d99-506b-b6d1-55772f5f4b0d,2022-05-01,-10257.44,-9850.93,-9850.93,-8436.216666666665,-10430.980088199114,-10419.929754428356,-11049.68927734375
566f4f04-1d99-506b-b6d1-55772f5f4b0d,2022-06-01,-10177.63,-10257.44,-10257.44,-9595.883333333333,-10854.61942766852,-10841.53356399367,-10606.505155029297
566f4f04-1d99-506b-b6d1-55772f5f4b0d,2022-07-01,-13178.77,-10177.63,-10177.63,-10095.333333333334,-10684.884122685176,-10681.928553973847,-10601.619288330077
566f4f04-1d99-506b-b6d1-55772f5f4b0d,2022-08-01,-13560.74,-13178.77,-13178.77,-11204.613333333335,-13564.673659241402,-13576.215205662436,-13979.73435546875
566f4f04-1d99-506b-b6d1-55772f5f4b0d,2022-09-01,-23416.3,-13560.74,-13560.74,-12305.713333333333,-14094.242290721259,-14086.993732971803,-14044.386697998047
566f4f04-1d99-506b-b6d1-55772f5f4b0d,2022-10-01,-23538.4,-23416.3,-23416.3,-16718.603333333333,-23446.54879490738,-23503.21947615608,-24079.131787109374
566f4f04-1d99-506b-b6d1-55772f5f4b0d,2022-11-01,-24034.47,-23538.4,-23538.4,-20171.81333333333,-23837.356646975033,-23856.820160052033,-24292.86307373047
566f4f04-1d99-506b-b6d1-55772f5f4b0d,2022-12-01,-25414.32,-24034.47,-24034.47,-23663.056666666667,-24285.742737929308,-24310.78892769818,-24756.43325683594
566f4f04-1d99-506b-b6d1-55772f5f4b0d,2023-01-01,-25181.32,-25414.32,-25414.32,-24329.063333333335,-25691.926898907677,-25714.55582009017,-26130.99791748047
566f4f04-1d99-506b-b6d1-55772f5f4b0d,2023-02-01,-24448.57,-25181.32,-25181.32,-24876.703333333335,-25537.711377048563,-25550.611931933025,-25426.45848876953
566f4f04-1d99-506b-b6d1-55772f5f4b0d,2023-03-01,-24926.69,-24448.57,-24448.57,-25014.736666666664,-24898.45251110908,-24899.727750124803,-24710.33547241211
566f4f04-1d99-506b-b6d1-55772f5f4b0d,2023-04-01,-26111.76,-24926.69,-24926.69,-24852.19333333333,-25387.698140282777,-25387.881992842427,-25656.57635253906
566f4f04-1d99-506b-b6d1-55772f5f4b0d,2023-05-01,-26249.75,-26111.76,-26111.76,-25162.339999999997,-26540.702275208954,-26545.098104793535,-26714.66295410156
566f4f04-1d99-506b-b6d1-55772f5f4b0d,2023-06-01,-28164.45,-26249.75,-26249.75,-25762.733333333334,-26699.23735658184,-26700.248213748382,-26918.882751464844
566f4f04-1d99-506b-b6d1-55772f5f4b0d,2023-07-01,-29354.07,-28164.45,-28164.45,-26841.986666666664,-28525.489817540874,-28537.865447826214,-28276.845393371583
566f4f04-1d99-506b-b6d1-55772f5f4b0d,2023-08-01,-32946.84,-29354.07,-29354.07,-27922.756666666668,-29713.432249887734,-29725.46456813444,-30326.26970703125
566f4f04-1d99-506b-b6d1-55772f5f4b0d,2023-09-01,-34534.41,-32946.84,-32946.84,-30155.12,-33154.31686839385,-33183.33599362548,-34319.677280273434
566f4f04-1d99-506b-b6d1-55772f5f4b0d,2023-10-01,-33722.67,-34534.41,-34534.41,-32278.440000000002,-34763.10925963162,-34789.676066626125,-34857.76809326172
566f4f04-1d99-506b-b6d1-55772f5f4b0d,2023-11-01,-35043.7,-33722.67,-33722.67,-33734.64,-34046.06863935999,-34060.493121572574,-33969.98997680664
566f4f04-1d99-506b-b6d1-55772f5f4b0d,2023-12-01,-38050.04,-35043.7,-35043.7,-34433.59333333333,-35305.77696587414,-35328.63286577796,-36374.06376953125
566f4f04-1d99-506b-b6d1-55772f5f4b0d,2024-01-01,-37000.5,-38050.04,-38050.04,-35605.469999999994,-38251.49497236082,-38280.42888130692,-38915.51784423828
566f4f04-1d99-506b-b6d1-55772f5f4b0d,2024-02-01,-36247.97,-37000.5,-37000.5,-36698.08,-37299.215186146146,-37316.21065281243,-36877.52904510498
566f4f04-1d99-506b-b6d1-55772f5f4b0d,2024-03-01,-36715.9,-36247.97,-36247.97,-37099.503333333334,-36562.648751668035,-36578.430673073526,-36562.4111315918
566f4f04-1d99-506b-b6d1-55772f5f4b0d,2024-04-01,-37493.45,-36715.9,-36715.9,-36654.79,-37014.709647958596,-37033.43663920688,-37268.77994384766
566f4f04-1d99-506b-b6d1-55772f5f4b0d,2024-05-01,-37083.41,-37493.45,-37493.45,-36819.10666666667,-37770.974277116984,-37791.80960112277,-38033.16417236328
566f4f04-1d99-506b-b6d1-55772f5f4b0d,2024-06-01,-37029.7,-37083.41,-37083.41,-37097.58666666667,-37393.15771233008,-37411.230289730556,-37079.93461791039
566f4f04-1d99-506b-b6d1-55772f5f4b0d,2024-07-01,-39206.28,-37029.7,-37029.7,-37202.18666666667,-37313.61587401726,-37335.46268404457,-37418.96187133789
566f4f04-1d99-506b-b6d1-55772f5f4b0d,2024-08-01,-36981.24,-39206.28,-39206.28,-37773.13,-39419.36674842086,-39448.368578726055,-40416.552705078124
566f4f04-1d99-506b-b6d1-55772f5f4b0d,2024-09-01,-34577.23,-36981.24,-36981.24,-37739.07333333333,-37208.011823224144,-37235.83107859422,-38143.12696289062
566f4f04-1d99-506b-b6d1-55772f5f4b0d,2024-10-01,-35812.66,-34577.23,-34577.23,-36921.583333333336,-34991.47453853388,-34996.465809097004,-35739.469379882816
566f4f04-1d99-506b-b6d1-55772f5f4b0d,2024-11-01,-43279.82,-35812.66,-35812.66,-35790.37666666667,-36103.02575231803,-36124.67980113476,-37838.10274902344
5c9eac76-ab09-5f3d-824e-a60287da3c2c,2022-01-01,-9146.32,,-13252.345000000001,-13252.345000000001,-599.9161128181978,-584.6049202465573,-976.0215454101562
5c9eac76-ab09-5f3d-824e-a60287da3c2c,2022-02-01,-10020.78,-9146.32,-9146.32,-9146.32,-9762.761951740411,-9744.456612237856,-10785.74919921875
5c9eac76-ab09-5f3d-824e-a60287da3c2c,2022-03-01,-11057.6,-10020.78,-10020.78,-9583.55,-10633.162195369578,-10617.055151904873,-11577.75314453125
5c9eac76-ab09-5f3d-824e-a60287da3c2c,2022-04-01,-10802.89,-11057.6,-11057.6,-10074.9,-11583.3590194649,-11579.329369447507,-13355.25625
5c9eac76-ab09-5f3d-824e-a60287da3c2c,2022-05-01,-11447.84,-10802.89,-10802.89,-10627.089999999998,-11326.474150450897,-11320.394873168416,-12525.610336914062
5c9eac76-ab09-5f3d-824e-a60287da3c2c,2022-06-01,-12557.27,-11447.84,-11447.84,-11102.776666666667,-11966.859703853403,-11961.58338160448,-12474.353916015625
5c9eac76-ab09-5f3d-824e-a60287da3c2c,2022-07-01,-11795.2,-12557.27,-12557.27,-11602.666666666666,-13109.626207320274,-13100.802372927816,-12739.012538452149
5c9eac76-ab09-5f3d-824e-a60287da3c2c,2022-08-01,-11938.67,-11795.2,-11795.2,-11933.436666666666,-12311.432927000304,-12307.175156217028,-12659.785388183594
5c9eac76-ab09-5f3d-824e-a60287da3c2c,2022-09-01,-8539.57,-11938.67,-11938.67,-12097.046666666667,-12515.409913789983,-12503.960102062834,-12127.628938598633
5c9eac76-ab09-5f3d-824e-a60287da3c2c,2022-10-01,-11239.92,-8539.57,-8539.57,-10757.813333333334,-9159.786911927606,-9145.754132892882,-9513.880607910156
5c9eac76-ab09-5f3d-824e-a60287da3c2c,2022-11-01,-9574.48,-11239.92,-11239.92,-10572.72,-11598.993140367364,-11617.531782123873,-11418.059038085938
5c9eac76-ab09-5f3d-824e-a60287da3c2c,2022-12-01,-11439.41,-9574.48,-9574.48,-9784.656666666668,-10171.85101016229,-10159.851464952699,-10129.727741699218
5c9eac76-ab09-5f3d-824e-a60287da3c2c,2023-01-01,-11490.95,-11439.41,-11439.41,-10751.269999999999,-11896.53049187401,-11901.246904880774,-11755.515255126953
5c9eac76-ab09-5f3d-824e-a60287da3c2c,2023-02-01,-9801.38,-11490.95,-11490.95,-10834.946666666667,-12114.112492875749,-12098.407547130359,-10876.43944091797
5c9eac76-ab09-5f3d-824e-a60287da3c2c,2023-03-01,-6330.74,-9801.38,-9801.38,-10910.58,-10366.321474232682,-10359.60257690476,-9304.087763671874
5c9eac76-ab09-5f3d-824e-a60287da3c2c,2023-04-01,-11088.2,-6330.74,-6330.74,-9207.69,-6946.587101497627,-6934.888955202716,-7466.636606445312
5c9eac76-ab09-5f3d-824e-a60287da3c2c,2023-05-01,-9530.09,-11088.2,-11088.2,-9073.44,-11334.274092760646,-11368.950859941853,-9232.030078125
5c9eac76-ab09-5f3d-824e-a60287da3c2c,2023-06-01,-8962.34,-9530.09,-9530.09,-8983.01,-10083.091713147074,-10078.131684544454,-8444.817905273438
5c9eac76-ab09-5f3d-824e-a60287da3c2c,2023-07-01,-8665.23,-8962.34,-8962.34,-9860.210000000001,-9577.084582830374,-9564.341757612781,-8162.658054199219
5c9eac76-ab09-5f3d-824e-a60287da3c2c,2023-08-01,-7838.52,-8665.23,-8665.23,-9052.553333333333,-9314.719016709778,-9298.680439914668,-8259.221241455078
5c9eac76-ab09-5f3d-824e-a60287da3c2c,2023-09-01,-8897.11,-7838.52,-7838.52,-8488.696666666667,-8275.994945562083,-8287.192157158846,-7678.725108642579
5c9eac76-ab09-5f3d-824e-a60287da3c2c,2023-10-01,-6464.92,-8897.11,-8897.11,-8466.953333333333,-9408.106736363958,-9409.64834427008,-8519.503493652344
5c9eac76-ab09-5f3d-824e-a60287da3c2c,2023-11-01,-6073.83,-6464.92,-6464.92,-7733.516666666667,-7259.842153758208,-7227.65926053426,-6622.047075195313
5c9eac76-ab09-5f3d-824e-a60287da3c2c,2023-12-01,-6390.67,-6073.83,-6073.83,-7145.286666666667,-6795.894521574312,-6770.818821561652,-6407.746107177734
5c9eac76-ab09-5f3d-824e-a60287da3c2c,2024-01-01,-3471.56,-6390.67,-6390.67,-6309.806666666666,-7005.802915941538,-6993.958126954268,-6545.130968017578
5c9eac76-ab09-5f3d-824e-a60287da3c2c,2024-02-01,-3207.17,-3471.56,-3471.56,-5312.0199999999995,-4166.855909348778,-4145.877107956974,-3946.423800048828
5c9eac76-ab09-5f3d-824e-a60287da3c2c,2024-03-01,-3227.64,-3207.17,-3207.17,-4356.466666666666,-3962.333524606657,-3933.85779707818,-3782.362626953125
5c9eac76-ab09-5f3d-824e-a60287da3c2c,2024-04-01,-4903.09,-3227.64,-3227.64,-3302.123333333333,-3964.660231295467,-3938.1681269726114,-3985.12193359375
5c9eac76-ab09-5f3d-824e-a60287da3c2c,2024-05-01,-4788.66,-4903.09,-4903.09,-3779.2999999999997,-5436.063173100399,-5434.8828093104385,-5084.264087524414
5c9eac76-ab09-5f3d-824e-a60287da3c2c,2024-06-01,-4614.95,-4788.66,-4788.66,-4306.463333333333,-5421.070353381759,-5406.956603577789,-4605.3283654785155
5c9eac76-ab09-5f3d-824e-a60287da3c2c,2024-07-01,-8327.4,-4614.95,-4614.95,-4768.900000000001,-5201.349940263131,-5193.412944831213,-4632.321252059936
5c9eac76-ab09-5f3d-824e-a60287da3c2c,2024-08-01,-8371.38,-8327.4,-8327.4,-5910.336666666666,-8876.88389102341,-8871.411683475835,-8291.332228088379
5c9eac76-ab09-5f3d-824e-a60287da3c2c,2024-09-01,-5858.55,-8371.38,-8371.38,-7104.576666666667,-8824.45384915842,-8831.59863769087,-8763.76946533203
5c9eac76-ab09-5f3d-824e-a60287da3c2c,2024-10-01,-9828.65,-5858.55,-5858.55,-7519.110000000001,-6350.986307477902,-6353.943032565561,-6453.746472167969
5c9eac76-ab09-5f3d-824e-a60287da3c2c,2024-11-01,-13342.14,-9828.65,-9828.65,-8019.526666666668,-10181.235947091272,-10201.165996713558,-10928.16953125
5cf790d2-112f-51af-aaed-dcb3f474b293,2022-01-01,-1432.74,,-13252.345000000001,-13252.345000000001,-599.9161128181978,-584.6049202465573,-976.0215454101562
5cf790d2-112f-51af-aaed-dcb3f474b293,2022-02-01,-3651.27,-1432.74,-1432.74,-1432.74,-2070.3816094824324,-2050.908903137812,-2370.2460424804685
5cf790d2-112f-51af-aaed-dcb3f474b293,2022-03-01,-3822.82,-3651.27,-3651.27,-2542.005,-4313.449114271556,-4290.762206426094,-4672.395915527344
5cf790d2-112f-51af-aaed-dcb3f474b293,2022-04-01,5299.68,-3822.82,-3822.82,-2968.943333333333,-4499.174304769022,-4476.2241793110015,-4353.2923510742185
5cf790d2-112f-51af-aaed-dcb3f474b293,2022-05-01,-1077.67,5299.68,5299.68,-724.8033333333333,4560.953401869496,4589.354853651106,3301.8342968750003
5cf790d2-112f-51af-aaed-dcb3f474b293,2022-06-01,-2206.9,-1077.67,-1077.67,133.06333333333336,-1793.9159966978632,-1765.2192926546954,-1496.0486926269532
5cf790d2-112f-51af-aaed-dcb3f474b293,2022-07-01,-5482.1,-2206.9,-2206.9,671.7033333333334,-2750.254288342497,-2752.902952938929,-2375.396017456055
5cf790d2-112f-51af-aaed-dcb3f474b293,2022-08-01,-2762.9,-5482.1,-5482.1,-2922.2233333333334,-6011.443528702371,-6012.102007021454,-4282.20107421875
5cf790d2-112f-51af-aaed-dcb3f474b293,2022-09-01,-5219.19,-2762.9,-2762.9,-3483.9666666666667,-3214.8905866758028,-3224.0123522483905,-3318.289404296875
5cf790d2-112f-51af-aaed-dcb3f474b293,2022-10-01,-6331.12,-5219.19,-5219.19,-4488.0633333333335,-5599.011506531989,-5616.927200633295,-4182.508969726562
5cf790d2-112f-51af-aaed-dcb3f474b293,2022-11-01,-2873.33,-6331.12,-6331.12,-4771.07,-6749.726325484271,-6759.380527601291,-6216.04992401123
5cf790d2-112f-51af-aaed-dcb3f474b293,2022-12-01,5221.72,-2873.33,-2873.33,-4807.88,-3455.3010534324094,-3444.754912634161,-2686.043409423828
5cf790d2-112f-51af-aaed-dcb3f474b293,2023-01-01,-3041.86,5221.72,5221.72,-1327.5766666666666,4500.6538234955115,4522.443581277028,2570.3213183593753
5cf790d2-112f-51af-aaed-dcb3f474b293,2023-02-01,-1651.23,-3041.86,-3041.86,-231.1566666666666,-3668.239532661095,-3659.755942876382,-3280.2002404785158
5cf790d2-112f-51af-aaed-dcb3f474b293,2023-03-01,2175.83,-1651.23,-1651.23,176.21000000000004,-2351.5053700155117,-2334.491438898382,-2123.0602001953125
5cf790d2-112f-51af-aaed-dcb3f474b293,2023-04-01,-3776.15,2175.83,2175.83,-839.0866666666667,1671.053258898295,1661.5848820686983,1037.9990673828124
5cf790d2-112f-51af-aaed-dcb3f474b293,2023-05-01,-4810.05,-3776.15,-3776.15,-1083.8500000000001,-4150.537911968811,-4175.656016576786,-4052.4589904785157
5cf790d2-112f-51af-aaed-dcb3f474b293,2023-06-01,-5587.49,-4810.05,-4810.05,-2136.7900000000004,-5187.148348331369,-5212.063537862509,-4654.577267456055
5cf790d2-112f-51af-aaed-dcb3f474b293,2023-07-01,-5752.4,-5587.49,-5587.49,-4724.5633333333335,-5985.546461911904,-6001.843655869093,-5438.026102294922
5cf790d2-112f-51af-aaed-dcb3f474b293,2023-08-01,-5958.46,-5752.4,-5752.4,-5383.313333333333,-6220.817614972425,-6227.846365138386,-5857.19467010498
5cf790d2-112f-51af-aaed-dcb3f474b293,2023-09-01,-6566.83,-5958.46,-5958.46,-5766.116666666666,-6361.571180459843,-6373.118922314115,-6426.293404541016
5cf790d2-112f-51af-aaed-dcb3f474b293,2023-10-01,-2834.31,-6566.83,-6566.83,-6092.563333333334,-7204.157708852202,-7185.031224025201,-5962.289411621094
5cf790d2-112f-51af-aaed-dcb3f474b293,2023-11-01,-2457.65,-2834.31,-2834.31,-5119.866666666666,-3455.8682388383427,-3441.7490784687943,-2877.6763597106933
5cf790d2-112f-51af-aaed-dcb3f474b293,2023-12-01,6344.88,-2457.65,-2457.65,-3952.9300000000003,-3144.268496890215,-3123.0470258348346,-2555.8575653076173
5cf790d2-112f-51af-aaed-dcb3f474b293,2024-01-01,5375.21,6344.88,6344.88,350.97333333333336,5380.399222682658,5429.279116297069,4701.637080078125
5cf790d2-112f-51af-aaed-dcb3f474b293,2024-02-01,5142.98,5375.21,5375.21,3087.48,4720.179003994048,4728.564297877264,3875.0067529296875
5cf790d2-112f-51af-aaed-dcb3f474b293,2024-03-01,2140.72,5142.98,5142.98,5621.0233333333335,4350.034385099313,4376.046879433418,3074.9209179687496
5cf790d2-112f-51af-aaed-dcb3f474b293,2024-04-01,5420.01,2140.72,2140.72,4219.636666666666,1378.3138876458115,1403.1260773195272,2966.640715332031
5cf790d2-112f-51af-aaed-dcb3f474b293,2024-05-01,1716.49,5420.01,5420.01,4234.57,4537.058072228998,4577.849157426731,4557.5823266601565
5cf790d2-112f-51af-aaed-dcb3f474b293,2024-06-01,-3172.49,1716.49,1716.49,3092.4066666666663,955.1682345238149,985.7646750978142,1401.8608190917969
5cf790d2-112f-51af-aaed-dcb3f474b293,2024-07-01,50991.47,-3172.49,-3172.49,1321.3366666666668,-3671.6793671271776,-3675.0180223076645,-1795.5726416015623
5cf790d2-112f-51af-aaed-dcb3f474b293,2024-08-01,285017.17,50991.47,50991.47,16511.823333333334,50359.09298025169,50353.21392512165,49772.917875976564
5cf790d2-112f-51af-aaed-dcb3f474b293,2024-09-01,349289.68,285017.17,285017.17,110945.38333333335,278040.07413779665,278691.16309776745,288291.0179003906
5cf790d2-112f-51af-aaed-dcb3f474b293,2024-10-01,140461.89,349289.68,349289.68,228432.77333333332,341151.78025141003,341923.76741090976,350992.73993652343
5cf790d2-112f-51af-aaed-dcb3f474b293,2024-11-01,176258.65,140461.89,140461.89,258256.24666666667,137539.06904546428,137739.99974480103,143430.50157226564
602f2b4d-2e41-5db4-8f87-116f06fe9080,2022-01-01,-1764.79,,-13252.345000000001,-13252.345000000001,-599.9161128181978,-584.6049202465573,-976.0215454101562
602f2b4d-2e41-5db4-8f87-116f06fe9080,2022-02-01,-4109.13,-1764.79,-1764.79,-1764.79,-2280.0628333419027,-2276.7946538902174,-3411.5696630859375
602f2b4d-2e41-5db4-8f87-116f06fe9080,2022-03-01,-6209.65,-4109.13,-4109.13,-2936.96,-4631.944019625995,-4628.426085322452,-7804.107783203125
602f2b4d-2e41-5db4-8f87-116f06fe9080,2022-04-01,-10185.79,-6209.65,-6209.65,-4027.8566666666666,-6802.624914208208,-6790.190526502084,-7955.407934570312
602f2b4d-2e41-5db4-8f87-116f06fe9080,2022-05-01,-10742.07,-10185.79,-10185.79,-6834.8566666666675,-10730.916936507632,-10723.304879915324,-12147.6015234375
602f2b4d-2e41-5db4-8f87-116f06fe9080,2022-06-01,-15271.07,-10742.07,-10742.07,-9045.836666666668,-11252.321636373868,-11250.028545401112,-11487.775261230468
602f2b4d-2e41-5db4-8f87-116f06fe9080,2022-07-01,-12700.19,-15271.07,-15271.07,-12066.31,-15505.683000959709,-15535.224572348463,-14617.592644042968
602f2b4d-2e41-5db4-8f87-116f06fe9080,2022-08-01,-17130.05,-12700.19,-12700.19,-12904.443333333335,-13110.881589752082,-13120.851836434467,-12586.919553222657
602f2b4d-2e41-5db4-8f87-116f06fe9080,2022-09-01,-12631.99,-17130.05,-17130.05,-15033.769999999999,-17361.82422498528,-17394.122717148395,-15575.668041992187
602f2b4d-2e41-5db4-8f87-116f06fe9080,2022-10-01,-12519.61,-12631.99,-12631.99,-14154.076666666668,-13223.455089386136,-13211.977307917594,-12007.940805664062
602f2b4d-2e41-5db4-8f87-116f06fe9080,2022-11-01,-12671.42,-12519.61,-12519.61,-14093.883333333331,-12996.518224414864,-13000.58279268751,-11920.243361816407
602f2b4d-2e41-5db4-8f87-116f06fe9080,2022-12-01,-12937.07,-12671.42,-12671.42,-12607.673333333332,-13245.47882925136,-13236.448122283638,-12968.189256591797
602f2b4d-2e41-5db4-8f87-116f06fe9080,2023-01-01,-10405.37,-12937.07,-12937.07,-12709.366666666667,-13520.91564205333,-13510.45616255063,-12827.210655517578
602f2b4d-2e41-5db4-8f87-116f06fe9080,2023-02-01,-10170.75,-10405.37,-10405.37,-12004.62,-11118.332748740902,-11092.945164658537,-10682.95056640625
602f2b4d-2e41-5db4-8f87-116f06fe9080,2023-03-01,-11571.84,-10170.75,-10170.75,-11171.063333333334,-10923.696306299977,-10893.187659493457,-10522.784545898438
602f2b4d-2e41-5db4-8f87-116f06fe9080,2023-04-01,-11448.54,-11571.84,-11571.84,-10715.986666666666,-12204.81151077266,-12188.470847636123,-11741.366611328125
602f2b4d-2e41-5db4-8f87-116f06fe9080,2023-05-01,-10406.67,-11448.54,-11448.54,-11063.710000000001,-11962.275029077426,-11961.228452064392,-11422.999522247315
602f2b4d-2e41-5db4-8f87-116f06fe9080,2023-06-01,-11615.83,-10406.67,-10406.67,-11142.35,-11052.426766806622,-11033.693463372936,-10659.394578857422
602f2b4d-2e41-5db4-8f87-116f06fe9080,2023-07-01,-13224.42,-11615.83,-11615.83,-11157.013333333334,-12197.827827445119,-12187.677001905067,-11391.484067993164
602f2b4d-2e41-5db4-8f87-116f06fe9080,2023-08-01,-14280.01,-13224.42,-13224.42,-11748.973333333333,-13659.132095939467,-13666.3570445098,-12787.774034423828
602f2b4d-2e41-5db4-8f87-116f06fe9080,2023-09-01,-12192.78,-14280.01,-14280.01,-13040.086666666668,-14658.082209636126,-14672.695653966332,-14301.492641220093
602f2b4d-2e41-5db4-8f87-116f06fe9080,2023-10-01,-11774.02,-12192.78,-12192.78,-13232.403333333334,-12746.213756035178,-12739.059901093276,-11962.04531982422
602f2b4d-2e41-5db4-8f87-116f06fe9080,2023-11-01,-10152.57,-11774.02,-11774.02,-12748.936666666668,-12344.39331650779,-12335.380716102169,-11697.490596313477
602f2b4d-2e41-5db4-8f87-116f06fe9080,2023-12-01,-11763.78,-10152.57,-10152.57,-11373.123333333335,-10719.402488700613,-10712.47195746363,-10842.903862304687
602f2b4d-2e41-5db4-8f87-116f06fe9080,2024-01-01,-9798.16,-11763.78,-11763.78,-11230.123333333331,-12399.647470604817,-12379.977004064298,-11441.518800048829
602f2b4d-2e41-5db4-8f87-116f06fe9080,2024-02-01,-9121.41,-9798.16,-9798.16,-10571.503333333334,-10508.621328189512,-10483.729594186912,-9969.147915039062
602f2b4d-2e41-5db4-8f87-116f06fe9080,2024-03-01,-9775.67,-9121.41,-9121.41,-10227.783333333333,-9745.19653191059,-9731.42420975679,-9410.557857666015
602f2b4d-2e41-5db4-8f87-116f06fe9080,2024-04-01,-12008.73,-9775.67,-9775.67,-9565.08,-10423.075774475634,-10404.026540927587,-10105.827104492188
602f2b4d-2e41-5db4-8f87-116f06fe9080,2024-05-01,-12437.94,-12008.73,-12008.73,-10301.936666666666,-12500.135747247277,-12500.290308082427,-11561.074848632812
602f2b4d-2e41-5db4-8f87-116f06fe9080,2024-06-01,-13519.55,-12437.94,-12437.94,-11407.446666666665,-12934.682436521009,-12933.812106017278,-12314.05745452881
602f2b4d-2e41-5db4-8f87-116f06fe9080,2024-07-01,-17799.93,-13519.55,-13519.55,-12655.406666666668,-13928.319174366388,-13939.299321210872,-13397.362347412109
602f2b4d-2e41-5db4-8f87-116f06fe9080,2024-08-01,-16949.0,-17799.93,-17799.93,-14585.806666666665,-18145.210174681517,-18159.121649667482,-18413.0950390625
602f2b4d-2e41-5db4-8f87-116f06fe9080,2024-09-01,-16822.47,-16949.0,-16949.0,-16089.493333333332,-17325.543653916568,-17337.622082840346,-17649.13116455078
602f2b4d-2e41-5db4-8f87-116f06fe9080,2024-10-01,-16712.34,-16822.47,-16822.47,-17190.466666666667,-17212.165246228556,-17221.93975012336,-17869.277373046876
602f2b4d-2e41-5db4-8f87-116f06fe9080,2024-11-01,-20153.22,-16712.34,-16712.34,-16827.936666666665,-17128.05486319932,-17135.38576780073,-18377.658481445313
60711e99-65a8-5999-9863-def569dce7e1,2022-01-01,-21980.75,,-13252.345000000001,-13252.345000000001,-599.9161128181978,-584.6049202465573,-976.0215454101562
60711e99-65a8-5999-9863-def569dce7e1,2022-02-01,-12996.7,-21980.75,-21980.75,-21980.75,-22536.48169021844,-22527.304370512316,-23078.557006835938
60711e99-65a8-5999-9863-def569dce7e1,2022-03-01,-8358.33,-12996.7,-12996.7,-17488.725,-13504.802374389325,-13503.686748543743,-14731.923754882813
60711e99-65a8-5999-9863-def569dce7e1,2022-04-01,-16472.13,-8358.33,-8358.33,-14445.26,-8925.515535441024,-8916.642724184698,-9797.269575195312
60711e99-65a8-5999-9863-def569dce7e1,2022-05-01,-10937.8,-16472.13,-16472.13,-12609.053333333335,-16983.183149214805,-16981.488697667322,-17144.749689941407
60711e99-65a8-5999-9863-def569dce7e1,2022-06-01,-15228.11,-10937.8,-10937.8,-11922.753333333334,-11286.347876583544,-11306.722721966496,-12254.610546875
60711e99-65a8-5999-9863-def569dce7e1,2022-07-01,-12794.61,-15228.11,-15228.11,-14212.68,-15712.047158705764,-15710.603639878062,-13873.038344726563
60711e99-65a8-5999-9863-def569dce7e1,2022-08-01,-21247.19,-12794.61,-12794.61,-12986.840000000002,-13323.016232157002,-13317.47571147335,-14016.911025390626
60711e99-65a8-5999-9863-def569dce7e1,2022-09-01,-24230.71,-21247.19,-21247.19,-16423.303333333333,-21503.16921346546,-21530.352447164827,-22301.706967773436
60711e99-65a8-5999-9863-def569dce7e1,2022-10-01,-22103.96,-24230.71,-24230.71,-19424.17,-24365.64032787466,-24408.65151736847,-23351.588112792968
60711e99-65a8-5999-9863-def569dce7e1,2022-11-01,-20104.83,-22103.96,-22103.96,-22527.286666666667,-22407.422829939627,-22427.494063963968,-22820.3945703125
60711e99-65a8-5999-9863-def569dce7e1,2022-12-01,-23109.54,-20104.83,-20104.83,-22146.5,-20519.2407704863,-20526.428951319023,-20934.71739013672
60711e99-65a8-5999-9863-def569dce7e1,2023-01-01,-17692.52,-23109.54,-23109.54,-21772.77666666667,-23430.919491968543,-23450.063606662043,-23124.704242744447
60711e99-65a8-5999-9863-def569dce7e1,2023-02-01,-24886.64,-17692.52,-17692.52,-20302.296666666665,-18266.485121576105,-18255.407511867477,-19006.536845703125
60711e99-65a8-5999-9863-def569dce7e1,2023-03-01,-20369.29,-24886.64,-24886.64,-21896.233333333337,-25171.40644444591,-25195.61809346979,-23351.544418945312
60711e99-65a8-5999-9863-def569dce7e1,2023-04-01,-20873.63,-20369.29,-20369.29,-20982.816666666666,-20883.315325381944,-20880.073523923948,-20785.38243774414
60711e99-65a8-5999-9863-def569dce7e1,2023-05-01,-30321.98,-20873.63,-20873.63,-22043.186666666665,-21295.84600417656,-21304.464219292677,-20437.55059326172
60711e99-65a8-5999-9863-def569dce7e1,2023-06-01,-20725.38,-30321.98,-30321.98,-23854.966666666664,-30439.56785849395,-30485.090574004018,-27342.7378125
60711e99-65a8-5999-9863-def569dce7e1,2023-07-01,-19997.31,-20725.38,-20725.38,-23973.663333333334,-21145.571871791326,-21153.96252032271,-20035.592219238282
60711e99-65a8-5999-9863-def569dce7e1,2023-08-01,-19638.79,-19997.31,-19997.31,-23681.556666666667,-20374.767320587252,-20387.10657758608,-20402.842470703126
60711e99-65a8-5999-9863-def569dce7e1,2023-09-01,-22911.38,-19638.79,-19638.79,-20120.493333333336,-20132.29469237481,-20133.992709794653,-20826.86751464844
60711e99-65a8-5999-9863-def569dce7e1,2023-10-01,-19409.35,-22911.38,-22911.38,-20849.16,-23279.378851977843,-23297.637832175606,-20546.099482421876
60711e99-65a8-5999-9863-def569dce7e1,2023-11-01,-16189.26,-19409.35,-19409.35,-20653.173333333332,-20016.213379272333,-20005.714966430933,-18252.68117675781
60711e99-65a8-5999-9863-def569dce7e1,2023-12-01,-15640.18,-16189.26,-16189.26,-19503.33,-17030.741122819665,-16989.860380237802,-16763.847341308596
60711e99-65a8-5999-9863-def569dce7e1,2024-01-01,-21808.05,-15640.18,-15640.18,-17079.596666666668,-16442.973545845034,-16407.814326795342,-17707.865791015625
60711e99-65a8-5999-9863-def569dce7e1,2024-02-01,-23525.94,-21808.05,-21808.05,-17879.163333333334,-22539.021299512984,-22512.77379753572,-21436.569622802734
60711e99-65a8-5999-9863-def569dce7e1,2024-03-01,-22267.29,-23525.94,-23525.94,-20324.72333333333,-23826.72188972477,-23851.116570741786,-23549.538285675048
60711e99-65a8-5999-9863-def569dce7e1,2024-04-01,-21279.51,-22267.29,-22267.29,-22533.76,-22644.280089501608,-22654.764371094967,-22622.03771118164
60711e99-65a8-5999-9863-def569dce7e1,2024-05-01,-23046.5,-21279.51,-21279.51,-22357.58,-21538.075431232253,-21564.883738661363,-21646.72334838867
60711e99-65a8-5999-9863-def569dce7e1,2024-06-01,-24454.97,-23046.5,-23046.5,-22197.766666666663,-23410.846573319504,-23424.991674311088,-22288.760131835938
60711e99-65a8-5999-9863-def569dce7e1,2024-07-01,-27009.1,-24454.97,-24454.97,-22926.993333333332,-24830.1144655859,-24841.96353962005,-24756.797758789064
60711e99-65a8-5999-9863-def569dce7e1,2024-08-01,-19252.88,-27009.1,-27009.1,-24836.85666666667,-27343.945052670642,-27358.74869044366,-26702.255364990233
60711e99-65a8-5999-9863-def569dce7e1,2024-09-01,-16504.69,-19252.88,-19252.88,-23572.316666666666,-19696.545341947884,-19702.680530973932,-20129.86553466797
60711e99-65a8-5999-9863-def569dce7e1,2024-10-01,-20992.41,-16504.69,-16504.69,-20922.22333333333,-17139.884583613268,-17123.718032563538,-18033.197690429686
60711e99-65a8-5999-9863-def569dce7e1,2024-11-01,-13749.0,-20992.41,-20992.41,-18916.66,-21221.61814628729,-21257.04433788175,-21137.35386291504
60b111f7-5319-5b69-ab75-7080f3757c41,2022-01-01,3007.85,,-13252.345000000001,-13252.345000000001,-599.9161128181978,-584.6049202465573,-976.0215454101562
60b111f7-5319-5b69-ab75-7080f3757c41,2022-02-01,4868.9,3007.85,3007.85,3007.85,2269.751266292812,2300.7630286630483,2826.6308837890624
60b111f7-5319-5b69-ab75-7080f3757c41,2022-03-01,4505.73,4868.9,4868.9,3938.375,4170.405753112983,4196.039936370125,3952.194738769531
60b111f7-5319-5b69-ab75-7080f3757c41,2022-04-01,4170.27,4505.73,4505.73,4127.493333333333,3706.05963599611,3742.841651138286,4001.436939697265
60b111f7-5319-5b69-ab75-7080f3757c41,2022-05-01,4501.82,4170.27,4170.27,4514.966666666666,3455.3357793262617,3479.867971832341,3900.0058093261723
60b111f7-5319-5b69-ab75-7080f3757c41,2022-06-01,3742.92,4501.82,4501.82,4392.606666666667,3844.292240505993,3862.92051064147,3827.816215820312
60b111f7-5319-5b69-ab75-7080f3757c41,2022-07-01,3141.24,3742.92,3742.92,4138.336666666667,2883.759573315942,2925.0901854867066,3767.085153503418
60b111f7-5319-5b69-ab75-7080f3757c41,2022-08-01,3993.44,3141.24,3141.24,3795.3266666666664,2438.0083295574977,2460.4444075267256,3635.806253662109
60b111f7-5319-5b69-ab75-7080f3757c41,2022-09-01,3036.39,3993.44,3993.44,3625.866666666667,3189.5440389759306,3226.4618331500888,3678.958035888672
60b111f7-5319-5b69-ab75-7080f3757c41,2022-10-01,5152.21,3036.39,3036.39,3390.3566666666666,2264.2216925672933,2297.2287710870987,3580.426682128906
60b111f7-5319-5b69-ab75-7080f3757c41,2022-11-01,2839.72,5152.21,5152.21,4060.6800000000003,4348.95416100383,4384.000219578232,4439.3912744140625
60b111f7-5319-5b69-ab75-7080f3757c41,2022-12-01,3552.14,2839.72,2839.72,3676.1066666666666,2038.7251811709623,2072.7850660846175,3702.0267626953123
60b111f7-5319-5b69-ab75-7080f3757c41,2023-01-01,2890.9,3552.14,3552.14,3848.023333333333,2814.6150273936246,2841.431593594726,3350.159332885742
60b111f7-5319-5b69-ab75-7080f3757c41,2023-02-01,2416.68,2890.9,2890.9,3094.2533333333336,2025.3430900007602,2068.344961283424,3055.9892181396485
60b111f7-5319-5b69-ab75-7080f3757c41,2023-03-01,1995.87,2416.68,2416.68,2953.24,1614.6388291280198,1648.5397948846116,2850.8225170898436
60b111f7-5319-5b69-ab75-7080f3757c41,2023-04-01,2510.81,1995.87,1995.87,2434.483333333333,1188.4956458246374,1224.570656661339,2058.911393280029
60b111f7-5319-5b69-ab75-7080f3757c41,2023-05-01,1858.37,2510.81,2510.81,2307.786666666667,1698.4520587907305,1735.578726970794,2382.702547607422
60b111f7-5319-5b69-ab75-7080f3757c41,2023-06-01,2046.94,1858.37,1858.37,2121.6833333333334,1172.5769801202186,1193.1846240543816,1749.005299682617
60b111f7-5319-5b69-ab75-7080f3757c41,2023-07-01,1546.78,2046.94,2046.94,2138.7066666666665,1188.0627745682527,1230.8187053396318,2238.222165527344
60b111f7-5319-5b69-ab75-7080f3757c41,2023-08-01,82.79,1546.78,1546.78,1817.3633333333335,868.9939021689387,889.169718421755,1712.755860595703
60b111f7-5319-5b69-ab75-7080f3757c41,2023-09-01,839.8,82.79,82.79,1225.5033333333333,-479.28437163642315,-474.2120689387912,692.6965551757812
60b111f7-5319-5b69-ab75-7080f3757c41,2023-10-01,3204.57,839.8,839.8,823.1233333333333,191.2129877173453,206.57777333546665,1409.5113037109375
60b111f7-5319-5b69-ab75-7080f3757c41,2023-11-01,604.55,3204.57,3204.57,1375.72,2550.5086868822927,2566.675401283739,3027.8088610839845
60b111f7-5319-5b69-ab75-7080f3757c41,2023-12-01,1965.49,604.55,604.55,1549.64,34.051443906785494,38.67917908952302,1767.43818359375
60b111f7-5319-5b69-ab75-7080f3757c41,2024-01-01,2046.61,1965.49,1965.49,1924.8700000000001,1360.6611574728797,1370.4040680146009,1992.3242819213867
60b111f7-5319-5b69-ab75-7080f3757c41,2024-02-01,1842.42,2046.61,2046.61,1538.8833333333332,1292.605240297478,1321.5640181304384,2185.914077148437
60b111f7-5319-5b69-ab75-7080f3757c41,2024-03-01,2715.42,1842.42,1842.42,1951.5066666666664,1031.859942077747,1066.6324026847597,2086.2912158203126
60b111f7-5319-5b69-ab75-7080f3757c41,2024-04-01,1590.44,2715.42,2715.42,2201.483333333333,1893.9206798374016,1931.2425366813309,2730.788404388428
60b111f7-5319-5b69-ab75-7080f3757c41,2024-05-01,1867.92,1590.44,1590.44,2049.4266666666667,825.9032731746083,855.7998811657029,1783.5880560302735
60b111f7-5319-5b69-ab75-7080f3757c41,2024-06-01,2082.4,1867.92,1867.92,2057.9266666666667,1049.022555728883,1086.2294439867428,1992.8742083740235
60b111f7-5319-5b69-ab75-7080f3757c41,2024-07-01,9209.26,2082.4,2082.4,1846.92,1238.5122742460785,1278.5993178158244,2247.632406616211
60b111f7-5319-5b69-ab75-7080f3757c41,2024-08-01,8189.61,9209.26,9209.26,4386.526666666667,8149.469904757009,8211.599608661818,7549.78294921875
60b111f7-5319-5b69-ab75-7080f3757c41,2024-09-01,4086.13,8189.61,8189.61,6493.756666666667,7253.790870109964,7301.190336182872,6272.548354492187
60b111f7-5319-5b69-ab75-7080f3757c41,2024-10-01,1351.82,4086.13,4086.13,7161.666666666667,3393.103002877025,3412.884769734154,3088.483210449219
60b111f7-5319-5b69-ab75-7080f3757c41,2024-11-01,3148.64,1351.82,1351.82,4542.5199999999995,755.1489158177083,765.8793769507124,1381.6041854095458
617f7496-5fd8-5362-ade8-3ea948b69924,2022-01-01,-6223.75,,-13252.345000000001,-13252.345000000001,-599.9161128181978,-584.6049202465573,-976.0215454101562
617f7496-5fd8-5362-ade8-3ea948b69924,2022-02-01,-2365.84,-6223.75,-6223.75,-6223.75,-6825.257118375576,-6812.021749085483,-7340.152587890625
617f7496-5fd8-5362-ade8-3ea948b69924,2022-03-01,-2401.53,-2365.84,-2365.84,-4294.795,-3018.0280536256964,-2998.768336566314,-3444.631748046875
617f7496-5fd8-5362-ade8-3ea948b69924,2022-04-01,-3583.86,-2401.53,-2401.53,-3663.706666666667,-3051.386818248954,-3032.905115876394,-3620.2444775390627
617f7496-5fd8-5362-ade8-3ea948b69924,2022-05-01,-6909.38,-3583.86,-3583.86,-2783.7433333333333,-4222.438458446409,-4205.980049813272,-5132.235488281251
617f7496-5fd8-5362-ade8-3ea948b69924,2022-06-01,-6623.38,-6909.38,-6909.38,-4298.256666666667,-7592.99475636019,-7569.471067656485,-6730.531443481445
617f7496-5fd8-5362-ade8-3ea948b69924,2022-07-01,-6742.54,-6623.38,-6623.38,-5705.54,-7090.750667776755,-7096.504120328062,-6635.491472129822
617f7496-5fd8-5362-ade8-3ea948b69924,2022-08-01,-8148.55,-6742.54,-6742.54,-6758.433333333333,-7170.023742621464,-7179.589110616899,-7204.483572998047
617f7496-5fd8-5362-ade8-3ea948b69924,2022-09-01,-8119.19,-8148.55,-8148.55,-7171.490000000001,-8642.748618739613,-8642.892324719229,-8353.42776184082
617f7496-5fd8-5362-ade8-3ea948b69924,2022-10-01,-8014.99,-8119.19,-8119.19,-7670.093333333333,-8665.012116543207,-8659.407278243738,-8323.607083740233
617f7496-5fd8-5362-ade8-3ea948b69924,2022-11-01,-6774.75,-8014.99,-8014.99,-8094.243333333333,-8602.19674595612,-8590.904855524563,-8030.366626014709
617f7496-5fd8-5362-ade8-3ea948b69924,2022-12-01,-5152.45,-6774.75,-6774.75,-7636.31,-7375.771251152103,-7361.7069319667735,-6868.076110839844
617f7496-5fd8-5362-ade8-3ea948b69924,2023-01-01,-7656.08,-5152.45,-5152.45,-6647.396666666667,-5792.36468999981,-5775.369660801866,-5819.175158691406
617f7496-5fd8-5362-ade8-3ea948b69924,2023-02-01,-6361.13,-7656.08,-7656.08,-6527.759999999999,-8264.529229936437,-8251.36856720808,-7775.918623046875
617f7496-5fd8-5362-ade8-3ea948b69924,2023-03-01,-5825.67,-6361.13,-6361.13,-6389.886666666666,-7013.570381532887,-6995.297712732051,-6471.275393371582
617f7496-5fd8-5362-ade8-3ea948b69924,2023-04-01,-8694.85,-5825.67,-5825.67,-6614.293333333332,-6437.719070994236,-6423.984098393347,-6300.323839111328
617f7496-5fd8-5362-ade8-3ea948b69924,2023-05-01,-8277.32,-8694.85,-8694.85,-6960.55,-9356.69357856355,-9338.19545177615,-8350.308068847657
617f7496-5fd8-5362-ade8-3ea948b69924,2023-06-01,-6554.8,-8277.32,-8277.32,-7599.279999999999,-8952.80086239512,-8932.252372340867,-8623.425041503906
617f7496-5fd8-5362-ade8-3ea948b69924,2023-07-01,-7467.1,-6554.8,-6554.8,-7842.323333333334,-7222.988215662126,-7203.3636544052615,-7063.238751220703
617f7496-5fd8-5362-ade8-3ea948b69924,2023-08-01,-6924.1,-7467.1,-7467.1,-7433.073333333334,-8164.677794581765,-8141.277939291395,-7443.70598564148
617f7496-5fd8-5362-ade8-3ea948b69924,2023-09-01,-8279.71,-6924.1,-6924.1,-6982.0,-7537.25766254671,-7524.261675740131,-7374.467614746094
617f7496-5fd8-5362-ade8-3ea948b69924,2023-10-01,-8540.67,-8279.71,-8279.71,-7556.97,-8914.815173873058,-8899.203003081679,-8545.491585693359
617f7496-5fd8-5362-ade8-3ea948b69924,2023-11-01,-8263.13,-8540.67,-8540.67,-7914.826666666665,-9134.22484743883,-9121.343013752607,-8915.258409423828
617f7496-5fd8-5362-ade8-3ea948b69924,2023-12-01,-6272.05,-8263.13,-8263.13,-8361.17,-8836.202289591169,-8825.400153915281,-8198.888277893066
617f7496-5fd8-5362-ade8-3ea948b69924,2024-01-01,-7829.56,-6272.05,-6272.05,-7691.95,-6885.313993488913,-6871.079489811161,-6772.179089355469
617f7496-5fd8-5362-ade8-3ea948b69924,2024-02-01,-7725.81,-7829.56,-7829.56,-7454.913333333333,-8447.895575291892,-8433.211542073517,-7635.6261773681645
617f7496-5fd8-5362-ade8-3ea948b69924,2024-03-01,-6940.18,-7725.81,-7725.81,-7275.806666666667,-8407.66509158239,-8386.095030318764,-7623.665476379395
617f7496-5fd8-5362-ade8-3ea948b69924,2024-04-01,-8696.05,-6940.18,-6940.18,-7498.516666666667,-7456.8462612969515,-7455.56382527607,-7100.288261108399
617f7496-5fd8-5362-ade8-3ea948b69924,2024-05-01,-9304.87,-8696.05,-8696.05,-7787.346666666667,-9221.238249099608,-9217.978894976532,-8855.069104003906
617f7496-5fd8-5362-ade8-3ea948b69924,2024-06-01,-8454.95,-9304.87,-9304.87,-8313.699999999999,-9896.216753402856,-9884.39161081526,-9166.010441894532
617f7496-5fd8-5362-ade8-3ea948b69924,2024-07-01,-8102.61,-8454.95,-8454.95,-8818.623333333333,-9007.508909418517,-9000.950233377485,-8542.694270324708
617f7496-5fd8-5362-ade8-3ea948b69924,2024-08-01,2736.27,-8102.61,-8102.61,-8620.81,-8668.173732305364,-8659.942817088158,-8612.436385498047
617f7496-5fd8-5362-ade8-3ea948b69924,2024-09-01,11739.05,2736.27,2736.27,-4607.096666666667,1758.5285157545363,1807.8223824448246,3065.6655688476562
617f7496-5fd8-5362-ade8-3ea948b69924,2024-10-01,-361.0,11739.05,11739.05,2124.2366666666667,10342.588933343393,10432.51206204262,12140.329541015624
617f7496-5fd8-5362-ade8-3ea948b69924,2024-11-01,-1202.93,-361.0,-361.0,4704.7733333333335,-935.7674291821046,-946.1986158316586,-1351.7717895507812
6300fb97-2c3b-53a6-b5d6-8aa25b978805,2022-01-01,-1526.97,,-13252.345000000001,-13252.345000000001,-599.9161128181978,-584.6049202465573,-976.0215454101562
6300fb97-2c3b-53a6-b5d6-8aa25b978805,2022-02-01,-11514.52,-1526.97,-1526.97,-1526.97,-2086.3014328949853,-2078.591115116217,-5578.28201171875
6300fb97-2c3b-53a6-b5d6-8aa25b978805,2022-03-01,-20926.89,-11514.52,-11514.52,-6520.745,-11919.217925394607,-11929.641554733944,-16802.96384765625
6300fb97-2c3b-53a6-b5d6-8aa25b978805,2022-04-01,-29655.18,-20926.89,-20926.89,-11322.793333333333,-21238.558198900533,-21259.00722331892,-26996.7405859375
6300fb97-2c3b-53a6-b5d6-8aa25b978805,2022-05-01,-34623.46,-29655.18,-29655.18,-20698.86333333333,-29787.134300101116,-29829.828997332028,-35101.32794921875
6300fb97-2c3b-53a6-b5d6-8aa25b978805,2022-06-01,-39312.73,-34623.46,-34623.46,-28401.843333333334,-34752.042368675604,-34794.627694698764,-40555.53861328125
6300fb97-2c3b-53a6-b5d6-8aa25b978805,2022-07-01,-41520.86,-39312.73,-39312.73,-34530.456666666665,-39114.10808039446,-39193.08321664054,-42838.74831054688
6300fb97-2c3b-53a6-b5d6-8aa25b978805,2022-08-01,-45092.5,-41520.86,-41520.86,-38485.68333333333,-41473.267259263615,-41531.32218338223,-45377.584365234376
6300fb97-2c3b-53a6-b5d6-8aa25b978805,2022-09-01,-46669.22,-45092.5,-45092.5,-41975.363333333335,-45154.32294102786,-45194.93033427749,-47330.109130859375
6300fb97-2c3b-53a6-b5d6-8aa25b978805,2022-10-01,-46578.94,-46669.22,-46669.22,-44427.52666666667,-46753.86599439268,-46795.2537340868,-47087.425017089845
6300fb97-2c3b-53a6-b5d6-8aa25b978805,2022-11-01,-50809.0,-46578.94,-46578.94,-46113.55333333334,-46748.70250584729,-46779.04522212421,-47421.7183203125
6300fb97-2c3b-53a6-b5d6-8aa25b978805,2022-12-01,-53432.91,-50809.0,-50809.0,-48019.05333333334,-50798.208705997145,-50851.979914968746,-52687.75109863281
6300fb97-2c3b-53a6-b5d6-8aa25b978805,2023-01-01,-50900.58,-53432.91,-53432.91,-50273.61666666667,-53556.76387973087,-53589.854507774064,-53975.30215087891
6300fb97-2c3b-53a6-b5d6-8aa25b978805,2023-02-01,-48364.91,-50900.58,-50900.58,-51714.16333333333,-51137.16903028425,-51158.487583454895,-51135.267118530275
6300fb97-2c3b-53a6-b5d6-8aa25b978805,2023-03-01,-47353.56,-48364.91,-48364.91,-50899.466666666674,-48612.585840849715,-48635.44291890463,-48865.76336303711
6300fb97-2c3b-53a6-b5d6-8aa25b978805,2023-04-01,-50083.3,-47353.56,-47353.56,-48873.01666666666,-47668.271318416024,-47683.963835483446,-48812.73041015625
6300fb97-2c3b-53a6-b5d6-8aa25b978805,2023-05-01,-52357.02,-50083.3,-50083.3,-48600.590000000004,-50357.64402784071,-50375.33981256852,-50686.13160400391
6300fb97-2c3b-53a6-b5d6-8aa25b978805,2023-06-01,-49394.91,-52357.02,-52357.02,-49931.293333333335,-52488.255223217304,-52526.2460624384,-51308.268901367184
6300fb97-2c3b-53a6-b5d6-8aa25b978805,2023-07-01,-49456.79,-49394.91,-49394.91,-50611.743333333325,-49729.52965279009,-49742.59847607943,-49323.99012390137
6300fb97-2c3b-53a6-b5d6-8aa25b978805,2023-08-01,-49555.46,-49456.79,-49456.79,-50402.90666666667,-49652.11723121534,-49682.61438128321,-49742.147360839845
6300fb97-2c3b-53a6-b5d6-8aa25b978805,2023-09-01,-48783.08,-49555.46,-49555.46,-49469.05333333334,-49826.31163200241,-49846.434149610424,-49882.74109741211
6300fb97-2c3b-53a6-b5d6-8aa25b978805,2023-10-01,-49785.78,-48783.08,-48783.08,-49265.11000000001,-49023.043904736034,-49048.04517021972,-48903.529409484865
6300fb97-2c3b-53a6-b5d6-8aa25b978805,2023-11-01,-47512.22,-49785.78,-49785.78,-49374.77333333334,-49961.02206849388,-49994.71850087316,-49811.296872406005
6300fb97-2c3b-53a6-b5d6-8aa25b978805,2023-12-01,-53486.91,-47512.22,-47512.22,-48693.693333333336,-47829.97118597307,-47846.96451117713,-47990.36337158203
6300fb97-2c3b-53a6-b5d6-8aa25b978805,2024-01-01,-50590.55,-53486.91,-53486.91,-50261.636666666665,-53471.88690338588,-53525.70783897776,-53626.53232971192
6300fb97-2c3b-53a6-b5d6-8aa25b978805,2024-02-01,-49372.0,-50590.55,-50590.55,-50529.89333333333,-50845.50124346608,-50867.77618476894,-50499.78250579834
6300fb97-2c3b-53a6-b5d6-8aa25b978805,2024-03-01,-50309.76,-49372.0,-49372.0,-51149.82000000001,-49454.163351435105,-49499.565638601045,-50038.505859375
6300fb97-2c3b-53a6-b5d6-8aa25b978805,2024-04-01,-50842.14,-50309.76,-50309.76,-50090.77,-50419.34240823355,-50460.294419077356,-50948.520192871096
6300fb97-2c3b-53a6-b5d6-8aa25b978805,2024-05-01,-49740.27,-50842.14,-50842.14,-50174.63333333333,-50824.47086630498,-50882.27798213639,-51190.81083740234
6300fb97-2c3b-53a6-b5d6-8aa25b978805,2024-06-01,-48504.95,-49740.27,-49740.27,-50297.39000000001,-49846.89167370245,-49888.642532120626,-49729.25693180084
6300fb97-2c3b-53a6-b5d6-8aa25b978805,2024-07-01,-47751.38,-48504.95,-48504.95,-49695.78666666666,-48756.97704893361,-48781.44807236538,-49278.20891113281
6300fb97-2c3b-53a6-b5d6-8aa25b978805,2024-08-01,-52806.01,-47751.38,-47751.38,-48665.533333333326,-47900.00680681483,-47936.75106565181,-49310.56957519531
6300fb97-2c3b-53a6-b5d6-8aa25b978805,2024-09-01,-72312.3,-52806.01,-52806.01,-49687.44666666666,-52856.32341298625,-52902.80808590391,-54470.3937890625
6300fb97-2c3b-53a6-b5d6-8aa25b978805,2024-10-01,-70382.82,-72312.3,-72312.3,-57623.23,-71901.79632258737,-71995.21339139415,-73119.51325683594
6300fb97-2c3b-53a6-b5d6-8aa25b978805,2024-11-01,-73074.3,-70382.82,-70382.82,-65167.043333333335,-70133.33482890282,-70211.27612867628,-71504.81682617188
65a71ec3-3fba-5729-8cfa-129efdfc31a0,2022-01-01,-357.7,,-13252.345000000001,-13252.345000000001,-599.9161128181978,-584.6049202465573,-976.0215454101562
65a71ec3-3fba-5729-8cfa-129efdfc31a0,2022-02-01,-367.75,-357.7,-357.7,-357.7,-929.4545839222078,-919.297462117738,-1510.717822265625
65a71ec3-3fba-5729-8cfa-129efdfc31a0,2022-03-01,-3509.74,-367.75,-367.75,-362.725,-1000.2962831266524,-983.2516478058379,-1411.8929443359375
65a71ec3-3fba-5729-8cfa-129efdfc31a0,2022-04-01,-6027.31,-3509.74,-3509.74,-1411.7299999999998,-4076.293974450356,-4067.949595341935,-5268.34498046875
65a71ec3-3fba-5729-8cfa-129efdfc31a0,2022-05-01,-8833.79,-6027.31,-6027.31,-3301.6,-6563.162414278226,-6558.2355172959315,-7856.361513671875
65a71ec3-3fba-5729-8cfa-129efdfc31a0,2022-06-01,-12694.15,-8833.79,-8833.79,-6123.613333333335,-9370.336234099103,-9363.984501407696,-10855.268881835938
65a71ec3-3fba-5729-8cfa-129efdfc31a0,2022-07-01,-14481.75,-12694.15,-12694.15,-9185.083333333334,-12897.270752855527,-12931.389050255311,-14050.5884765625
65a71ec3-3fba-5729-8cfa-129efdfc31a0,2022-08-01,-15251.78,-14481.75,-14481.75,-12003.230000000001,-14706.487986158096,-14736.744812452838,-15384.29150390625
65a71ec3-3fba-5729-8cfa-129efdfc31a0,2022-09-01,-14719.67,-15251.78,-15251.78,-14142.56,-15515.78311311997,-15540.450245951064,-16001.57443359375
65a71ec3-3fba-5729-8cfa-129efdfc31a0,2022-10-01,-14775.89,-14719.67,-14719.67,-14817.733333333332,-15105.97588312299,-15116.078925534679,-14844.758317871094
65a71ec3-3fba-5729-8cfa-129efdfc31a0,2022-11-01,-15015.37,-14775.89,-14775.89,-14915.779999999999,-15252.73504885469,-15252.473420974738,-14879.46234954834
65a71ec3-3fba-5729-8cfa-129efdfc31a0,2022-12-01,-14973.36,-15015.37,-15015.37,-14836.976666666667,-15535.86042707692,-15530.239205010375,-15162.777058715821
65a71ec3-3fba-5729-8cfa-129efdfc31a0,2023-01-01,-13842.98,-14973.36,-14973.36,-14921.54,-15516.84422398629,-15508.540310122416,-14923.893515930176
65a71ec3-3fba-5729-8cfa-129efdfc31a0,2023-02-01,-13161.65,-13842.98,-13842.98,-14610.57,-14483.186325806975,-14463.96678071395,-13983.431690673828
65a71ec3-3fba-5729-8cfa-129efdfc31a0,2023-03-01,-13308.12,-13161.65,-13161.65,-13992.663333333332,-13882.058411951419,-13852.858730939,-13704.713537597656
65a71ec3-3fba-5729-8cfa-129efdfc31a0,2023-04-01,-13638.37,-13308.12,-13308.12,-13437.583333333334,-13977.667486646933,-13954.338314378423,-13912.939580078126
65a71ec3-3fba-5729-8cfa-129efdfc31a0,2023-05-01,-14266.58,-13638.37,-13638.37,-13369.38,-14277.491160514759,-14258.691042792163,-14070.678471679688
65a71ec3-3fba-5729-8cfa-129efdfc31a0,2023-06-01,-17147.73,-14266.58,-14266.58,-13737.69,-14860.133063989042,-14846.588215197726,-14744.036634521484
65a71ec3-3fba-5729-8cfa-129efdfc31a0,2023-07-01,-16634.51,-17147.73,-17147.73,-15017.56,-17585.282349836492,-17590.84981953146,-16727.714405517578
65a71ec3-3fba-5729-8cfa-129efdfc31a0,2023-08-01,-16277.2,-16634.51,-16634.51,-16016.273333333333,-17119.77414039621,-17118.719654843913,-16662.319368133543
65a71ec3-3fba-5729-8cfa-129efdfc31a0,2023-09-01,-15862.28,-16277.2,-16277.2,-16686.48,-16794.31932255586,-16788.658240090313,-16019.526080322266
65a71ec3-3fba-5729-8cfa-129efdfc31a0,2023-10-01,-16541.22,-15862.28,-15862.28,-16257.996666666668,-16397.282228171327,-16390.352835383146,-15854.256356506348
65a71ec3-3fba-5729-8cfa-129efdfc31a0,2023-11-01,-15591.79,-16541.22,-16541.22,-16226.9,-17031.628469132087,-17031.099660442873,-15923.82711669922
65a71ec3-3fba-5729-8cfa-129efdfc31a0,2023-12-01,-14389.13,-15591.79,-15591.79,-15998.43,-16144.808870236851,-16136.933972292734,-15388.231024780274
65a71ec3-3fba-5729-8cfa-129efdfc31a0,2024-01-01,-13491.96,-14389.13,-14389.13,-15507.38,-15038.385022494376,-15018.855921329734,-14677.671381835937
65a71ec3-3fba-5729-8cfa-129efdfc31a0,2024-02-01,-13324.65,-13491.96,-13491.96,-14490.96,-14211.114732810147,-14183.32009062794,-14107.645119628905
65a71ec3-3fba-5729-8cfa-129efdfc31a0,2024-03-01,-14120.82,-13324.65,-13324.65,-13735.246666666666,-14004.52126953877,-13981.24853890361,-14105.042272949218
65a71ec3-3fba-5729-8cfa-129efdfc31a0,2024-04-01,-14219.26,-14120.82,-14120.82,-13645.81,-14723.594343509501,-14709.82442850387,-14737.000053710937
65a71ec3-3fba-5729-8cfa-129efdfc31a0,2024-05-01,-14310.69,-14219.26,-14219.26,-13888.243333333334,-14852.193180785604,-14834.08306975857,-14670.128927001953
65a71ec3-3fba-5729-8cfa-129efdfc31a0,2024-06-01,-14310.69,-14310.69,-14310.69,-14216.923333333334,-14883.145852592288,-14872.769403292274,-14443.095899047852
65a71ec3-3fba-5729-8cfa-129efdfc31a0,2024-07-01,-8865.36,-14310.69,-14310.69,-14280.213333333333,-14795.947476427722,-14796.015453228494,-14234.79546875
65a71ec3-3fba-5729-8cfa-129efdfc31a0,2024-08-01,-7971.34,-8865.36,-8865.36,-12495.580000000002,-9559.810694559716,-9538.358963231181,-8772.646529541016
65a71ec3-3fba-5729-8cfa-129efdfc31a0,2024-09-01,-1895.51,-7971.34,-7971.34,-10382.463333333333,-8713.500953662857,-8685.701416940316,-8581.587192382813
65a71ec3-3fba-5729-8cfa-129efdfc31a0,2024-10-01,-3043.99,-1895.51,-1895.51,-6244.07,-2908.7311003592054,-2852.258606896175,-3332.7425439453127
65a71ec3-3fba-5729-8cfa-129efdfc31a0,2024-11-01,-7267.23,-3043.99,-3043.99,-4303.613333333334,-3819.7735296727424,-3791.7132319582206,-4770.132944335937
672313b7-314e-55b6-b1a1-cd4f258a810f,2022-01-01,-1527.19,,-13252.345000000001,-13252.345000000001,-599.9161128181978,-584.6049202465573,-976.0215454101562
672313b7-314e-55b6-b1a1-cd4f258a810f,2022-02-01,343.02,-1527.19,-1527.19,-1527.19,-2145.2456395305703,-2131.084755893317,-1574.2969946289063
672313b7-314e-55b6-b1a1-cd4f258a810f,2022-03-01,650.69,343.02,343.02,-592.085,-313.4390098808951,-294.5380202330151,-16.239094238281268
672313b7-314e-55b6-b1a1-cd4f258a810f,2022-04-01,942.97,650.69,650.69,-177.82666666666668,-122.50963521512529,-89.2349829120526,290.0739416503907
672313b7-314e-55b6-b1a1-cd4f258a810f,2022-05-01,59.69,942.97,942.97,645.5600000000001,223.98202518214327,249.27520801834635,377.9073779296875
672313b7-314e-55b6-b1a1-cd4f258a810f,2022-06-01,674.22,59.69,59.69,551.1166666666667,-683.1056335854914,-654.5420137181993,240.50451416015625
672313b7-314e-55b6-b1a1-cd4f258a810f,2022-07-01,-1001.3,674.22,674.22,558.96,90.80407788146726,92.76379759615384,399.3348681640625
672313b7-314e-55b6-b1a1-cd4f258a810f,2022-08-01,-2103.09,-1001.3,-1001.3,-89.12999999999998,-1322.2534058967597,-1351.632112162974,-1456.908184814453
672313b7-314e-55b6-b1a1-cd4f258a810f,2022-09-01,-1790.61,-2103.09,-2103.09,-810.0566666666667,-2129.272888378377,-2199.32089307868,-1985.4262121582033
672313b7-314e-55b6-b1a1-cd4f258a810f,2022-10-01,-642.95,-1790.61,-1790.61,-1631.6666666666667,-2346.3709772564243,-2344.7245991101845,-1404.222579345703
672313b7-314e-55b6-b1a1-cd4f258a810f,2022-11-01,-234.89,-642.95,-642.95,-1512.2166666666665,-1252.8851265857425,-1244.394769843343,-740.5523712158204
672313b7-314e-55b6-b1a1-cd4f258a810f,2022-12-01,3686.83,-234.89,-234.89,-889.4833333333332,-686.8862400814148,-699.239475387395,-337.68193878173827
672313b7-314e-55b6-b1a1-cd4f258a810f,2023-01-01,-395.81,3686.83,3686.83,936.3299999999999,3233.6374438302005,3216.6969605622007,2393.8640576171874
672313b7-314e-55b6-b1a1-cd4f258a810f,2023-02-01,1148.24,-395.81,-395.81,1018.71,-837.6516884065627,-858.364673465199,-300.71177154541016
672313b7-314e-55b6-b1a1-cd4f258a810f,2023-03-01,1076.6,1148.24,1148.24,1479.7533333333333,638.6391918159404,625.8156103960645,568.6937353515625
672313b7-314e-55b6-b1a1-cd4f258a810f,2023-04-01,-2005.55,1076.6,1076.6,609.6766666666667,497.55420775043103,497.6825476804456,396.8150878906249
672313b7-314e-55b6-b1a1-cd4f258a810f,2023-05-01,1128.72,-2005.55,-2005.55,73.09666666666665,-2379.1630644068855,-2405.5900334158464,-1135.8226440429687
672313b7-314e-55b6-b1a1-cd4f258a810f,2023-06-01,-2261.51,1128.72,1128.72,66.58999999999999,613.7260415803923,604.5676332646204,1107.6478087615967
672313b7-314e-55b6-b1a1-cd4f258a810f,2023-07-01,-1974.0,-2261.51,-2261.51,-1046.1133333333335,-2323.9408667453763,-2394.0505758900067,-2025.2920892333987
672313b7-314e-55b6-b1a1-cd4f258a810f,2023-08-01,-1901.73,-1974.0,-1974.0,-1035.5966666666666,-2225.2520947279904,-2267.174217638112,-2321.8272399902344
672313b7-314e-55b6-b1a1-cd4f258a810f,2023-09-01,-1850.94,-1901.73,-1901.73,-2045.7466666666667,-2368.9299870231607,-2381.7106553663475,-1735.270771484375
672313b7-314e-55b6-b1a1-cd4f258a810f,2023-10-01,-141.17,-1850.94,-1850.94,-1908.89,-2372.2558535154603,-2376.266855184466,-1741.9008688354493
672313b7-314e-55b6-b1a1-cd4f258a810f,2023-11-01,85.39,-141.17,-141.17,-1297.9466666666667,-784.0960325786376,-772.7097649905597,-420.1551379394531
672313b7-314e-55b6-b1a1-cd4f258a810f,2023-12-01,4126.14,85.39,85.39,-635.5733333333334,-715.6676205016308,-683.7407106518343,-228.82780395507814
672313b7-314e-55b6-b1a1-cd4f258a810f,2024-01-01,2709.99,4126.14,4126.14,1356.7866666666669,3590.5224908917608,3582.2088474927136,2866.7872167968753
672313b7-314e-55b6-b1a1-cd4f258a810f,2024-02-01,-126.23,2709.99,2709.99,2307.1733333333336,1883.5466427422211,1913.04555032592,1883.169504394531
672313b7-314e-55b6-b1a1-cd4f258a810f,2024-03-01,693.21,-126.23,-126.23,2236.633333333333,-919.9775809022868,-894.4539417425672,55.60389282226562
672313b7-314e-55b6-b1a1-cd4f258a810f,2024-04-01,882.22,693.21,693.21,1092.3233333333333,-62.21783342445042,-40.902865558640656,312.19474121093754
672313b7-314e-55b6-b1a1-cd4f258a810f,2024-05-01,691.29,882.22,882.22,483.06666666666666,180.00576415484727,196.21683522318006,751.8246600341797
672313b7-314e-55b6-b1a1-cd4f258a810f,2024-06-01,1889.71,691.29,691.29,755.5733333333334,-20.888041667629068,-2.984720370431205,481.9717932128906
672313b7-314e-55b6-b1a1-cd4f258a810f,2024-07-01,-840.67,1889.71,1889.71,1154.4066666666668,1152.4125922906142,1173.8028118799316,1857.2316102600098
672313b7-314e-55b6-b1a1-cd4f258a810f,2024-08-01,-3476.69,-840.67,-840.67,580.11,-1370.9617283892658,-1373.501827398969,-957.336633605957
672313b7-314e-55b6-b1a1-cd4f258a810f,2024-09-01,-3293.72,-3476.69,-3476.69,-809.2166666666666,-4017.1043715093433,-4013.562226182752,-3664.970960083008
672313b7-314e-55b6-b1a1-cd4f258a810f,2024-10-01,-4037.78,-3293.72,-3293.72,-2537.0266666666666,-3666.561864452746,-3685.973564646539,-3668.796263427734
672313b7-314e-55b6-b1a1-cd4f258a810f,2024-11-01,849.25,-4037.78,-4037.78,-3602.73,-4389.168835727431,-4409.974773614485,-4497.696137695313
673272e5-8a4a-5328-9926-e83054d01dcd,2022-01-01,-3127.65,,-13252.345000000001,-13252.345000000001,-599.9161128181978,-584.6049202465573,-976.0215454101562
673272e5-8a4a-5328-9926-e83054d01dcd,2022-02-01,-10920.19,-3127.65,-3127.65,-3127.65,-3654.348995680824,-3649.9296323482863,-6259.310400390625
673272e5-8a4a-5328-9926-e83054d01dcd,2022-03-01,-12351.7,-10920.19,-10920.19,-7023.92,-11403.658957820538,-11402.510081897148,-13636.065244140626
673272e5-8a4a-5328-9926-e83054d01dcd,2022-04-01,-15405.8,-12351.7,-12351.7,-8799.846666666666,-12864.255178259777,-12860.87077690809,-14845.3591796875
673272e5-8a4a-5328-9926-e83054d01dcd,2022-05-01,-16578.81,-15405.8,-15405.8,-12892.563333333334,-15832.878679210402,-15837.088842031671,-16742.67158203125
673272e5-8a4a-5328-9926-e83054d01dcd,2022-06-01,-16716.74,-16578.81,-16578.81,-14778.769999999999,-17090.868559176164,-17086.248020647225,-17349.963259277345
673272e5-8a4a-5328-9926-e83054d01dcd,2022-07-01,-18870.36,-16716.74,-16716.74,-16233.783333333335,-17052.6815179356,-17068.001072257863,-17181.611673583986
673272e5-8a4a-5328-9926-e83054d01dcd,2022-08-01,-18275.07,-18870.36,-18870.36,-17388.63666666667,-19221.41744714967,-19234.15062083217,-19932.06361328125
673272e5-8a4a-5328-9926-e83054d01dcd,2022-09-01,-21494.88,-18275.07,-18275.07,-17954.056666666667,-18703.821863212648,-18708.532944129245,-18473.064369506836
673272e5-8a4a-5328-9926-e83054d01dcd,2022-10-01,-18543.16,-21494.88,-21494.88,-19546.77,-21793.80459978034,-21814.940419080078,-19703.88439453125
673272e5-8a4a-5328-9926-e83054d01dcd,2022-11-01,-17599.8,-18543.16,-18543.16,-19437.703333333335,-19079.95799802334,-19073.116200567947,-17837.955837402344
673272e5-8a4a-5328-9926-e83054d01dcd,2022-12-01,-12894.69,-17599.8,-17599.8,-19212.61333333333,-18072.38797842989,-18074.45021551231,-17247.680859375
673272e5-8a4a-5328-9926-e83054d01dcd,2023-01-01,-14884.81,-12894.69,-12894.69,-16345.883333333331,-13604.909870148565,-13579.03690284255,-14328.806821289063
673272e5-8a4a-5328-9926-e83054d01dcd,2023-02-01,-18209.8,-14884.81,-14884.81,-15126.433333333334,-15438.916715395304,-15432.879997242264,-16263.881899414062
673272e5-8a4a-5328-9926-e83054d01dcd,2023-03-01,-17890.91,-18209.8,-18209.8,-15329.766666666668,-18737.685206640024,-18733.968437015617,-17108.55048828125
673272e5-8a4a-5328-9926-e83054d01dcd,2023-04-01,-17586.14,-17890.91,-17890.91,-16995.173333333332,-18456.851237182273,-18447.02170020326,-18232.198696289062
673272e5-8a4a-5328-9926-e83054d01dcd,2023-05-01,-17949.5,-17586.14,-17586.14,-17895.61666666667,-18061.620190835525,-18061.866825047397,-17947.286209716796
673272e5-8a4a-5328-9926-e83054d01dcd,2023-06-01,-19036.43,-17949.5,-17949.5,-17808.850000000002,-18460.490714483898,-18456.483511426777,-18287.358154296875
673272e5-8a4a-5328-9926-e83054d01dcd,2023-07-01,-18613.4,-19036.43,-19036.43,-18190.69,-19454.68996379267,-19461.77240026249,-18695.607825927735
673272e5-8a4a-5328-9926-e83054d01dcd,2023-08-01,-18210.05,-18613.4,-18613.4,-18533.11,-19072.768554195056,-19074.524174999144,-18686.32387390137
673272e5-8a4a-5328-9926-e83054d01dcd,2023-09-01,-21577.05,-18210.05,-18210.05,-18619.96,-18772.079641393535,-18761.43839753667,-18375.754208374023
673272e5-8a4a-5328-9926-e83054d01dcd,2023-10-01,-18377.77,-21577.05,-21577.05,-19466.833333333332,-21976.7189379044,-21986.138233793186,-19368.262646484374
673272e5-8a4a-5328-9926-e83054d01dcd,2023-11-01,-17537.35,-18377.77,-18377.77,-19388.289999999997,-18957.302599816765,-18945.510820272964,-17642.929606933594
673272e5-8a4a-5328-9926-e83054d01dcd,2023-12-01,-14480.69,-17537.35,-17537.35,-19164.056666666667,-17906.451195635793,-17923.291033284742,-17087.221978759764
673272e5-8a4a-5328-9926-e83054d01dcd,2024-01-01,-15972.21,-14480.69,-14480.69,-16798.603333333333,-15163.659468007438,-15140.385681361397,-15526.403256835938
673272e5-8a4a-5328-9926-e83054d01dcd,2024-02-01,-19003.07,-15972.21,-15972.21,-15996.75,-16565.941843144326,-16552.512168280035,-17194.07474609375
673272e5-8a4a-5328-9926-e83054d01dcd,2024-03-01,-18473.67,-19003.07,-19003.07,-16485.323333333334,-19308.70528102481,-19333.30234965105,-17840.001274414062
673272e5-8a4a-5328-9926-e83054d01dcd,2024-04-01,-17755.91,-18473.67,-18473.67,-17816.316666666666,-19010.930956219796,-19003.603351916237,-18554.72024719238
673272e5-8a4a-5328-9926-e83054d01dcd,2024-05-01,-17869.18,-17755.91,-17755.91,-18410.883333333335,-18149.139042949955,-18160.74509082149,-17866.9040032959
673272e5-8a4a-5328-9926-e83054d01dcd,2024-06-01,-18969.58,-17869.18,-17869.18,-18032.92,-18355.00153584432,-18353.802134996913,-18127.979743652344
673272e5-8a4a-5328-9926-e83054d01dcd,2024-07-01,-20575.16,-18969.58,-18969.58,-18198.22333333333,-19389.239439233308,-19396.11465186238,-18956.84353645325
673272e5-8a4a-5328-9926-e83054d01dcd,2024-08-01,-16942.88,-20575.16,-20575.16,-19137.973333333335,-21021.468221269224,-21023.458911813952,-20446.462185058594
673272e5-8a4a-5328-9926-e83054d01dcd,2024-09-01,-13190.26,-16942.88,-16942.88,-18829.20666666667,-17408.12910685034,-17411.926298996037,-17605.75976074219
673272e5-8a4a-5328-9926-e83054d01dcd,2024-10-01,-9595.04,-13190.26,-13190.26,-16902.766666666666,-13798.361300901397,-13786.389669145752,-14295.976430664063
673272e5-8a4a-5328-9926-e83054d01dcd,2024-11-01,-10038.05,-9595.04,-9595.04,-13242.72666666667,-10304.514146620286,-10281.71838094208,-11554.544028320313
6846a504-190f-5962-9e1e-160dfa7b53fb,2022-01-01,6345.31,,-13252.345000000001,-13252.345000000001,-599.9161128181978,-584.6049202465573,-976.0215454101562
6846a504-190f-5962-9e1e-160dfa7b53fb,2022-02-01,2284.41,6345.31,6345.31,6345.31,5740.332797339263,5752.711059934885,4838.269594726563
6846a504-190f-5962-9e1e-160dfa7b53fb,2022-03-01,2211.31,2284.41,2284.41,4314.860000000001,1698.5093354567316,1708.3805252754805,2090.190303955078
6846a504-190f-5962-9e1e-160dfa7b53fb,2022-04-01,2694.25,2211.31,2211.31,3613.6766666666663,1372.881616700426,1411.2708637499563,2001.0003228759765
6846a504-190f-5962-9e1e-160dfa7b53fb,2022-05-01,3508.14,2694.25,2694.25,2396.6566666666663,1863.6607545758552,1902.3206862105449,2756.2623596191406
6846a504-190f-5962-9e1e-160dfa7b53fb,2022-06-01,3557.08,3508.14,3508.14,2804.566666666666,2640.103869443864,2684.9623534779257,3176.565842285156
6846a504-190f-5962-9e1e-160dfa7b53fb,2022-07-01,2527.05,3557.08,3557.08,3253.1566666666663,2175.1119524960754,2272.241100485895,3483.84944732666
6846a504-190f-5962-9e1e-160dfa7b53fb,2022-08-01,3468.49,2527.05,2527.05,3197.4233333333336,1241.6380184165723,1328.167404138881,2925.126904296875
6846a504-190f-5962-9e1e-160dfa7b53fb,2022-09-01,2222.48,3468.49,3468.49,3184.2066666666665,2203.069222824751,2288.27602847996,3382.493837585449
6846a504-190f-5962-9e1e-160dfa7b53fb,2022-10-01,3057.99,2222.48,2222.48,2739.34,926.4790941974134,1015.6434179624182,2910.0252270507813
6846a504-190f-5962-9e1e-160dfa7b53fb,2022-11-01,2385.03,3057.99,3057.99,2916.3199999999997,1954.701286942113,2020.1742933648475,2925.219568481445
6846a504-190f-5962-9e1e-160dfa7b53fb,2022-12-01,6421.02,2385.03,2385.03,2555.1666666666665,1202.0018841991732,1278.7249894110378,2987.33322265625
6846a504-190f-5962-9e1e-160dfa7b53fb,2023-01-01,3398.68,6421.02,6421.02,3954.6800000000003,5233.652229818785,5308.091941650871,4861.942485351563
6846a504-190f-5962-9e1e-160dfa7b53fb,2023-02-01,3021.54,3398.68,3398.68,4068.243333333334,2309.1091857599713,2372.6124873482095,3466.4913174438475
6846a504-190f-5962-9e1e-160dfa7b53fb,2023-03-01,4653.71,3021.54,3021.54,4280.413333333333,1839.0292647343551,1914.4482467346081,3441.517600097656
6846a504-190f-5962-9e1e-160dfa7b53fb,2023-04-01,6171.46,4653.71,4653.71,3691.31,3730.080654473136,3774.353392363973,4578.219552001953
6846a504-190f-5962-9e1e-160dfa7b53fb,2023-05-01,4307.13,6171.46,6171.46,4615.57,5110.869083457086,5172.303799115509,4887.1693505859375
6846a504-190f-5962-9e1e-160dfa7b53fb,2023-06-01,3676.33,4307.13,4307.13,5044.099999999999,3242.8490667982574,3304.844244797875,4224.436777954102
6846a504-190f-5962-9e1e-160dfa7b53fb,2023-07-01,6308.91,3676.33,3676.33,4718.306666666666,2656.3197025613163,2713.8407392889726,4052.6170483398437
6846a504-190f-5962-9e1e-160dfa7b53fb,2023-08-01,4173.26,6308.91,6308.91,4764.123333333333,5209.617574292806,5276.44931607619,5665.053005371094
6846a504-190f-5962-9e1e-160dfa7b53fb,2023-09-01,4484.17,4173.26,4173.26,4719.5,3174.238536498412,3229.914975079767,4674.3789575195315
6846a504-190f-5962-9e1e-160dfa7b53fb,2023-10-01,1826.64,4484.17,4484.17,4988.78,3367.3488012351922,3436.347806272426,4390.564172668457
6846a504-190f-5962-9e1e-160dfa7b53fb,2023-11-01,3232.57,1826.64,1826.64,3494.69,937.3375998449187,979.9454623189173,1938.1074758911134
6846a504-190f-5962-9e1e-160dfa7b53fb,2023-12-01,3666.53,3232.57,3232.57,3181.126666666667,2376.5858626656195,2416.023733197715,3093.528709716797
6846a504-190f-5962-9e1e-160dfa7b53fb,2024-01-01,1722.09,3666.53,3666.53,2908.58,2857.0865815604475,2890.5599925887473,3422.0823071289065
6846a504-190f-5962-9e1e-160dfa7b53fb,2024-02-01,1611.61,1722.09,1722.09,2873.73,879.4073297359695,917.1983148427221,1704.490089263916
6846a504-190f-5962-9e1e-160dfa7b53fb,2024-03-01,1616.75,1611.61,1611.61,2333.41,830.2267087581972,860.6917000416427,1411.1535180664061
6846a504-190f-5962-9e1e-160dfa7b53fb,2024-04-01,1602.7,1616.75,1616.75,1650.1499999999999,787.1149794011498,824.7084601719678,1671.9977722167969
6846a504-190f-5962-9e1e-160dfa7b53fb,2024-05-01,1420.26,1602.7,1602.7,1610.3533333333332,733.0141477142001,774.619917072301,1652.892367553711
6846a504-190f-5962-9e1e-160dfa7b53fb,2024-06-01,1567.0,1420.26,1420.26,1546.57,471.40849379293263,521.7301317280696,1602.6469018554687
6846a504-190f-5962-9e1e-160dfa7b53fb,2024-07-01,11270.66,1567.0,1567.0,1529.9866666666667,527.286298689964,588.075120516429,1920.9621887207031
6846a504-190f-5962-9e1e-160dfa7b53fb,2024-08-01,15451.48,11270.66,11270.66,4752.64,10013.465066595843,10091.568310894396,12127.827236328125
6846a504-190f-5962-9e1e-160dfa7b53fb,2024-09-01,11181.04,15451.48,15451.48,9429.713333333333,13932.902874261552,14040.007832798505,13869.517963867187
6846a504-190f-5962-9e1e-160dfa7b53fb,2024-10-01,13967.75,11181.04,11181.04,12634.393333333333,10043.974998757702,10109.53868085921,11508.442465820313
6846a504-190f-5962-9e1e-160dfa7b53fb,2024-11-01,10972.58,13967.75,13967.75,13533.423333333334,12764.461467839017,12838.287968492907,12455.268676757812
689c3322-ad2f-5fb9-8bbc-66d33e11824d,2022-01-01,-559.39,,-13252.345000000001,-13252.345000000001,-599.9161128181978,-584.6049202465573,-976.0215454101562
689c3322-ad2f-5fb9-8bbc-66d33e11824d,2022-02-01,-636.68,-559.39,-559.39,-559.39,-1139.4421226614963,-1129.5089095125338,-2605.7175146484374
689c3322-ad2f-5fb9-8bbc-66d33e11824d,2022-03-01,-977.9,-636.68,-636.68,-598.035,-1289.4091769684069,-1270.1129601371108,-1833.7588574218748
689c3322-ad2f-5fb9-8bbc-66d33e11824d,2022-04-01,-2372.91,-977.9,-977.9,-724.6566666666666,-1636.817469071592,-1618.1156131549574,-1865.5541137695313
689c3322-ad2f-5fb9-8bbc-66d33e11824d,2022-05-01,-2588.11,-2372.91,-2372.91,-1329.1633333333332,-3003.3262823136447,-2987.268605944797,-3322.2176171875
689c3322-ad2f-5fb9-8bbc-66d33e11824d,2022-06-01,-3663.35,-2588.11,-2588.11,-1979.64,-3249.802949830647,-3230.4079631603736,-3079.7335656738283
689c3322-ad2f-5fb9-8bbc-66d33e11824d,2022-07-01,-9138.59,-3663.35,-3663.35,-2874.7899999999995,-4138.22958926465,-4141.842983416401,-4358.762963867188
689c3322-ad2f-5fb9-8bbc-66d33e11824d,2022-08-01,-10167.4,-9138.59,-9138.59,-5130.016666666667,-9448.569597354424,-9471.937957411195,-10095.85123046875
689c3322-ad2f-5fb9-8bbc-66d33e11824d,2022-09-01,-10983.54,-10167.4,-10167.4,-7656.446666666666,-10495.278839839031,-10515.262199610412,-11258.430883789062
689c3322-ad2f-5fb9-8bbc-66d33e11824d,2022-10-01,-11026.58,-10983.54,-10983.54,-10096.51,-11295.564097002974,-11317.136669744516,-12054.655600585938
689c3322-ad2f-5fb9-8bbc-66d33e11824d,2022-11-01,-11883.76,-11026.58,-11026.58,-10725.840000000002,-11448.800291974394,-11456.4852551327,-11366.349256591797
689c3322-ad2f-5fb9-8bbc-66d33e11824d,2022-12-01,-11809.87,-11883.76,-11883.76,-11297.960000000001,-12268.982343986934,-12281.093462829693,-12398.570180664063
689c3322-ad2f-5fb9-8bbc-66d33e11824d,2023-01-01,-12210.22,-11809.87,-11809.87,-11573.403333333334,-12291.275430914955,-12292.022431296637,-12269.874302978516
689c3322-ad2f-5fb9-8bbc-66d33e11824d,2023-02-01,-12513.45,-12210.22,-12210.22,-11967.949999999999,-12771.752929165024,-12762.017001867207,-12828.332915039062
689c3322-ad2f-5fb9-8bbc-66d33e11824d,2023-03-01,-13027.5,-12513.45,-12513.45,-12177.846666666666,-13107.534244275621,-13093.618386512404,-13139.941943359376
689c3322-ad2f-5fb9-8bbc-66d33e11824d,2023-04-01,-14088.0,-13027.5,-13027.5,-12583.723333333333,-13590.680428750251,-13580.327766126265,-13560.665344238281
689c3322-ad2f-5fb9-8bbc-66d33e11824d,2023-05-01,-14192.66,-14088.0,-14088.0,-13209.65,-14614.86889159259,-14608.60362989823,-14891.420288085938
689c3322-ad2f-5fb9-8bbc-66d33e11824d,2023-06-01,-15121.78,-14192.66,-14192.66,-13769.386666666667,-14746.489434266601,-14737.536949581063,-14990.974575195312
689c3322-ad2f-5fb9-8bbc-66d33e11824d,2023-07-01,-18006.28,-15121.78,-15121.78,-14467.480000000001,-15622.80483127273,-15619.73126648533,-16191.351044921876
689c3322-ad2f-5fb9-8bbc-66d33e11824d,2023-08-01,-19612.44,-18006.28,-18006.28,-15773.573333333334,-18402.024671905365,-18410.884705404493,-18925.909821777343
689c3322-ad2f-5fb9-8bbc-66d33e11824d,2023-09-01,-19372.31,-19612.44,-19612.44,-17580.166666666668,-20005.561577037643,-20014.794547436024,-20580.826169433592
689c3322-ad2f-5fb9-8bbc-66d33e11824d,2023-10-01,-19576.0,-19372.31,-19372.31,-18997.01,-19808.24901771414,-19811.76212694768,-19804.733004150392
689c3322-ad2f-5fb9-8bbc-66d33e11824d,2023-11-01,-19624.45,-19576.0,-19576.0,-19520.25,-20011.549968194733,-20015.206945158825,-19720.601837158203
689c3322-ad2f-5fb9-8bbc-66d33e11824d,2023-12-01,-18822.8,-19624.45,-19624.45,-19524.25333333333,-20073.40160635434,-20076.083415290468,-20008.046160888673
689c3322-ad2f-5fb9-8bbc-66d33e11824d,2024-01-01,-19261.06,-18822.8,-18822.8,-19341.083333333332,-19307.90866774641,-19306.20580296223,-18929.175762939452
689c3322-ad2f-5fb9-8bbc-66d33e11824d,2024-02-01,-18566.97,-19261.06,-19261.06,-19236.103333333333,-19728.048929587145,-19729.896653653497,-19735.342318115236
689c3322-ad2f-5fb9-8bbc-66d33e11824d,2024-03-01,-18628.69,-18566.97,-18566.97,-18883.61,-19137.237292152196,-19126.415527351477,-18809.727263183595
689c3322-ad2f-5fb9-8bbc-66d33e11824d,2024-04-01,-18936.63,-18628.69,-18628.69,-18818.906666666666,-19191.86497481443,-19182.137748954538,-18799.359815063475
689c3322-ad2f-5fb9-8bbc-66d33e11824d,2024-05-01,-18399.03,-18936.63,-18936.63,-18710.763333333332,-19476.161830478508,-19469.034322145657,-19419.72783935547
689c3322-ad2f-5fb9-8bbc-66d33e11824d,2024-06-01,-19723.71,-18399.03,-18399.03,-18654.783333333336,-19000.467475569174,-18985.70333503818,-18579.137955932616
689c3322-ad2f-5fb9-8bbc-66d33e11824d,2024-07-01,76852.96,-19723.71,-19723.71,-19019.789999999997,-20167.046762265087,-20172.00701389375,-19871.275872192382
689c3322-ad2f-5fb9-8bbc-66d33e11824d,2024-08-01,114785.87,76852.96,76852.96,12910.073333333336,75180.59392491869,75282.96497728319,79041.49955078126
689c3322-ad2f-5fb9-8bbc-66d33e11824d,2024-09-01,184856.89,114785.87,114785.87,57305.04000000001,111659.25980329409,111918.36518086918,117184.5076953125
689c3322-ad2f-5fb9-8bbc-66d33e11824d,2024-10-01,227876.96,184856.89,184856.89,125498.57333333335,180086.57589117173,180515.83594732214,188004.36192382814
689c3322-ad2f-5fb9-8bbc-66d33e11824d,2024-11-01,215460.42,227876.96,227876.96,175839.90666666665,222355.22236714783,222863.8006060674,228716.60904785155
69b2d8da-89c9-5825-833c-b1d2e95aa63e,2022-01-01,-3499.52,,-13252.345000000001,-13252.345000000001,-599.9161128181978,-584.6049202465573,-976.0215454101562
69b2d8da-89c9-5825-833c-b1d2e95aa63e,2022-02-01,-6701.33,-3499.52,-3499.52,-3499.52,-3986.086974101764,-3989.6297319049945,-6415.8061328125
69b2d8da-89c9-5825-833c-b1d2e95aa63e,2022-03-01,-10084.03,-6701.33,-6701.33,-5100.425,-7216.268131877728,-7215.615136565792,-10117.61662109375
69b2d8da-89c9-5825-833c-b1d2e95aa63e,2022-04-01,-12200.72,-10084.03,-10084.03,-6761.626666666667,-10566.055182653181,-10569.559807072565,-13280.57248046875
69b2d8da-89c9-5825-833c-b1d2e95aa63e,2022-05-01,-15865.11,-12200.72,-12200.72,-9662.026666666667,-12710.207795880584,-12708.511709382008,-14599.113798828124
69b2d8da-89c9-5825-833c-b1d2e95aa63e,2022-06-01,-19411.08,-15865.11,-15865.11,-12716.62,-16270.870492483657,-16282.197737154474,-18573.084609375
69b2d8da-89c9-5825-833c-b1d2e95aa63e,2022-07-01,-21507.59,-19411.08,-19411.08,-15825.636666666667,-19634.10450558633,-19664.221218518185,-21332.874067382814
69b2d8da-89c9-5825-833c-b1d2e95aa63e,2022-08-01,-24479.76,-21507.59,-21507.59,-18927.926666666666,-21715.95798696633,-21748.660684722225,-23794.161533203125
69b2d8da-89c9-5825-833c-b1d2e95aa63e,2022-09-01,-25400.52,-24479.76,-24479.76,-21799.476666666666,-24685.366475016297,-24717.878201314983,-26379.312612304686
69b2d8da-89c9-5825-833c-b1d2e95aa63e,2022-10-01,-26973.84,-25400.52,-25400.52,-23795.956666666665,-25669.461363658585,-25694.261552395554,-26941.143413085938
69b2d8da-89c9-5825-833c-b1d2e95aa63e,2022-11-01,-36207.52,-26973.84,-26973.84,-25618.039999999997,-27263.243113113684,-27284.316994363697,-28811.909946289063
69b2d8da-89c9-5825-833c-b1d2e95aa63e,2022-12-01,-40085.78,-36207.52,-36207.52,-29527.293333333335,-36283.17590752959,-36329.11898790221,-38615.686015625
69b2d8da-89c9-5825-833c-b1d2e95aa63e,2023-01-01,-40633.47,-40085.78,-40085.78,-34422.38,-40096.43982559913,-40150.17052505419,-41948.25961425781
69b2d8da-89c9-5825-833c-b1d2e95aa63e,2023-02-01,-42594.85,-40633.47,-40633.47,-38975.59,-40737.96305814918,-40778.6933461987,-42457.61147949219
69b2d8da-89c9-5825-833c-b1d2e95aa63e,2023-03-01,-47177.72,-42594.85,-42594.85,-41104.700000000004,-42645.71696646672,-42693.888222329435,-44860.12026367187
69b2d8da-89c9-5825-833c-b1d2e95aa63e,2023-04-01,-49731.54,-47177.72,-47177.72,-43468.68,-47132.6004393887,-47191.76335080903,-49339.493681640626
69b2d8da-89c9-5825-833c-b1d2e95aa63e,2023-05-01,-51810.79,-49731.54,-49731.54,-46501.37,-49694.47750535934,-49751.93965037157,-52234.71041015625
69b2d8da-89c9-5825-833c-b1d2e95aa63e,2023-06-01,-54646.47,-51810.79,-51810.79,-49573.35,-51819.76247611999,-51869.978314284526,-54150.907919921876
69b2d8da-89c9-5825-833c-b1d2e95aa63e,2023-07-01,-57999.9,-54646.47,-54646.47,-52062.93333333334,-54616.1126458987,-54670.754490978165,-56933.639921875
69b2d8da-89c9-5825-833c-b1d2e95aa63e,2023-08-01,-61267.22,-57999.9,-57999.9,-54819.05333333334,-57875.09675527622,-57941.56002353733,-60331.304296875
69b2d8da-89c9-5825-833c-b1d2e95aa63e,2023-09-01,-63567.16,-61267.22,-61267.22,-57971.19666666666,-61134.865677359,-61201.180466986916,-63286.56619140625
69b2d8da-89c9-5825-833c-b1d2e95aa63e,2023-10-01,-65880.18,-63567.16,-63567.16,-60944.76,-63435.82180552754,-63501.72057392461,-65671.05208984375
69b2d8da-89c9-5825-833c-b1d2e95aa63e,2023-11-01,-68003.57,-65880.18,-65880.18,-63571.52,-65729.14319675347,-65796.36266573056,-67908.81989257812
69b2d8da-89c9-5825-833c-b1d2e95aa63e,2023-12-01,-71978.68,-68003.57,-68003.57,-65816.97,-67859.82311546014,-67925.7087204981,-70018.10430175782
69b2d8da-89c9-5825-833c-b1d2e95aa63e,2024-01-01,-72836.89,-71978.68,-71978.68,-68620.81,-71706.42649514234,-71788.99950659892,-73766.08283203124
69b2d8da-89c9-5825-833c-b1d2e95aa63e,2024-02-01,-74436.96,-72836.89,-72836.89,-70939.71333333333,-72673.22608310093,-72740.73771207276,-74380.32786621094
69b2d8da-89c9-5825-833c-b1d2e95aa63e,2024-03-01,-76720.06,-74436.96,-74436.96,-73084.17666666667,-74228.93311528089,-74301.83464503163,-76273.69901367188
69b2d8da-89c9-5825-833c-b1d2e95aa63e,2024-04-01,-77473.8,-76720.06,-76720.06,-74664.63666666667,-76467.52626002813,-76546.09007091449,-78523.14569335937
69b2d8da-89c9-5825-833c-b1d2e95aa63e,2024-05-01,-78780.18,-77473.8,-77473.8,-76210.27333333333,-77281.53679719723,-77352.01153876098,-78938.01606445313
69b2d8da-89c9-5825-833c-b1d2e95aa63e,2024-06-01,-80002.03,-78780.18,-78780.18,-77658.01333333332,-78569.48665364024,-78641.31629228411,-80003.40705078124
69b2d8da-89c9-5825-833c-b1d2e95aa63e,2024-07-01,-82459.31,-80002.03,-80002.03,-78752.00333333334,-79784.01174048052,-79856.71667584991,-81662.77304199219
69b2d8da-89c9-5825-833c-b1d2e95aa63e,2024-08-01,-86312.79,-82459.31,-82459.31,-80413.84,-82178.37331299816,-82258.21708114792,-84201.59820800781
69b2d8da-89c9-5825-833c-b1d2e95aa63e,2024-09-01,-79854.23,-86312.79,-86312.79,-82924.70999999999,-85845.11204268804,-85949.19258683019,-88155.30171875
69b2d8da-89c9-5825-833c-b1d2e95aa63e,2024-10-01,-78802.24,-79854.23,-79854.23,-82875.44333333333,-79642.44689956472,-79718.14504364856,-81169.34340332031
69b2d8da-89c9-5825-833c-b1d2e95aa63e,2024-11-01,-73322.21,-78802.24,-78802.24,-81656.42,-78580.64027935998,-78658.26604899211,-80224.44349121094
69c6be59-810c-513f-89b0-ec2e7b43fbaf,2022-01-01,-1890.93,,-13252.345000000001,-13252.345000000001,-599.9161128181978,-584.6049202465573,-976.0215454101562
69c6be59-810c-513f-89b0-ec2e7b43fbaf,2022-02-01,-1735.36,-1890.93,-1890.93,-1890.93,-2509.419980257647,-2494.7905774016267,-2770.741462402344
69c6be59-810c-513f-89b0-ec2e7b43fbaf,2022-03-01,-1976.38,-1735.36,-1735.36,-1813.145,-2416.2738912123186,-2393.897101338288,-2420.365249023437
69c6be59-810c-513f-89b0-ec2e7b43fbaf,2022-04-01,-4244.27,-1976.38,-1976.38,-1867.5566666666666,-2656.2432703994355,-2635.8508987168793,-2394.3807629394532
69c6be59-810c-513f-89b0-ec2e7b43fbaf,2022-05-01,-4460.84,-4244.27,-4244.27,-2652.0033333333336,-4899.707867438994,-4881.90787736778,-4595.046519775391
69c6be59-810c-513f-89b0-ec2e7b43fbaf,2022-06-01,-3241.48,-4460.84,-4460.84,-3560.4966666666674,-5037.14274529097,-5028.977967849251,-4471.133798446655
69c6be59-810c-513f-89b0-ec2e7b43fbaf,2022-07-01,-1150.53,-3241.48,-3241.48,-3982.1966666666667,-3742.215501715009,-3744.32349990202,-3032.8790783691406
69c6be59-810c-513f-89b0-ec2e7b43fbaf,2022-08-01,-3370.27,-1150.53,-1150.53,-2950.9500000000003,-1708.3186837195328,-1704.2200427769017,-1436.2842419433593
69c6be59-810c-513f-89b0-ec2e7b43fbaf,2022-09-01,-3233.54,-3370.27,-3370.27,-2587.4266666666667,-3941.314907751595,-3934.8093452840553,-2814.490947265625
69c6be59-810c-513f-89b0-ec2e7b43fbaf,2022-10-01,-3334.07,-3233.54,-3233.54,-2584.7799999999997,-3742.0178339008785,-3743.5425406730155,-3210.07786277771
69c6be59-810c-513f-89b0-ec2e7b43fbaf,2022-11-01,-3919.66,-3334.07,-3334.07,-3312.626666666667,-3760.3691733615274,-3772.059818342608,-3196.530876464844
69c6be59-810c-513f-89b0-ec2e7b43fbaf,2022-12-01,-3100.59,-3919.66,-3919.66,-3495.7566666666667,-4451.465702698027,-4450.065660722206,-3532.047756347656
69c6be59-810c-513f-89b0-ec2e7b43fbaf,2023-01-01,-2421.44,-3100.59,-3100.59,-3451.44,-3668.003010696172,-3662.5335036189317,-2983.316921081543
69c6be59-810c-513f-89b0-ec2e7b43fbaf,2023-02-01,-1923.43,-2421.44,-2421.44,-3147.23,-3186.9658486014005,-3156.2564525006865,-2435.7748169326783
69c6be59-810c-513f-89b0-ec2e7b43fbaf,2023-03-01,-1977.16,-1923.43,-1923.43,-2481.82,-2694.3268959498037,-2664.226285595028,-2105.5680462646487
69c6be59-810c-513f-89b0-ec2e7b43fbaf,2023-04-01,-1648.49,-1977.16,-1977.16,-2107.3433333333337,-2730.644537551359,-2703.6520335313653,-2017.672134552002
69c6be59-810c-513f-89b0-ec2e7b43fbaf,2023-05-01,-904.55,-1648.49,-1648.49,-1849.6933333333334,-2733.3511036975324,-2666.9239893430527,-1795.8219396972656
69c6be59-810c-513f-89b0-ec2e7b43fbaf,2023-06-01,-660.33,-904.55,-904.55,-1510.0666666666666,-1664.2720509437488,-1636.840848816102,-1071.3159149169921
69c6be59-810c-513f-89b0-ec2e7b43fbaf,2023-07-01,-835.43,-660.33,-660.33,-1071.1233333333332,-1450.8523076622869,-1420.289553423565,-692.3242893981934
69c6be59-810c-513f-89b0-ec2e7b43fbaf,2023-08-01,-1897.34,-835.43,-835.43,-800.1033333333334,-1506.947656542895,-1490.4788589630298,-886.6766964721679
69c6be59-810c-513f-89b0-ec2e7b43fbaf,2023-09-01,-2311.6,-1897.34,-1897.34,-1131.0333333333333,-2458.5282931484808,-2454.363087222589,-1954.2925032043456
69c6be59-810c-513f-89b0-ec2e7b43fbaf,2023-10-01,-2140.48,-2311.6,-2311.6,-1681.4566666666667,-2778.4620147165847,-2785.078180041553,-2191.9346786499023
69c6be59-810c-513f-89b0-ec2e7b43fbaf,2023-11-01,-1047.78,-2140.48,-2140.48,-2116.4733333333334,-2672.658551840242,-2669.8949474021556,-1936.1944927978516
69c6be59-810c-513f-89b0-ec2e7b43fbaf,2023-12-01,-668.56,-1047.78,-1047.78,-1833.2866666666669,-1653.8833454784872,-1642.8356933496473,-972.7356274414062
69c6be59-810c-513f-89b0-ec2e7b43fbaf,2024-01-01,-395.4,-668.56,-668.56,-1285.6066666666666,-1264.8165898120058,-1256.1461203103884,-738.0952325439453
69c6be59-810c-513f-89b0-ec2e7b43fbaf,2024-02-01,-359.05,-395.4,-395.4,-703.9133333333333,-1152.7993861087584,-1123.884520855241,-553.7107299804687
69c6be59-810c-513f-89b0-ec2e7b43fbaf,2024-03-01,-791.14,-359.05,-359.05,-474.33666666666664,-1130.7615804309216,-1101.4541908297856,-359.5573230266571
69c6be59-810c-513f-89b0-ec2e7b43fbaf,2024-04-01,-730.47,-791.14,-791.14,-515.1966666666667,-1677.8890545009917,-1635.0445852070093,-684.971787109375
69c6be59-810c-513f-89b0-ec2e7b43fbaf,2024-05-01,-729.35,-730.47,-730.47,-626.8866666666667,-1586.15572725148,-1546.7337220879533,-680.0357196044922
69c6be59-810c-513f-89b0-ec2e7b43fbaf,2024-06-01,-383.99,-729.35,-729.35,-750.32,-1330.2116982525094,-1322.4479799158273,-815.0416275024414
69c6be59-810c-513f-89b0-ec2e7b43fbaf,2024-07-01,-3721.21,-383.99,-383.99,-614.6033333333334,-1050.1122302751069,-1033.1505500890098,-370.03940605163575
69c6be59-810c-513f-89b0-ec2e7b43fbaf,2024-08-01,-3238.99,-3721.21,-3721.21,-1611.5166666666667,-4033.0127270457606,-4059.7119513628163,-2827.641091308594
69c6be59-810c-513f-89b0-ec2e7b43fbaf,2024-09-01,-2985.8,-3238.99,-3238.99,-2448.063333333333,-3644.754148553445,-3658.8677507219795,-3578.1745397949217
69c6be59-810c-513f-89b0-ec2e7b43fbaf,2024-10-01,-4050.45,-2985.8,-2985.8,-3315.3333333333335,-3393.487366417975,-3406.770517043875,-3575.2754028320314
69c6be59-810c-513f-89b0-ec2e7b43fbaf,2024-11-01,-8628.66,-4050.45,-4050.45,-3425.08,-4414.519892054297,-4432.746696653118,-5410.4236328125
6ab490fb-e810-530d-962e-5c06d10be464,2022-01-01,-2656.32,,-13252.345000000001,-13252.345000000001,-599.9161128181978,-584.6049202465573,-976.0215454101562
6ab490fb-e810-530d-962e-5c06d10be464,2022-02-01,-3944.79,-2656.32,-2656.32,-2656.32,-3321.4644391819315,-3298.6578730359897,-3662.830009765625
6ab490fb-e810-530d-962e-5c06d10be464,2022-03-01,-6141.63,-3944.79,-3944.79,-3300.5550000000003,-4658.696289163267,-4630.250365830747,-4908.6707373046875
6ab490fb-e810-530d-962e-5c06d10be464,2022-04-01,-7733.05,-6141.63,-6141.63,-4247.58,-6815.061262416619,-6792.548076577953,-6652.571436767578
6ab490fb-e810-530d-962e-5c06d10be464,2022-05-01,-8532.48,-7733.05,-7733.05,-5939.823333333334,-8440.285785718457,-8411.891702822699,-8023.159313964844
6ab490fb-e810-530d-962e-5c06d10be464,2022-06-01,-8935.76,-8532.48,-8532.48,-7469.053333333333,-9242.684690551006,-9214.32060148846,-8729.159412841796
6ab490fb-e810-530d-962e-5c06d10be464,2022-07-01,-8940.38,-8935.76,-8935.76,-8400.429999999998,-9270.608209262753,-9286.115594972895,-9074.063009033203
6ab490fb-e810-530d-962e-5c06d10be464,2022-08-01,-9029.67,-8940.38,-8940.38,-8802.873333333333,-9333.335345513544,-9342.697105751713,-9048.104945068359
6ab490fb-e810-530d-962e-5c06d10be464,2022-09-01,-9033.3,-9029.67,-9029.67,-8968.603333333333,-9466.505243146521,-9471.576066341657,-9070.35482208252
6ab490fb-e810-530d-962e-5c06d10be464,2022-10-01,-9205.74,-9033.3,-9033.3,-9001.116666666667,-9477.79172087682,-9483.491138958821,-9033.795931029319
6ab490fb-e810-530d-962e-5c06d10be464,2022-11-01,-9208.26,-9205.74,-9205.74,-9089.57,-9632.889863359764,-9640.982458495537,-9248.786546936035
6ab490fb-e810-530d-962e-5c06d10be464,2022-12-01,-9216.22,-9208.26,-9208.26,-9149.1,-9640.825307032428,-9648.987337439183,-9188.843936691284
6ab490fb-e810-530d-962e-5c06d10be464,2023-01-01,-9220.47,-9216.22,-9216.22,-9210.073333333334,-9972.071928704992,-9938.227063807093,-9179.385153503417
6ab490fb-e810-530d-962e-5c06d10be464,2023-02-01,-9249.29,-9220.47,-9220.47,-9214.983333333332,-9978.503767802747,-9944.373298846205,-9235.63051006317
6ab490fb-e810-530d-962e-5c06d10be464,2023-03-01,-9253.93,-9249.29,-9249.29,-9228.660000000002,-10000.610277192141,-9967.357934588488,-9292.69167617798
6ab490fb-e810-530d-962e-5c06d10be464,2023-04-01,-9258.72,-9253.93,-9253.93,-9241.230000000001,-10007.241331928046,-9973.703689960865,-9300.086131744385
6ab490fb-e810-530d-962e-5c06d10be464,2023-05-01,-9263.27,-9258.72,-9258.72,-9253.980000000001,-10009.181041468615,-9976.000293444342,-9308.250136108398
6ab490fb-e810-530d-962e-5c06d10be464,2023-06-01,-9265.27,-9263.27,-9263.27,-9258.64,-10011.024330264714,-9978.189782797263,-9309.426131744385
6ab490fb-e810-530d-962e-5c06d10be464,2023-07-01,-9269.61,-9265.27,-9265.27,-9262.42,-10010.380022584277,-9977.881218721242,-9311.426131744385
6ab490fb-e810-530d-962e-5c06d10be464,2023-08-01,-9271.21,-9269.61,-9269.61,-9266.050000000001,-10011.873874254028,-9979.736205844614,-9308.14952407837
6ab490fb-e810-530d-962e-5c06d10be464,2023-09-01,-9286.47,-9271.21,-9271.21,-9268.696666666667,-10010.855125605594,-9979.049924744118,-9271.745501122474
6ab490fb-e810-530d-962e-5c06d10be464,2023-10-01,-9312.39,-9286.47,-9286.47,-9275.763333333334,-10019.721846397491,-9988.736080013552,-9273.250886650085
6ab490fb-e810-530d-962e-5c06d10be464,2023-11-01,-9315.39,-9312.39,-9312.39,-9290.023333333333,-10042.344410026493,-10011.770488630442,-9278.414627685546
6ab490fb-e810-530d-962e-5c06d10be464,2023-12-01,-9318.21,-9315.39,-9315.39,-9304.75,-10045.4101544927,-10014.81579851927,-9274.088543548583
6ab490fb-e810-530d-962e-5c06d10be464,2024-01-01,-9322.99,-9318.21,-9318.21,-9315.33,-10045.410395118926,-10015.172583606321,-9276.908543548583
6ab490fb-e810-530d-962e-5c06d10be464,2024-02-01,-9327.69,-9322.99,-9322.99,-9318.863333333333,-10047.237556474953,-10017.377445283539,-9314.427876701355
6ab490fb-e810-530d-962e-5c06d10be464,2024-03-01,-9330.1,-9327.69,-9327.69,-9322.963333333333,-10049.15125116354,-10019.644473988603,-9315.75388282776
6ab490fb-e810-530d-962e-5c06d10be464,2024-04-01,-9340.94,-9330.1,-9330.1,-9326.926666666666,-10049.052094891882,-10019.863266042854,-9316.277283287049
6ab490fb-e810-530d-962e-5c06d10be464,2024-05-01,-9344.4,-9340.94,-9340.94,-9332.910000000002,-10053.589303835925,-10025.218071138712,-9330.491281929017
6ab490fb-e810-530d-962e-5c06d10be464,2024-06-01,-9349.07,-9344.4,-9344.4,-9338.480000000001,-10057.349402981836,-10028.920421247012,-9330.577283287048
6ab490fb-e810-530d-962e-5c06d10be464,2024-07-01,-9615.47,-9349.07,-9349.07,-9344.803333333335,-10059.051269944219,-10030.997586360687,-9298.427578277588
6ab490fb-e810-530d-962e-5c06d10be464,2024-08-01,-10390.53,-9615.47,-9615.47,-9436.313333333334,-10301.478546935108,-10276.530841007943,-9657.137568206786
6ab490fb-e810-530d-962e-5c06d10be464,2024-09-01,-10494.07,-10390.53,-10390.53,-9785.023333333333,-10712.266456968851,-10735.78669146783,-10557.587922363282
6ab490fb-e810-530d-962e-5c06d10be464,2024-10-01,-10921.94,-10494.07,-10494.07,-10166.69,-10827.401892333866,-10848.437332170444,-10733.578483886718
6ab490fb-e810-530d-962e-5c06d10be464,2024-11-01,-11055.12,-10921.94,-10921.94,-10602.18,-11247.191655493554,-11267.431765397867,-11257.041043701172
6c814122-cc75-52c8-9112-7c90d6891256,2022-01-01,-4716.31,,-13252.345000000001,-13252.345000000001,-599.9161128181978,-584.6049202465573,-976.0215454101562
6c814122-cc75-52c8-9112-7c90d6891256,2022-02-01,-7560.93,-4716.31,-4716.31,-4716.31,-5221.498167492306,-5221.352084160919,-8876.604921875001
6c814122-cc75-52c8-9112-7c90d6891256,2022-03-01,-11277.24,-7560.93,-7560.93,-6138.620000000001,-8083.977802644422,-8081.522182933844,-11319.69904296875
6c814122-cc75-52c8-9112-7c90d6891256,2022-04-01,-15281.95,-11277.24,-11277.24,-7851.493333333333,-11776.374761798734,-11776.658744053897,-15865.06177734375
6c814122-cc75-52c8-9112-7c90d6891256,2022-05-01,-20130.6,-15281.95,-15281.95,-11373.373333333335,-15747.406287323403,-15749.863524762202,-18734.45927734375
6c814122-cc75-52c8-9112-7c90d6891256,2022-06-01,-23156.3,-20130.6,-20130.6,-15563.263333333334,-20492.90728023734,-20508.715610680516,-25250.34267578125
6c814122-cc75-52c8-9112-7c90d6891256,2022-07-01,-26896.2,-23156.3,-23156.3,-19522.949999999997,-23320.68834952731,-23358.472430353577,-26927.719189453124
6c814122-cc75-52c8-9112-7c90d6891256,2022-08-01,-37428.14,-26896.2,-26896.2,-23394.36666666667,-27040.76225439433,-27078.021758307383,-31495.174609375
6c814122-cc75-52c8-9112-7c90d6891256,2022-09-01,-41597.38,-37428.14,-37428.14,-29160.213333333333,-37277.97913538743,-37351.82880279765,-42031.2269140625
6c814122-cc75-52c8-9112-7c90d6891256,2022-10-01,-43069.07,-41597.38,-41597.38,-35307.24,-41556.10823829849,-41615.19847298144,-43803.79552734375
6c814122-cc75-52c8-9112-7c90d6891256,2022-11-01,-46923.6,-43069.07,-43069.07,-40698.19666666666,-43084.63942277533,-43134.65164394335,-46409.799736328125
6c814122-cc75-52c8-9112-7c90d6891256,2022-12-01,-45940.95,-46923.6,-46923.6,-43863.35,-46909.21233094746,-46963.844855008734,-50248.85439453125
6c814122-cc75-52c8-9112-7c90d6891256,2023-01-01,-48615.94,-45940.95,-45940.95,-45311.206666666665,-46039.41107925153,-46080.15760251242,-48711.119921875
6c814122-cc75-52c8-9112-7c90d6891256,2023-02-01,-50744.35,-48615.94,-48615.94,-47160.16333333333,-48680.4018533607,-48725.14768244464,-51486.87823242188
6c814122-cc75-52c8-9112-7c90d6891256,2023-03-01,-54162.03,-50744.35,-50744.35,-48433.746666666666,-50882.790289833676,-50918.517638033474,-53422.29384765625
6c814122-cc75-52c8-9112-7c90d6891256,2023-04-01,-55933.39,-54162.03,-54162.03,-51174.10666666667,-54211.69959745743,-54256.94150215709,-56527.060517578124
6c814122-cc75-52c8-9112-7c90d6891256,2023-05-01,-59115.17,-55933.39,-55933.39,-53613.25666666666,-55991.95560066146,-56036.25924690784,-58307.129013671874
6c814122-cc75-52c8-9112-7c90d6891256,2023-06-01,-62859.32,-59115.17,-59115.17,-56403.53,-59113.711247307525,-59163.897361055635,-61899.08870117187
6c814122-cc75-52c8-9112-7c90d6891256,2023-07-01,-67327.31,-62859.32,-62859.32,-59302.62666666667,-62774.061492058856,-62834.07158723435,-65957.56462890626
6c814122-cc75-52c8-9112-7c90d6891256,2023-08-01,-70208.86,-67327.31,-67327.31,-63100.6,-67147.73443908864,-67217.892817885,-70538.55829101562
6c814122-cc75-52c8-9112-7c90d6891256,2023-09-01,-71186.44,-70208.86,-70208.86,-66798.49666666666,-69979.30546323737,-70055.11764854632,-72532.05799804688
6c814122-cc75-52c8-9112-7c90d6891256,2023-10-01,-71009.07,-71186.44,-71186.44,-69574.20333333332,-71012.03448234226,-71080.92973230407,-72896.15728515625
6c814122-cc75-52c8-9112-7c90d6891256,2023-11-01,-71182.35,-71009.07,-71009.07,-70801.45666666667,-70908.8969640111,-70967.98747181268,-72257.4702685547
6c814122-cc75-52c8-9112-7c90d6891256,2023-12-01,-66368.95,-71182.35,-71182.35,-71125.95333333334,-71039.92873595252,-71105.5752566602,-71622.7915588379
6c814122-cc75-52c8-9112-7c90d6891256,2024-01-01,-69569.69,-66368.95,-66368.95,-69520.12333333334,-66387.08355635453,-66437.52190486858,-67107.42650146484
6c814122-cc75-52c8-9112-7c90d6891256,2024-02-01,-69567.87,-69569.69,-69569.69,-69040.33,-69458.66416115874,-69521.8237268163,-69638.61322540283
6c814122-cc75-52c8-9112-7c90d6891256,2024-03-01,-70163.54,-69567.87,-69567.87,-68502.17,-69467.99198294702,-69532.6262723108,-70058.29602539062
6c814122-cc75-52c8-9112-7c90d6891256,2024-04-01,-70922.77,-70163.54,-70163.54,-69767.03333333333,-70037.87490432791,-70104.10238988067,-70725.34853271484
6c814122-cc75-52c8-9112-7c90d6891256,2024-05-01,-73390.35,-70922.77,-70922.77,-70218.06,-70868.54842155035,-70924.63120483667,-72244.09470703125
6c814122-cc75-52c8-9112-7c90d6891256,2024-06-01,-72667.36,-73390.35,-73390.35,-71492.21999999999,-73248.5186140316,-73313.95842187764,-74460.44582519532
6c814122-cc75-52c8-9112-7c90d6891256,2024-07-01,-80194.98,-72667.36,-72667.36,-72326.82666666668,-72644.03057684081,-72693.72895754779,-73314.36213623047
6c814122-cc75-52c8-9112-7c90d6891256,2024-08-01,-77636.61,-80194.98,-80194.98,-75417.56333333334,-79866.92163383246,-79953.88318613239,-82582.71071289062
6c814122-cc75-52c8-9112-7c90d6891256,2024-09-01,-69567.16,-77636.61,-77636.61,-76832.98333333334,-77393.8627873563,-77472.78146149954,-79117.96400390625
6c814122-cc75-52c8-9112-7c90d6891256,2024-10-01,-73233.9,-69567.16,-69567.16,-75799.58333333333,-69341.36040266806,-69422.99795853275,-71756.67147460938
6c814122-cc75-52c8-9112-7c90d6891256,2024-11-01,-59271.07,-73233.9,-73233.9,-73479.22333333333,-73088.55604190181,-73158.21860154667,-74422.24411621093
6fd9fb8d-c081-5905-a451-5a54f4892d2a,2022-01-01,489099.37,,-13252.345000000001,-13252.345000000001,-599.9161128181978,-584.6049202465573,-976.0215454101562
6fd9fb8d-c081-5905-a451-5a54f4892d2a,2022-02-01,476877.78,489099.37,489099.37,489099.37,486376.08468374505,486599.30259396095,488959.0647784424
6fd9fb8d-c081-5905-a451-5a54f4892d2a,2022-03-01,441984.66,476877.78,476877.78,482988.575,474060.56364810705,474285.2285254624,476588.09723022464
6fd9fb8d-c081-5905-a451-5a54f4892d2a,2022-04-01,502571.48,441984.66,441984.66,469320.60333333333,435611.78290299396,436184.5454052698,442537.9211083984
6fd9fb8d-c081-5905-a451-5a54f4892d2a,2022-05-01,482365.4,502571.48,502571.48,473811.30666666664,495979.4205723969,496577.62068381347,499000.560078125
6fd9fb8d-c081-5905-a451-5a54f4892d2a,2022-06-01,496270.06,482365.4,482365.4,475640.51333333337,477392.88333199045,477807.87762714725,483048.2139038086
6fd9fb8d-c081-5905-a451-5a54f4892d2a,2022-07-01,539413.13,496270.06,496270.06,493735.64666666667,491240.13623685454,491655.4304240513,493817.08978515625
6fd9fb8d-c081-5905-a451-5a54f4892d2a,2022-08-01,308887.31,539413.13,539413.13,506016.1966666666,533828.8046964185,534309.1536463718,536756.7772167969
6fd9fb8d-c081-5905-a451-5a54f4892d2a,2022-09-01,381271.88,308887.31,308887.31,448190.1666666667,307910.7173175411,307880.75868997595,315840.50921875
6fd9fb8d-c081-5905-a451-5a54f4892d2a,2022-10-01,647744.59,381271.88,381271.88,409857.43999999994,376252.28207794105,376681.3007208618,388059.12267578125
6fd9fb8d-c081-5905-a451-5a54f4892d2a,2022-11-01,439555.08,647744.59,647744.59,445967.9266666667,640189.673463475,640879.0473662402,647218.6500585937
6fd9fb8d-c081-5905-a451-5a54f4892d2a,2022-12-01,569049.82,439555.08,439555.08,489523.8499999999,432240.15230587,432898.0782216394,439428.2364025879
6fd9fb8d-c081-5905-a451-5a54f4892d2a,2023-01-01,260432.26,569049.82,569049.82,552116.4966666666,557836.0597063247,558915.0314516639,564038.1329882812
6fd9fb8d-c081-5905-a451-5a54f4892d2a,2023-02-01,248612.89,260432.26,260432.26,423012.38666666666,257507.76584416284,257693.50726263356,261286.19225097657
6fd9fb8d-c081-5905-a451-5a54f4892d2a,2023-03-01,230808.61,248612.89,248612.89,359364.99,244726.13465438547,245036.21008462063,250004.380234375
6fd9fb8d-c081-5905-a451-5a54f4892d2a,2023-04-01,214017.36,230808.61,230808.61,246617.92,229908.43266010127,229916.58229184418,233329.5135644531
6fd9fb8d-c081-5905-a451-5a54f4892d2a,2023-05-01,210358.0,214017.36,214017.36,231146.28666666665,212015.62214515524,212131.9635608654,216538.2635644531
6fd9fb8d-c081-5905-a451-5a54f4892d2a,2023-06-01,228092.23,210358.0,210358.0,218394.65666666665,207545.27621683854,207757.02783320556,211579.20629882812
6fd9fb8d-c081-5905-a451-5a54f4892d2a,2023-07-01,207646.21,228092.23,228092.23,217489.19666666666,226876.52729160996,226903.62010197545,233196.8383984375
6fd9fb8d-c081-5905-a451-5a54f4892d2a,2023-08-01,296331.66,207646.21,207646.21,215365.47999999998,204230.52230759454,204518.97754409446,212571.32279296874
6fd9fb8d-c081-5905-a451-5a54f4892d2a,2023-09-01,182624.6,296331.66,296331.66,244023.36666666667,291924.0824563662,292300.8431743953,291332.638515625
6fd9fb8d-c081-5905-a451-5a54f4892d2a,2023-10-01,244615.29,182624.6,182624.6,228867.49,180212.10557432612,180373.5051146129,188235.88955078126
6fd9fb8d-c081-5905-a451-5a54f4892d2a,2023-11-01,305957.27,244615.29,244615.29,241190.5166666667,240569.2417040425,240914.7550886517,240656.93697265626
6fd9fb8d-c081-5905-a451-5a54f4892d2a,2023-12-01,238839.07,305957.27,305957.27,244399.05333333334,302472.5364194434,302749.29262547276,308396.6017871094
6fd9fb8d-c081-5905-a451-5a54f4892d2a,2024-01-01,158418.43,238839.07,238839.07,263137.21,234556.81699335395,234919.38506797524,234163.17498046876
6fd9fb8d-c081-5905-a451-5a54f4892d2a,2024-02-01,164367.83,158418.43,158418.43,234404.92333333334,156014.2688688657,156184.18614701126,160579.71173828124
6fd9fb8d-c081-5905-a451-5a54f4892d2a,2024-03-01,144547.57,164367.83,164367.83,187208.44333333336,162421.87805495082,162553.01084323574,171243.69865234374
6fd9fb8d-c081-5905-a451-5a54f4892d2a,2024-04-01,154682.86,144547.57,144547.57,155777.94333333333,143013.5340357299,143110.4375283692,148396.16375
6fd9fb8d-c081-5905-a451-5a54f4892d2a,2024-05-01,164915.67,154682.86,154682.86,154532.75333333333,152549.94135636083,152705.2261162984,160804.92640625
6fd9fb8d-c081-5905-a451-5a54f4892d2a,2024-06-01,103332.48,164915.67,164915.67,154715.36666666667,162508.36606832102,162691.02510284662,165725.11091796876
6fd9fb8d-c081-5905-a451-5a54f4892d2a,2024-07-01,164639.92,103332.48,103332.48,140977.00333333333,102023.45158061365,102085.66352081597,110330.34767578125
6fd9fb8d-c081-5905-a451-5a54f4892d2a,2024-08-01,294381.82,164639.92,164639.92,144296.02333333335,162947.59978663974,163041.58480157724,168172.06672851564
6fd9fb8d-c081-5905-a451-5a54f4892d2a,2024-09-01,172258.45,294381.82,294381.82,187451.40666666665,289928.6178833245,290304.43048793904,289816.57048828126
6fd9fb8d-c081-5905-a451-5a54f4892d2a,2024-10-01,212276.95,172258.45,172258.45,210426.73,169883.42357856658,170028.9717804454,173386.94145507814
6fd9fb8d-c081-5905-a451-5a54f4892d2a,2024-11-01,114615.88,212276.95,212276.95,226305.74,208109.25749318715,208460.84025065892,211524.68492431642
6fffe54e-8cb2-5969-959d-dc57dee84613,2022-01-01,-210.3,,-13252.345000000001,-13252.345000000001,-599.9161128181978,-584.6049202465573,-976.0215454101562
6fffe54e-8cb2-5969-959d-dc57dee84613,2022-02-01,-3758.69,-210.3,-210.3,-210.3,-809.3284278253727,-797.3275683918973,-1524.87958984375
6fffe54e-8cb2-5969-959d-dc57dee84613,2022-03-01,-7128.53,-3758.69,-3758.69,-1984.4950000000001,-4278.191375421894,-4277.255793462302,-6608.5852636718755
6fffe54e-8cb2-5969-959d-dc57dee84613,2022-04-01,-8822.31,-7128.53,-7128.53,-3699.1733333333327,-7640.9011983983055,-7640.8664564927885,-9220.519990234374
6fffe54e-8cb2-5969-959d-dc57dee84613,2022-05-01,-10111.07,-8822.31,-8822.31,-6569.843333333333,-9359.261865413315,-9354.835414409748,-10804.751772460937
6fffe54e-8cb2-5969-959d-dc57dee84613,2022-06-01,-13296.37,-10111.07,-10111.07,-8687.303333333331,-10659.62023231898,-10653.247381795947,-11775.078544921875
6fffe54e-8cb2-5969-959d-dc57dee84613,2022-07-01,-15405.64,-13296.37,-13296.37,-10743.25,-13521.997450302839,-13554.31099500628,-14608.156499023438
6fffe54e-8cb2-5969-959d-dc57dee84613,2022-08-01,-16822.58,-15405.64,-15405.64,-12937.693333333335,-15638.822832912023,-15670.165708316621,-16799.540756835937
6fffe54e-8cb2-5969-959d-dc57dee84613,2022-09-01,-18102.88,-16822.58,-16822.58,-15174.863333333335,-17159.91577482922,-17176.74313270172,-18138.099165039064
6fffe54e-8cb2-5969-959d-dc57dee84613,2022-10-01,-19680.3,-18102.88,-18102.88,-16777.033333333336,-18462.451290110996,-18476.47118522942,-19403.12255371094
6fffe54e-8cb2-5969-959d-dc57dee84613,2022-11-01,-20449.82,-19680.3,-19680.3,-18201.920000000002,-20033.940767856577,-20048.15801158275,-20885.75166015625
6fffe54e-8cb2-5969-959d-dc57dee84613,2022-12-01,-20007.23,-20449.82,-20449.82,-19411.0,-20866.98844792153,-20873.988203603163,-21417.14403564453
6fffe54e-8cb2-5969-959d-dc57dee84613,2023-01-01,-26254.81,-20007.23,-20007.23,-20045.783333333336,-20428.1798020723,-20435.659986777206,-20836.028278808593
6fffe54e-8cb2-5969-959d-dc57dee84613,2023-02-01,-26358.35,-26254.81,-26254.81,-22237.286666666667,-26428.784369096968,-26467.219882910395,-27095.351564941408
6fffe54e-8cb2-5969-959d-dc57dee84613,2023-03-01,-29704.25,-26358.35,-26358.35,-24206.796666666665,-26679.067557082268,-26697.40453857055,-27251.385339355467
6fffe54e-8cb2-5969-959d-dc57dee84613,2023-04-01,-31045.72,-29704.25,-29704.25,-27439.13666666667,-29922.588256906147,-29951.137338560355,-30591.94793701172
6fffe54e-8cb2-5969-959d-dc57dee84613,2023-05-01,-32283.84,-31045.72,-31045.72,-29036.10666666667,-31275.13361421571,-31302.796382672812,-32547.76528808594
6fffe54e-8cb2-5969-959d-dc57dee84613,2023-06-01,-34231.43,-32283.84,-32283.84,-31011.27,-32425.60894485289,-32464.282608315898,-33853.982944335934
6fffe54e-8cb2-5969-959d-dc57dee84613,2023-07-01,-36683.68,-34231.43,-34231.43,-32520.33,-34396.86468108466,-34431.604004436915,-35889.13361328125
6fffe54e-8cb2-5969-959d-dc57dee84613,2023-08-01,-37865.64,-36683.68,-36683.68,-34399.65,-36802.70457206407,-36842.98535384219,-38169.53534667969
6fffe54e-8cb2-5969-959d-dc57dee84613,2023-09-01,-38684.03,-37865.64,-37865.64,-36260.25,-38067.946202412204,-38096.85497213134,-39094.60435546875
6fffe54e-8cb2-5969-959d-dc57dee84613,2023-10-01,-42497.17,-38684.03,-38684.03,-37744.450000000004,-38875.79065880536,-38906.66119116953,-39980.35336425781
6fffe54e-8cb2-5969-959d-dc57dee84613,2023-11-01,-43664.29,-42497.17,-42497.17,-39682.28,-42549.005006439176,-42597.65421043528,-43582.01582519531
6fffe54e-8cb2-5969-959d-dc57dee84613,2023-12-01,-44958.05,-43664.29,-43664.29,-41615.16333333333,-43812.99816510225,-43848.2069246318,-44810.001669921876
6fffe54e-8cb2-5969-959d-dc57dee84613,2024-01-01,-45296.02,-44958.05,-44958.05,-43706.503333333334,-45075.30310726377,-45114.13532278692,-46208.71186523438
6fffe54e-8cb2-5969-959d-dc57dee84613,2024-02-01,-44841.15,-45296.02,-45296.02,-44639.45333333334,-45461.04399908845,-45493.69061669489,-46090.011577148434
6fffe54e-8cb2-5969-959d-dc57dee84613,2024-03-01,-45400.76,-44841.15,-44841.15,-45031.74,-45048.02447173076,-45075.55684218541,-45296.569708251955
6fffe54e-8cb2-5969-959d-dc57dee84613,2024-04-01,-47930.41,-45400.76,-45400.76,-45179.31,-45573.530946168576,-45606.0245601645,-46625.17101074219
6fffe54e-8cb2-5969-959d-dc57dee84613,2024-05-01,-49044.71,-47930.41,-47930.41,-46057.44,-47995.534168446036,-48041.65923217687,-49118.3328515625
6fffe54e-8cb2-5969-959d-dc57dee84613,2024-06-01,-48855.24,-49044.71,-49044.71,-47458.62666666667,-49157.89476269391,-49196.7596339296,-50192.95560546875
6fffe54e-8cb2-5969-959d-dc57dee84613,2024-07-01,-52024.0,-48855.24,-48855.24,-48610.119999999995,-48900.667145664505,-48947.613624059835,-50556.86658691406
6fffe54e-8cb2-5969-959d-dc57dee84613,2024-08-01,-53087.86,-52024.0,-52024.0,-49974.649999999994,-52020.07369807744,-52072.39071255647,-53672.557373046875
6fffe54e-8cb2-5969-959d-dc57dee84613,2024-09-01,-59315.33,-53087.86,-53087.86,-51322.36666666667,-53108.30043491494,-53157.47760384089,-55248.089248046876
6fffe54e-8cb2-5969-959d-dc57dee84613,2024-10-01,-58398.66,-59315.33,-59315.33,-54809.06333333333,-59146.93970487116,-59217.162553790185,-61133.998579101564
6fffe54e-8cb2-5969-959d-dc57dee84613,2024-11-01,-60584.02,-58398.66,-58398.66,-56933.950000000004,-58297.32163624624,-58360.65379410931,-60636.134609375
709fe545-3736-529e-b379-f13c36d55674,2022-01-01,-3138.01,,-13252.345000000001,-13252.345000000001,-599.9161128181978,-584.6049202465573,-976.0215454101562
709fe545-3736-529e-b379-f13c36d55674,2022-02-01,-6424.23,-3138.01,-3138.01,-3138.01,-3720.4568558458427,-3708.6569234506424,-5987.914541015625
709fe545-3736-529e-b379-f13c36d55674,2022-03-01,-13442.05,-6424.23,-6424.23,-4781.12,-6918.888978353453,-6919.904837724587,-11236.84181640625
709fe545-3736-529e-b379-f13c36d55674,2022-04-01,-23846.95,-13442.05,-13442.05,-7668.096666666667,-13767.26124031799,-13789.052941671735,-19604.9083984375
709fe545-3736-529e-b379-f13c36d55674,2022-05-01,-34448.82,-23846.95,-23846.95,-14571.076666666666,-23995.709350804438,-24038.29083351181,-29737.79326171875
709fe545-3736-529e-b379-f13c36d55674,2022-06-01,-42026.84,-34448.82,-34448.82,-23912.60666666667,-34537.05045800376,-34581.617760287125,-40492.24822265625
709fe545-3736-529e-b379-f13c36d55674,2022-07-01,-44518.49,-42026.84,-42026.84,-33440.87,-41779.48326179784,-41859.43008247132,-46024.0040625
709fe545-3736-529e-b379-f13c36d55674,2022-08-01,-50689.98,-44518.49,-44518.49,-40331.38333333333,-44435.25939698297,-44495.95628987333,-48821.41431640625
709fe545-3736-529e-b379-f13c36d55674,2022-09-01,-51785.5,-50689.98,-50689.98,-45745.10333333333,-50425.29067231559,-50508.13877324563,-54714.09059570313
709fe545-3736-529e-b379-f13c36d55674,2022-10-01,-54028.59,-51785.5,-51785.5,-48997.99,-51750.26553703363,-51805.57068852391,-55573.43408203125
709fe545-3736-529e-b379-f13c36d55674,2022-11-01,-54064.99,-54028.59,-54028.59,-52168.02333333334,-54015.119469501486,-54065.907646501015,-55519.6495703125
709fe545-3736-529e-b379-f13c36d55674,2022-12-01,-46168.28,-54064.99,-54064.99,-53293.026666666665,-54186.18289315814,-54220.97092273973,-54800.941721191404
709fe545-3736-529e-b379-f13c36d55674,2023-01-01,-49024.31,-46168.28,-46168.28,-51420.619999999995,-46346.37203030035,-46379.99485654219,-47775.57602050781
709fe545-3736-529e-b379-f13c36d55674,2023-02-01,-47926.52,-49024.31,-49024.31,-49752.526666666665,-49186.848010838716,-49222.14841614872,-49813.18103271484
709fe545-3736-529e-b379-f13c36d55674,2023-03-01,-50433.7,-47926.52,-47926.52,-47706.369999999995,-48233.914387743695,-48252.52314843836,-50091.11155273437
709fe545-3736-529e-b379-f13c36d55674,2023-04-01,-51667.4,-50433.7,-50433.7,-49128.176666666666,-50559.50166019349,-50598.46194900697,-51584.58256835937
709fe545-3736-529e-b379-f13c36d55674,2023-05-01,-50988.79,-51667.4,-51667.4,-50009.206666666665,-51867.241665679016,-51895.71085003768,-52451.5201171875
709fe545-3736-529e-b379-f13c36d55674,2023-06-01,-51088.93,-50988.79,-50988.79,-51029.96333333334,-51185.74411684024,-51213.99295493058,-51585.00356201172
709fe545-3736-529e-b379-f13c36d55674,2023-07-01,-56165.72,-51088.93,-51088.93,-51248.37333333333,-51288.16071154113,-51315.48028968314,-52049.38440673828
709fe545-3736-529e-b379-f13c36d55674,2023-08-01,-57578.36,-56165.72,-56165.72,-52747.81333333333,-56132.64281115297,-56189.3648523098,-57666.330473632814
709fe545-3736-529e-b379-f13c36d55674,2023-09-01,-58106.72,-57578.36,-57578.36,-54944.33666666667,-57627.551750789564,-57671.90756830077,-57998.02311645508
709fe545-3736-529e-b379-f13c36d55674,2023-10-01,-58340.88,-58106.72,-58106.72,-57283.6,-58197.16881389813,-58235.83211014229,-58808.400908203126
709fe545-3736-529e-b379-f13c36d55674,2023-11-01,-56733.32,-58340.88,-58340.88,-58008.65333333334,-58359.623402273326,-58408.09059690335,-58691.73122680664
709fe545-3736-529e-b379-f13c36d55674,2023-12-01,-47646.38,-56733.32,-56733.32,-57726.97333333333,-56814.314662619014,-56856.49651130701,-56918.36342651367
709fe545-3736-529e-b379-f13c36d55674,2024-01-01,-46091.53,-47646.38,-47646.38,-54240.19333333333,-47924.551514702136,-47947.41243297163,-48392.081354980466
709fe545-3736-529e-b379-f13c36d55674,2024-02-01,-45835.35,-46091.53,-46091.53,-50157.07666666667,-46452.549294325465,-46467.036959479934,-47107.781220703124
709fe545-3736-529e-b379-f13c36d55674,2024-03-01,-47554.51,-45835.35,-45835.35,-46524.420000000006,-46226.33690553901,-46236.66387146908,-47411.71645507812
709fe545-3736-529e-b379-f13c36d55674,2024-04-01,-47533.47,-47554.51,-47554.51,-46493.79666666667,-47867.846745385534,-47884.199839612265,-48249.0490625
709fe545-3736-529e-b379-f13c36d55674,2024-05-01,-47480.06,-47533.47,-47533.47,-46974.443333333336,-47850.71694327244,-47868.00219381617,-48163.57321044922
709fe545-3736-529e-b379-f13c36d55674,2024-06-01,-52315.71,-47480.06,-47480.06,-47522.68,-47751.780592512376,-47772.88471224285,-47923.047365722654
709fe545-3736-529e-b379-f13c36d55674,2024-07-01,-53981.15,-52315.71,-52315.71,-49109.746666666666,-52436.80040007507,-52472.98337332087,-53713.50187011719
709fe545-3736-529e-b379-f13c36d55674,2024-08-01,-47562.63,-53981.15,-53981.15,-51258.97333333333,-53915.360787543344,-53972.3188507759,-55402.215063476564
709fe545-3736-529e-b379-f13c36d55674,2024-09-01,-31622.97,-47562.63,-47562.63,-51286.496666666666,-47676.07238022769,-47716.65665340347,-48519.0094555664
709fe545-3736-529e-b379-f13c36d55674,2024-10-01,-39659.1,-31622.97,-31622.97,-44388.916666666664,-32017.109868133142,-32032.98668851974,-33994.57693359375
709fe545-3736-529e-b379-f13c36d55674,2024-11-01,-44363.55,-39659.1,-39659.1,-39614.9,-40024.910287221974,-40035.57815481517,-42522.72451171875
70a5c29b-f186-58fc-a21a-4e4280da4fc8,2022-01-01,-1171.35,,-13252.345000000001,-13252.345000000001,-599.9161128181978,-584.6049202465573,-976.0215454101562
70a5c29b-f186-58fc-a21a-4e4280da4fc8,2022-02-01,-1528.93,-1171.35,-1171.35,-1171.35,-1805.7744808788707,-1787.378690644944,-1927.2881103515624
70a5c29b-f186-58fc-a21a-4e4280da4fc8,2022-03-01,-1982.81,-1528.93,-1528.93,-1350.1399999999999,-2186.1829955155417,-2165.7067252878005,-2022.1440197753907
70a5c29b-f186-58fc-a21a-4e4280da4fc8,2022-04-01,-1598.16,-1982.81,-1982.81,-1561.03,-2685.1569975517405,-2659.232549993695,-2587.064455566406
70a5c29b-f186-58fc-a21a-4e4280da4fc8,2022-05-01,-2156.11,-1598.16,-1598.16,-1703.3000000000002,-2129.025109860556,-2127.1757431155656,-2191.7331201171874
70a5c29b-f186-58fc-a21a-4e4280da4fc8,2022-06-01,-1313.75,-2156.11,-2156.11,-1912.36,-2868.8667300272787,-2841.7259973796263,-2015.8345178222658
70a5c29b-f186-58fc-a21a-4e4280da4fc8,2022-07-01,-2475.88,-1313.75,-1313.75,-1689.3400000000001,-1882.364557628001,-1876.417281916345,-1136.4255981445312
70a5c29b-f186-58fc-a21a-4e4280da4fc8,2022-08-01,-2364.83,-2475.88,-2475.88,-1981.9133333333332,-3083.951156548651,-3072.1133494335936,-2052.1471508789064
70a5c29b-f186-58fc-a21a-4e4280da4fc8,2022-09-01,-2079.3,-2364.83,-2364.83,-2051.4866666666667,-2965.683547282141,-2953.743311627995,-2274.944532470703
70a5c29b-f186-58fc-a21a-4e4280da4fc8,2022-10-01,-2822.44,-2079.3,-2079.3,-2306.67,-2674.557795655228,-2663.6675833312765,-1805.6010559082033
70a5c29b-f186-58fc-a21a-4e4280da4fc8,2022-11-01,-4791.95,-2822.44,-2822.44,-2422.19,-3561.8963414645987,-3533.2403907628186,-2596.4161505126954
70a5c29b-f186-58fc-a21a-4e4280da4fc8,2022-12-01,-2820.17,-4791.95,-4791.95,-3231.2299999999996,-5421.6897917490105,-5405.84526100722,-4009.7211791992186
70a5c29b-f186-58fc-a21a-4e4280da4fc8,2023-01-01,-1434.07,-2820.17,-2820.17,-3478.1866666666665,-3396.702870889258,-3388.105669412267,-2619.834031982422
70a5c29b-f186-58fc-a21a-4e4280da4fc8,2023-02-01,-2279.28,-1434.07,-1434.07,-3015.396666666666,-2098.2601446701588,-2078.718873256753,-1537.0105975341796
70a5c29b-f186-58fc-a21a-4e4280da4fc8,2023-03-01,-2574.61,-2279.28,-2279.28,-2177.84,-2921.53316218869,-2905.5676163748285,-2191.144181518555
70a5c29b-f186-58fc-a21a-4e4280da4fc8,2023-04-01,-2454.0,-2574.61,-2574.61,-2095.9866666666667,-3217.67792327832,-3201.3959713170852,-2430.4450067138673
70a5c29b-f186-58fc-a21a-4e4280da4fc8,2023-05-01,-2742.31,-2454.0,-2454.0,-2435.9633333333336,-3114.5792469748158,-3095.2404943856577,-2568.6265411376953
70a5c29b-f186-58fc-a21a-4e4280da4fc8,2023-06-01,-3349.26,-2742.31,-2742.31,-2590.306666666667,-3373.466441189059,-3356.900126518061,-2777.483179626465
70a5c29b-f186-58fc-a21a-4e4280da4fc8,2023-07-01,-2439.24,-3349.26,-3349.26,-2848.523333333333,-3973.9633655614302,-3958.9658573566076,-3016.6165368652346
70a5c29b-f186-58fc-a21a-4e4280da4fc8,2023-08-01,-1740.97,-2439.24,-2439.24,-2843.603333333333,-3052.1380959965686,-3038.351734457307,-2486.4212629699705
70a5c29b-f186-58fc-a21a-4e4280da4fc8,2023-09-01,-3786.35,-1740.97,-1740.97,-2509.8233333333333,-2455.0885005768787,-2429.497100803829,-1758.8430716705323
70a5c29b-f186-58fc-a21a-4e4280da4fc8,2023-10-01,-6219.84,-3786.35,-3786.35,-2655.52,-4479.094063930979,-4456.209435378953,-2957.530969238281
70a5c29b-f186-58fc-a21a-4e4280da4fc8,2023-11-01,-1765.52,-6219.84,-6219.84,-3915.72,-6613.19332637552,-6628.105815436999,-4861.2023046875
70a5c29b-f186-58fc-a21a-4e4280da4fc8,2023-12-01,-3280.49,-1765.52,-1765.52,-3923.9033333333336,-2327.3039762628637,-2322.0314285632594,-1492.41599609375
70a5c29b-f186-58fc-a21a-4e4280da4fc8,2024-01-01,-1005.32,-3280.49,-3280.49,-3755.2833333333333,-3806.097689786381,-3804.7362264146677,-2151.849130859375
70a5c29b-f186-58fc-a21a-4e4280da4fc8,2024-02-01,-3947.63,-1005.32,-1005.32,-2017.11,-1414.6716224957208,-1429.950040078395,-1444.348015136719
70a5c29b-f186-58fc-a21a-4e4280da4fc8,2024-03-01,-1420.66,-3947.63,-3947.63,-2744.4799999999996,-4426.184132196567,-4431.543644928482,-2139.35265625
70a5c29b-f186-58fc-a21a-4e4280da4fc8,2024-04-01,-1804.35,-1420.66,-1420.66,-2124.5366666666664,-2065.2684434293237,-2050.344861078771,-1319.176098022461
70a5c29b-f186-58fc-a21a-4e4280da4fc8,2024-05-01,-1363.69,-1804.35,-1804.35,-2390.88,-2152.9949443057903,-2175.0234312773814,-1612.2145935058593
70a5c29b-f186-58fc-a21a-4e4280da4fc8,2024-06-01,-3620.95,-1363.69,-1363.69,-1529.5666666666666,-1953.42225823959,-1945.235052022816,-1892.9479345703126
70a5c29b-f186-58fc-a21a-4e4280da4fc8,2024-07-01,-2345.39,-3620.95,-3620.95,-2262.9966666666664,-3944.8517759637475,-3969.2435920026355,-2921.3852416992186
70a5c29b-f186-58fc-a21a-4e4280da4fc8,2024-08-01,-4634.62,-2345.39,-2345.39,-2443.3433333333337,-2837.84140616508,-2842.76539629858,-2485.488205566406
70a5c29b-f186-58fc-a21a-4e4280da4fc8,2024-09-01,-3502.47,-4634.62,-4634.62,-3533.653333333333,-5024.245507339163,-5038.109504940558,-5037.542912597656
70a5c29b-f186-58fc-a21a-4e4280da4fc8,2024-10-01,3319.08,-3502.47,-3502.47,-3494.16,-3967.352506252155,-3971.059263493798,-3728.0930316162107
70a5c29b-f186-58fc-a21a-4e4280da4fc8,2024-11-01,2967.13,3319.08,3319.08,-1606.0033333333333,2579.1341632308395,2600.0762875016635,2609.407453613281
70c183a8-3b79-5045-9f9f-2a9bce6dfd2d,2022-01-01,15897.78,,-13252.345000000001,-13252.345000000001,-599.9161128181978,-584.6049202465573,-976.0215454101562
70c183a8-3b79-5045-9f9f-2a9bce6dfd2d,2022-02-01,-5954.43,15897.78,15897.78,15897.78,15205.418551440815,15224.829241892197,13535.1950390625
70c183a8-3b79-5045-9f9f-2a9bce6dfd2d,2022-03-01,-1959.9,-5954.43,-5954.43,4971.675,-6351.819094393568,-6366.564649512549,-6187.523826293946
70c183a8-3b79-5045-9f9f-2a9bce6dfd2d,2022-04-01,25592.48,-1959.9,-1959.9,2661.15,-2611.149334757684,-2600.8832059918013,-2541.028601074219
70c183a8-3b79-5045-9f9f-2a9bce6dfd2d,2022-05-01,22545.97,25592.48,25592.48,5892.716666666666,24605.52312408453,24652.501512506922,21958.3676953125
70c183a8-3b79-5045-9f9f-2a9bce6dfd2d,2022-06-01,36863.86,22545.97,22545.97,15392.849999999999,21592.707370650543,21634.284385565246,19517.573759765626
70c183a8-3b79-5045-9f9f-2a9bce6dfd2d,2022-07-01,24777.21,36863.86,36863.86,28334.103333333333,35461.749643814444,35543.18156528219,31873.4996484375
70c183a8-3b79-5045-9f9f-2a9bce6dfd2d,2022-08-01,36018.81,24777.21,24777.21,28062.346666666668,23740.68702391091,23785.209731136143,24906.66635986328
70c183a8-3b79-5045-9f9f-2a9bce6dfd2d,2022-09-01,-19499.89,36018.81,36018.81,32553.293333333335,34602.42144865472,34690.46484967914,29858.080019531248
70c183a8-3b79-5045-9f9f-2a9bce6dfd2d,2022-10-01,-2091.66,-19499.89,-19499.89,13765.376666666665,-19341.76873250953,-19430.762366760107,-10597.298203125
70c183a8-3b79-5045-9f9f-2a9bce6dfd2d,2022-11-01,-2484.27,-2091.66,-2091.66,4809.086666666666,-2685.570816648107,-2685.861984756515,3642.91763671875
70c183a8-3b79-5045-9f9f-2a9bce6dfd2d,2022-12-01,67316.7,-2484.27,-2484.27,-8025.2733333333335,-2708.301813846073,-2746.172728387546,4738.62453125
70c183a8-3b79-5045-9f9f-2a9bce6dfd2d,2023-01-01,2912.92,67316.7,67316.7,20913.59,65311.89978221685,65452.728151844836,64754.80278320312
70c183a8-3b79-5045-9f9f-2a9bce6dfd2d,2023-02-01,6970.22,2912.92,2912.92,22581.78333333333,2615.153633596772,2570.177210158733,9891.07478515625
70c183a8-3b79-5045-9f9f-2a9bce6dfd2d,2023-03-01,12359.38,6970.22,6970.22,25733.28,6079.209756793025,6099.594397222312,11620.928984375001
70c183a8-3b79-5045-9f9f-2a9bce6dfd2d,2023-04-01,-2969.43,12359.38,12359.38,7414.173333333332,11853.072268267773,11843.219019909582,15519.285029296874
70c183a8-3b79-5045-9f9f-2a9bce6dfd2d,2023-05-01,41333.55,-2969.43,-2969.43,5453.389999999999,-3345.1242839834804,-3376.1996144754107,4749.92888671875
70c183a8-3b79-5045-9f9f-2a9bce6dfd2d,2023-06-01,22933.72,41333.55,41333.55,16907.833333333332,39967.57253641226,40044.171936253864,39349.37165527344
70c183a8-3b79-5045-9f9f-2a9bce6dfd2d,2023-07-01,-12936.21,22933.72,22933.72,20432.613333333335,22100.406786278305,22119.74440180313,25584.31912109375
70c183a8-3b79-5045-9f9f-2a9bce6dfd2d,2023-08-01,-2590.8,-12936.21,-12936.21,17110.353333333336,-13319.269623850463,-13351.97729519648,-5044.901894531249
70c183a8-3b79-5045-9f9f-2a9bce6dfd2d,2023-09-01,12926.32,-2590.8,-2590.8,2468.903333333334,-2876.4504942017375,-2920.672187515502,6152.75859375
70c183a8-3b79-5045-9f9f-2a9bce6dfd2d,2023-10-01,19712.8,12926.32,12926.32,-866.8966666666662,12296.831024249548,12292.899567758068,17409.8385546875
70c183a8-3b79-5045-9f9f-2a9bce6dfd2d,2023-11-01,24809.19,19712.8,19712.8,10016.106666666667,18765.645482857526,18798.18948566088,18564.702221679687
70c183a8-3b79-5045-9f9f-2a9bce6dfd2d,2023-12-01,37293.92,24809.19,24809.19,19149.436666666665,23717.97469299859,23767.272877341897,22832.034116210936
70c183a8-3b79-5045-9f9f-2a9bce6dfd2d,2024-01-01,8367.77,37293.92,37293.92,27271.97,36116.772571531204,36171.3768034398,32370.88484375
70c183a8-3b79-5045-9f9f-2a9bce6dfd2d,2024-02-01,9118.29,8367.77,8367.77,23490.293333333335,7868.427215282595,7853.547036495657,9616.49802734375
70c183a8-3b79-5045-9f9f-2a9bce6dfd2d,2024-03-01,3470.08,9118.29,9118.29,18259.993333333332,8571.364281230257,8562.748911716511,8228.549582519532
70c183a8-3b79-5045-9f9f-2a9bce6dfd2d,2024-04-01,1255.43,3470.08,3470.08,6985.38,2952.451566863407,2950.542365669391,5048.823774414062
70c183a8-3b79-5045-9f9f-2a9bce6dfd2d,2024-05-01,20019.04,1255.43,1255.43,4614.6,604.8135208141682,617.3630368075761,2461.8736035156253
70c183a8-3b79-5045-9f9f-2a9bce6dfd2d,2024-06-01,20036.03,20019.04,20019.04,8248.183333333334,19063.043137797184,19104.030586643963,18308.229208984376
70c183a8-3b79-5045-9f9f-2a9bce6dfd2d,2024-07-01,28872.28,20036.03,20036.03,13770.166666666666,19002.338606847752,19046.594326267783,17764.9235546875
70c183a8-3b79-5045-9f9f-2a9bce6dfd2d,2024-08-01,21111.46,28872.28,28872.28,22975.783333333336,27354.65649276483,27456.58860092934,23781.4899609375
70c183a8-3b79-5045-9f9f-2a9bce6dfd2d,2024-09-01,48826.18,21111.46,21111.46,23339.92333333333,19899.961643460025,19969.8301736667,21860.460366210937
70c183a8-3b79-5045-9f9f-2a9bce6dfd2d,2024-10-01,32440.1,48826.18,48826.18,32936.64,47060.26748843112,47189.016074262276,43215.94611328125
70c183a8-3b79-5045-9f9f-2a9bce6dfd2d,2024-11-01,-23259.33,32440.1,32440.1,34125.91333333333,31315.922309439506,31372.052019116403,31317.73146972656
7130475e-8cbd-5925-8540-4274bc0927e2,2022-01-01,-869.44,,-13252.345000000001,-13252.345000000001,-599.9161128181978,-584.6049202465573,-976.0215454101562
7130475e-8cbd-5925-8540-4274bc0927e2,2022-02-01,-866.7,-869.44,-869.44,-869.44,-1453.8054635203962,-1443.1198679871163,-3072.585263671875
7130475e-8cbd-5925-8540-4274bc0927e2,2022-03-01,-3507.93,-866.7,-866.7,-868.07,-1521.1673015812207,-1502.1047233393258,-2911.198779296875
7130475e-8cbd-5925-8540-4274bc0927e2,2022-04-01,-4448.61,-3507.93,-3507.93,-1748.0233333333333,-4110.388468004097,-4098.326172926348,-5509.443671875
7130475e-8cbd-5925-8540-4274bc0927e2,2022-05-01,-6883.62,-4448.61,-4448.61,-2941.08,-5089.622629336168,-5071.83353228297,-5779.485366210937
7130475e-8cbd-5925-8540-4274bc0927e2,2022-06-01,-8139.13,-6883.62,-6883.62,-4946.72,-7424.826503020842,-7419.881436615365,-7828.977727050781
7130475e-8cbd-5925-8540-4274bc0927e2,2022-07-01,-8633.63,-8139.13,-8139.13,-6490.453333333334,-8603.905936648016,-8606.724616151574,-9035.261225585939
7130475e-8cbd-5925-8540-4274bc0927e2,2022-08-01,-8426.11,-8633.63,-8633.63,-7885.459999999999,-9071.26131061263,-9077.592006756913,-9624.689936523437
7130475e-8cbd-5925-8540-4274bc0927e2,2022-09-01,-8397.53,-8426.11,-8426.11,-8399.623333333333,-8951.30977029714,-8946.033065269721,-8886.5621484375
7130475e-8cbd-5925-8540-4274bc0927e2,2022-10-01,-7950.89,-8397.53,-8397.53,-8485.756666666666,-8953.563339870936,-8945.12686593384,-8621.511353759766
7130475e-8cbd-5925-8540-4274bc0927e2,2022-11-01,-7542.25,-7950.89,-7950.89,-8258.176666666668,-8586.928909090233,-8569.118372595964,-8151.526260986328
7130475e-8cbd-5925-8540-4274bc0927e2,2022-12-01,-13129.9,-7542.25,-7542.25,-7963.556666666666,-8218.451908763804,-8195.64263616808,-7906.712463378906
7130475e-8cbd-5925-8540-4274bc0927e2,2023-01-01,-13583.05,-13129.9,-13129.9,-9541.013333333334,-13522.710245762606,-13535.854272271798,-13146.77699508667
7130475e-8cbd-5925-8540-4274bc0927e2,2023-02-01,-12442.66,-13583.05,-13583.05,-11418.4,-14056.422664167923,-14058.405861782781,-13118.984906005859
7130475e-8cbd-5925-8540-4274bc0927e2,2023-03-01,-12103.79,-12442.66,-12442.66,-13051.87,-12947.537128203425,-12945.393382935014,-12161.835354003906
7130475e-8cbd-5925-8540-4274bc0927e2,2023-04-01,-15752.93,-12103.79,-12103.79,-12709.833333333334,-12624.463016348664,-12621.071758315165,-12300.15344909668
7130475e-8cbd-5925-8540-4274bc0927e2,2023-05-01,-15995.93,-15752.93,-15752.93,-13433.126666666669,-16118.20567846174,-16134.091540923244,-15195.790229492188
7130475e-8cbd-5925-8540-4274bc0927e2,2023-06-01,-16400.58,-15995.93,-15995.93,-14617.550000000001,-16486.687413292104,-16485.306995029463,-16085.260947875977
7130475e-8cbd-5925-8540-4274bc0927e2,2023-07-01,-20230.56,-16400.58,-16400.58,-16049.813333333334,-16879.980801154386,-16880.23207347738,-17330.88993652344
7130475e-8cbd-5925-8540-4274bc0927e2,2023-08-01,-19558.49,-20230.56,-20230.56,-17542.356666666667,-20540.944668426506,-20561.57613007142,-20521.113192138673
7130475e-8cbd-5925-8540-4274bc0927e2,2023-09-01,-19320.19,-19558.49,-19558.49,-18729.876666666667,-20006.069253750095,-20008.720273584262,-19614.79997467041
7130475e-8cbd-5925-8540-4274bc0927e2,2023-10-01,-19140.06,-19320.19,-19320.19,-19703.08,-19778.093548989833,-19778.475793537866,-19645.39703125
7130475e-8cbd-5925-8540-4274bc0927e2,2023-11-01,-19419.08,-19140.06,-19140.06,-19339.58,-19630.4945084869,-19628.25362767718,-19359.067614135743
7130475e-8cbd-5925-8540-4274bc0927e2,2023-12-01,-21315.46,-19419.08,-19419.08,-19293.11,-19891.004423846975,-19891.171386744936,-19849.555646972658
7130475e-8cbd-5925-8540-4274bc0927e2,2024-01-01,-20464.84,-21315.46,-21315.46,-19958.2,-21709.301714091638,-21719.56343405571,-21338.253193817138
7130475e-8cbd-5925-8540-4274bc0927e2,2024-02-01,-25021.81,-20464.84,-20464.84,-20399.793333333335,-20900.988927760773,-20906.324299495333,-20611.445026245117
7130475e-8cbd-5925-8540-4274bc0927e2,2024-03-01,-25367.49,-25021.81,-25021.81,-22267.37,-25291.750448624036,-25316.388568993385,-24100.52112060547
7130475e-8cbd-5925-8540-4274bc0927e2,2024-04-01,-26288.18,-25367.49,-25367.49,-23618.046666666665,-25671.349880261532,-25691.16355028772,-26126.843149414064
7130475e-8cbd-5925-8540-4274bc0927e2,2024-05-01,-27002.75,-26288.18,-26288.18,-25559.16,-26569.695410405886,-26591.026460375502,-27395.721015625
7130475e-8cbd-5925-8540-4274bc0927e2,2024-06-01,-27569.76,-27002.75,-27002.75,-26219.47333333333,-27359.392130644428,-27371.776473137543,-27149.85223388672
7130475e-8cbd-5925-8540-4274bc0927e2,2024-07-01,-22441.69,-27569.76,-27569.76,-26953.563333333335,-27902.088009671057,-27917.39497900697,-29001.96178222656
7130475e-8cbd-5925-8540-4274bc0927e2,2024-08-01,-30234.17,-22441.69,-22441.69,-25671.399999999998,-22867.837245035735,-22875.102088055148,-24440.72857421875
7130475e-8cbd-5925-8540-4274bc0927e2,2024-09-01,-32503.59,-30234.17,-30234.17,-26748.539999999997,-30447.213569511194,-30478.411251866637,-31667.99336425781
7130475e-8cbd-5925-8540-4274bc0927e2,2024-10-01,-32062.88,-32503.59,-32503.59,-28393.149999999998,-32672.53742306459,-32708.850340632052,-33252.31943115234
7130475e-8cbd-5925-8540-4274bc0927e2,2024-11-01,-41072.88,-32062.88,-32062.88,-31600.213333333333,-32300.940142325864,-32327.03681718,-33557.607539062505
73b44c88-fd49-52c6-a2fb-1cf61c8a7ad8,2022-01-01,-3226.71,,-13252.345000000001,-13252.345000000001,-599.9161128181978,-584.6049202465573,-976.0215454101562
73b44c88-fd49-52c6-a2fb-1cf61c8a7ad8,2022-02-01,-5857.53,-3226.71,-3226.71,-3226.71,-3770.789761479439,-3764.476647586627,-6679.55521484375
73b44c88-fd49-52c6-a2fb-1cf61c8a7ad8,2022-03-01,-10443.91,-5857.53,-5857.53,-4542.12,-6389.55884037676,-6385.945607452837,-9248.618867187499
73b44c88-fd49-52c6-a2fb-1cf61c8a7ad8,2022-04-01,-16383.83,-10443.91,-10443.91,-6509.383333333332,-10943.114450249672,-10943.246147655407,-13732.823818359375
73b44c88-fd49-52c6-a2fb-1cf61c8a7ad8,2022-05-01,-19111.34,-16383.83,-16383.83,-10895.089999999998,-16789.433196594186,-16799.15082424231,-19728.84708984375
73b44c88-fd49-52c6-a2fb-1cf61c8a7ad8,2022-06-01,-21313.04,-19111.34,-19111.34,-15313.026666666667,-19539.787446336093,-19545.879164431517,-22060.3663671875
73b44c88-fd49-52c6-a2fb-1cf61c8a7ad8,2022-07-01,-29203.89,-21313.04,-21313.04,-18936.070000000003,-21462.296337715175,-21499.924233449277,-23750.768759765626
73b44c88-fd49-52c6-a2fb-1cf61c8a7ad8,2022-08-01,-26860.15,-29203.89,-29203.89,-23209.423333333336,-29121.073103009534,-29188.14846140572,-31027.327744140624
73b44c88-fd49-52c6-a2fb-1cf61c8a7ad8,2022-09-01,-24603.9,-26860.15,-26860.15,-25792.36,-27076.145873450296,-27105.660269599855,-26328.685095214845
73b44c88-fd49-52c6-a2fb-1cf61c8a7ad8,2022-10-01,-24392.58,-24603.9,-24603.9,-26889.313333333335,-24942.103054343806,-24957.136009005764,-24010.98837890625
73b44c88-fd49-52c6-a2fb-1cf61c8a7ad8,2022-11-01,-23762.91,-24392.58,-24392.58,-25285.543333333335,-24810.099889885274,-24817.026041690046,-24497.66672332764
73b44c88-fd49-52c6-a2fb-1cf61c8a7ad8,2022-12-01,-24658.89,-23762.91,-23762.91,-24253.130000000005,-24231.60475497776,-24233.15274374583,-23836.37696472168
73b44c88-fd49-52c6-a2fb-1cf61c8a7ad8,2023-01-01,-23710.28,-24658.89,-24658.89,-24271.460000000003,-25072.81489902114,-25082.049125318223,-24905.24774230957
73b44c88-fd49-52c6-a2fb-1cf61c8a7ad8,2023-02-01,-22211.0,-23710.28,-23710.28,-24044.02666666667,-24341.22305766227,-24325.12437431569,-23940.735429077147
73b44c88-fd49-52c6-a2fb-1cf61c8a7ad8,2023-03-01,-22872.18,-22211.0,-22211.0,-23526.72333333333,-22881.784106928942,-22859.115782038225,-22491.903594970703
73b44c88-fd49-52c6-a2fb-1cf61c8a7ad8,2023-04-01,-23726.83,-22872.18,-22872.18,-22931.153333333332,-23403.5539749681,-23397.578051581957,-23542.616401367188
73b44c88-fd49-52c6-a2fb-1cf61c8a7ad8,2023-05-01,-23667.81,-23726.83,-23726.83,-22936.670000000002,-24252.197650575363,-24246.556745938884,-24117.932996826174
73b44c88-fd49-52c6-a2fb-1cf61c8a7ad8,2023-06-01,-23555.2,-23667.81,-23667.81,-23422.273333333334,-24161.680451384553,-24159.08278000319,-23851.16125732422
73b44c88-fd49-52c6-a2fb-1cf61c8a7ad8,2023-07-01,-24315.61,-23555.2,-23555.2,-23649.946666666667,-24054.93880057461,-24052.055264634288,-23808.847369384766
73b44c88-fd49-52c6-a2fb-1cf61c8a7ad8,2023-08-01,-24091.46,-24315.61,-24315.61,-23846.206666666665,-24799.40989584566,-24797.970131738955,-24031.543715820313
73b44c88-fd49-52c6-a2fb-1cf61c8a7ad8,2023-09-01,-24014.33,-24091.46,-24091.46,-23987.423333333336,-24556.872281593885,-24557.201889341854,-24348.769814453124
73b44c88-fd49-52c6-a2fb-1cf61c8a7ad8,2023-10-01,-23305.05,-24014.33,-24014.33,-24140.466666666664,-24479.130321958106,-24479.868273525622,-24109.94979675293
73b44c88-fd49-52c6-a2fb-1cf61c8a7ad8,2023-11-01,-23744.3,-23305.05,-23305.05,-23803.61333333333,-23829.822803570354,-23823.38479513102,-23666.043103027343
73b44c88-fd49-52c6-a2fb-1cf61c8a7ad8,2023-12-01,-24487.85,-23744.3,-23744.3,-23687.89333333333,-24214.27316509658,-24215.614445268384,-23928.651486206054
73b44c88-fd49-52c6-a2fb-1cf61c8a7ad8,2024-01-01,-23058.7,-24487.85,-24487.85,-23845.733333333334,-24936.122769473444,-24938.85079413444,-24466.836139297484
73b44c88-fd49-52c6-a2fb-1cf61c8a7ad8,2024-02-01,-22939.24,-23058.7,-23058.7,-23763.61666666667,-23645.233386843844,-23631.135292986626,-22907.694583129884
73b44c88-fd49-52c6-a2fb-1cf61c8a7ad8,2024-03-01,-24413.98,-22939.24,-22939.24,-23495.263333333336,-23470.037745551832,-23463.57699433468,-23093.34401916504
73b44c88-fd49-52c6-a2fb-1cf61c8a7ad8,2024-04-01,-24175.71,-24413.98,-24413.98,-23470.64,-24836.64749659917,-24843.79930325096,-23863.885517578125
73b44c88-fd49-52c6-a2fb-1cf61c8a7ad8,2024-05-01,-24239.2,-24175.71,-24175.71,-23842.97666666667,-24606.670043443173,-24612.166911352386,-24225.25321670532
73b44c88-fd49-52c6-a2fb-1cf61c8a7ad8,2024-06-01,-24519.2,-24239.2,-24239.2,-24276.296666666665,-24665.76842845443,-24671.841554245002,-24414.758975219727
73b44c88-fd49-52c6-a2fb-1cf61c8a7ad8,2024-07-01,-26467.68,-24519.2,-24519.2,-24311.37,-24995.89559824745,-24995.489806789228,-25086.555285644532
73b44c88-fd49-52c6-a2fb-1cf61c8a7ad8,2024-08-01,-33233.23,-26467.68,-26467.68,-25075.36,-26801.524341171607,-26817.97927184817,-27932.70734375
73b44c88-fd49-52c6-a2fb-1cf61c8a7ad8,2024-09-01,-35653.09,-33233.23,-33233.23,-28073.37,-33196.85263526312,-33260.12476360456,-35317.85524414063
73b44c88-fd49-52c6-a2fb-1cf61c8a7ad8,2024-10-01,-38799.73,-35653.09,-35653.09,-31784.666666666668,-35795.99199953264,-35831.48348201331,-37016.39249023437
73b44c88-fd49-52c6-a2fb-1cf61c8a7ad8,2024-11-01,-33935.15,-38799.73,-38799.73,-35895.350000000006,-38815.85455112909,-38865.40615214808,-40243.73915527344
73db1d31-5181-5bce-860a-197ce3ead6a5,2022-01-01,-579.62,,-13252.345000000001,-13252.345000000001,-599.9161128181978,-584.6049202465573,-976.0215454101562
73db1d31-5181-5bce-860a-197ce3ead6a5,2022-02-01,-1441.26,-579.62,-579.62,-579.62,-1178.2209929580213,-1165.6978069286674,-1980.6196337890624
73db1d31-5181-5bce-860a-197ce3ead6a5,2022-03-01,-2112.64,-1441.26,-1441.26,-1010.44,-2049.0917207134353,-2035.6493596651278,-3081.4998681640627
73db1d31-5181-5bce-860a-197ce3ead6a5,2022-04-01,-3062.04,-2112.64,-2112.64,-1377.84,-2794.1658542107793,-2771.792520317276,-3391.5563818359374
73db1d31-5181-5bce-860a-197ce3ead6a5,2022-05-01,-3207.86,-3062.04,-3062.04,-2205.3133333333335,-3695.592241694996,-3679.6714078698183,-3574.7408056640625
73db1d31-5181-5bce-860a-197ce3ead6a5,2022-06-01,-3734.86,-3207.86,-3207.86,-2794.18,-3883.473804809378,-3861.4678846268,-3607.347548828125
73db1d31-5181-5bce-860a-197ce3ead6a5,2022-07-01,-4628.73,-3734.86,-3734.86,-3334.92,-4285.904039504434,-4279.273266842333,-4264.670180664063
73db1d31-5181-5bce-860a-197ce3ead6a5,2022-08-01,-6388.2,-4628.73,-4628.73,-3857.15,-5141.6944860826525,-5139.859423334347,-5001.293598632812
73db1d31-5181-5bce-860a-197ce3ead6a5,2022-09-01,-7210.92,-6388.2,-6388.2,-4917.263333333333,-6826.730589973054,-6833.41120440176,-7459.60673828125
73db1d31-5181-5bce-860a-197ce3ead6a5,2022-10-01,-8281.64,-7210.92,-7210.92,-6075.95,-7757.701174250165,-7749.744815973826,-7412.91787902832
73db1d31-5181-5bce-860a-197ce3ead6a5,2022-11-01,-8676.73,-8281.64,-8281.64,-7293.586666666666,-8772.815425434426,-8772.253006197534,-9243.46647705078
73db1d31-5181-5bce-860a-197ce3ead6a5,2022-12-01,-10249.54,-8676.73,-8676.73,-8056.43,-9209.113529571454,-9202.769060260553,-9116.173786621093
73db1d31-5181-5bce-860a-197ce3ead6a5,2023-01-01,-9401.22,-10249.54,-10249.54,-9069.303333333333,-10715.522897614175,-10717.335217006563,-11193.624411621095
73db1d31-5181-5bce-860a-197ce3ead6a5,2023-02-01,-9630.95,-9401.22,-9401.22,-9442.496666666668,-9999.58238997857,-9985.415071310032,-9439.874682159423
73db1d31-5181-5bce-860a-197ce3ead6a5,2023-03-01,-10326.67,-9630.95,-9630.95,-9760.57,-10213.173857836076,-10200.964732966626,-9911.209674072266
73db1d31-5181-5bce-860a-197ce3ead6a5,2023-04-01,-11223.42,-10326.67,-10326.67,-9786.28,-10922.336485554799,-10908.586368468472,-10990.826372070313
73db1d31-5181-5bce-860a-197ce3ead6a5,2023-05-01,-11682.01,-11223.42,-11223.42,-10393.68,-11786.551719383378,-11777.138074082424,-11859.522416992188
73db1d31-5181-5bce-860a-197ce3ead6a5,2023-06-01,-12428.67,-11682.01,-11682.01,-11077.366666666667,-12226.198838401499,-12219.19705683682,-12305.547963867188
73db1d31-5181-5bce-860a-197ce3ead6a5,2023-07-01,-13110.52,-12428.67,-12428.67,-11778.033333333333,-12990.837049682272,-12981.242587464114,-13163.307451171875
73db1d31-5181-5bce-860a-197ce3ead6a5,2023-08-01,-14729.95,-13110.52,-13110.52,-12407.066666666668,-13643.201522470146,-13636.5354110642,-13947.615153808594
73db1d31-5181-5bce-860a-197ce3ead6a5,2023-09-01,-16114.86,-14729.95,-14729.95,-13423.046666666667,-15197.62487892139,-15198.700364970326,-15751.538928222657
73db1d31-5181-5bce-860a-197ce3ead6a5,2023-10-01,-16430.76,-16114.86,-16114.86,-14651.776666666667,-16558.534822004105,-16561.782211522295,-16458.167220458985
73db1d31-5181-5bce-860a-197ce3ead6a5,2023-11-01,-18688.12,-16430.76,-16430.76,-15758.523333333333,-16903.083455603686,-16903.558191198856,-17096.16362548828
73db1d31-5181-5bce-860a-197ce3ead6a5,2023-12-01,-21175.84,-18688.12,-18688.12,-17077.913333333334,-19044.928178664017,-19058.689302065228,-19832.134038085936
73db1d31-5181-5bce-860a-197ce3ead6a5,2024-01-01,-20792.86,-21175.84,-21175.84,-18764.906666666666,-21515.129985310716,-21530.476156345285,-21951.498264160156
73db1d31-5181-5bce-860a-197ce3ead6a5,2024-02-01,-22651.57,-20792.86,-20792.86,-20218.94,-21187.028491528185,-21195.68296651094,-21244.495864257813
73db1d31-5181-5bce-860a-197ce3ead6a5,2024-03-01,-24080.17,-22651.57,-22651.57,-21540.09,-23075.040560017336,-23076.254081519342,-22938.5826953125
73db1d31-5181-5bce-860a-197ce3ead6a5,2024-04-01,-25511.65,-24080.17,-24080.17,-22508.2,-24452.762603635714,-24463.57823343077,-24805.796342773436
73db1d31-5181-5bce-860a-197ce3ead6a5,2024-05-01,-26079.65,-25511.65,-25511.65,-24081.13,-25775.635359496882,-25800.06400956734,-26704.167578125
73db1d31-5181-5bce-860a-197ce3ead6a5,2024-06-01,-25749.47,-26079.65,-26079.65,-25223.823333333334,-26440.23725564191,-26451.289239586735,-26947.271032714845
73db1d31-5181-5bce-860a-197ce3ead6a5,2024-07-01,-26198.82,-25749.47,-25749.47,-25780.256666666668,-26124.061376539703,-26134.107027812537,-27049.535185546876
73db1d31-5181-5bce-860a-197ce3ead6a5,2024-08-01,-29510.42,-26198.82,-26198.82,-26009.313333333335,-26580.035378585835,-26589.204641093023,-27279.796684570312
73db1d31-5181-5bce-860a-197ce3ead6a5,2024-09-01,-33773.04,-29510.42,-29510.42,-27152.903333333332,-29760.371155734185,-29785.149176005933,-31554.05244628906
73db1d31-5181-5bce-860a-197ce3ead6a5,2024-10-01,-30639.29,-33773.04,-33773.04,-29827.426666666666,-33924.564434397085,-33959.692852775705,-34372.261923828126
73db1d31-5181-5bce-860a-197ce3ead6a5,2024-11-01,-30210.41,-30639.29,-30639.29,-31307.583333333332,-30885.409383783364,-30911.642120594788,-31822.7929296875
73e41756-7c9b-56cf-bbcb-0015287fee21,2022-01-01,-34953.73,,-13252.345000000001,-13252.345000000001,-599.9161128181978,-584.6049202465573,-976.0215454101562
73e41756-7c9b-56cf-bbcb-0015287fee21,2022-02-01,-19001.53,-34953.73,-34953.73,-34953.73,-35357.527719973645,-35374.19853433668,-34712.749500732425
73e41756-7c9b-56cf-bbcb-0015287fee21,2022-03-01,-31532.18,-19001.53,-19001.53,-26977.63,-19523.806956937497,-19528.53096458095,-19580.224030761718
73e41756-7c9b-56cf-bbcb-0015287fee21,2022-04-01,-48214.42,-31532.18,-31532.18,-28495.813333333335,-31771.477402822078,-31814.382551027524,-31251.43735473633
73e41756-7c9b-56cf-bbcb-0015287fee21,2022-05-01,-43550.06,-48214.42,-48214.42,-32916.043333333335,-48318.87043623073,-48373.928494506836,-47568.95009033203
73e41756-7c9b-56cf-bbcb-0015287fee21,2022-06-01,-61096.5,-43550.06,-43550.06,-41098.886666666665,-43760.79053181318,-43801.00285382261,-44449.41345458984
73e41756-7c9b-56cf-bbcb-0015287fee21,2022-07-01,-9743.29,-61096.5,-61096.5,-50953.659999999996,-60811.139787577995,-60910.92025841046,-58044.21533203125
73e41756-7c9b-56cf-bbcb-0015287fee21,2022-08-01,19162.48,-9743.29,-9743.29,-38129.950000000004,-10579.964465722229,-10562.214991740262,-13703.734580078126
73e41756-7c9b-56cf-bbcb-0015287fee21,2022-09-01,-11023.45,19162.48,19162.48,-17225.77,17786.957405767615,17859.50659185756,15774.697529296875
73e41756-7c9b-56cf-bbcb-0015287fee21,2022-10-01,-77948.4,-11023.45,-11023.45,-534.753333333334,-11829.194341908575,-11824.966963961133,-14333.471728515626
73e41756-7c9b-56cf-bbcb-0015287fee21,2022-11-01,-11246.6,-77948.4,-77948.4,-23269.789999999997,-77318.70708301222,-77464.52707416628,-69510.5376953125
73e41756-7c9b-56cf-bbcb-0015287fee21,2022-12-01,-6070.64,-11246.6,-11246.6,-33406.15,-11799.336910502094,-11817.911787225887,-8027.58779296875
73e41756-7c9b-56cf-bbcb-0015287fee21,2023-01-01,-43443.82,-6070.64,-6070.64,-31755.213333333333,-6272.8992606229995,-6339.821841260971,-7882.951767578125
73e41756-7c9b-56cf-bbcb-0015287fee21,2023-02-01,-57712.16,-43443.82,-43443.82,-20253.686666666665,-43675.31018161305,-43724.7386876113,-41534.17827636719
73e41756-7c9b-56cf-bbcb-0015287fee21,2023-03-01,-40216.78,-57712.16,-57712.16,-35742.20666666667,-57567.82955092285,-57649.98047716949,-48774.6336328125
73e41756-7c9b-56cf-bbcb-0015287fee21,2023-04-01,-36723.5,-40216.78,-40216.78,-47124.253333333334,-40276.11265645437,-40337.892051059556,-34261.51193359375
73e41756-7c9b-56cf-bbcb-0015287fee21,2023-05-01,-57176.89,-36723.5,-36723.5,-44884.14666666667,-36853.51900709463,-36905.988800428786,-37432.35900878906
73e41756-7c9b-56cf-bbcb-0015287fee21,2023-06-01,-10090.9,-57176.89,-57176.89,-44705.72333333333,-56944.679230682865,-57040.63143983828,-50377.2093359375
73e41756-7c9b-56cf-bbcb-0015287fee21,2023-07-01,71191.65,-10090.9,-10090.9,-34663.76333333333,-10879.661456828726,-10869.388467277338,-8656.294653320312
73e41756-7c9b-56cf-bbcb-0015287fee21,2023-08-01,-24580.17,71191.65,71191.65,1307.953333333331,68843.29062034292,69010.52557267685,65785.42001953124
73e41756-7c9b-56cf-bbcb-0015287fee21,2023-09-01,-45355.05,-24580.17,-24580.17,12173.526666666665,-24756.88250424049,-24832.919408141828,-28506.984453125
73e41756-7c9b-56cf-bbcb-0015287fee21,2023-10-01,4126.91,-45355.05,-45355.05,418.8099999999977,-45405.43247003756,-45486.969105885444,-37159.9689453125
73e41756-7c9b-56cf-bbcb-0015287fee21,2023-11-01,-96699.57,4126.91,4126.91,-21936.103333333333,3851.884040288866,3797.3858820510923,7471.07748046875
73e41756-7c9b-56cf-bbcb-0015287fee21,2023-12-01,-39269.71,-96699.57,-96699.57,-45975.90333333334,-95279.95364062878,-95516.87397602058,-90635.2213671875
73e41756-7c9b-56cf-bbcb-0015287fee21,2024-01-01,-118382.34,-39269.71,-39269.71,-43947.456666666665,-39556.37829174439,-39608.84836488274,-36618.59720703125
73e41756-7c9b-56cf-bbcb-0015287fee21,2024-02-01,-121226.2,-118382.34,-118382.34,-84783.87333333334,-116576.49574313342,-116843.7962745369,-110455.9562109375
73e41756-7c9b-56cf-bbcb-0015287fee21,2024-03-01,-103618.43,-121226.2,-121226.2,-92959.41666666667,-120400.81267594395,-120562.5019396865,-113307.2615234375
73e41756-7c9b-56cf-bbcb-0015287fee21,2024-04-01,-89676.73,-103618.43,-103618.43,-114408.98999999999,-102664.66885184571,-102829.8873549433,-94834.545234375
73e41756-7c9b-56cf-bbcb-0015287fee21,2024-05-01,-63290.99,-89676.73,-89676.73,-104840.45333333332,-89463.68274241914,-89553.2918434083,-87219.47194335937
73e41756-7c9b-56cf-bbcb-0015287fee21,2024-06-01,-61159.01,-63290.99,-63290.99,-85528.71666666666,-63674.82306298698,-63701.819686518706,-65868.08448242187
73e41756-7c9b-56cf-bbcb-0015287fee21,2024-07-01,38363.76,-61159.01,-61159.01,-71375.57666666666,-61968.25728308989,-61947.63985714361,-62429.700063476565
73e41756-7c9b-56cf-bbcb-0015287fee21,2024-08-01,-13813.49,38363.76,38363.76,-28695.41333333333,35693.433908426094,35909.38938917871,36131.5617578125
73e41756-7c9b-56cf-bbcb-0015287fee21,2024-09-01,62094.81,-13813.49,-13813.49,-12202.913333333332,-14695.726444938211,-14685.875328811628,-16460.364511718748
73e41756-7c9b-56cf-bbcb-0015287fee21,2024-10-01,69616.1,62094.81,62094.81,28881.693333333333,59354.0202183728,59565.010410025265,59849.31805664062
73e41756-7c9b-56cf-bbcb-0015287fee21,2024-11-01,121339.13,69616.1,69616.1,39299.14,68049.74353147454,68123.64009108135,65902.22524414063
77034e27-6977-55f8-b23b-48c38d5be4af,2022-01-01,-7439.05,,-13252.345000000001,-13252.345000000001,-599.9161128181978,-584.6049202465573,-976.0215454101562
77034e27-6977-55f8-b23b-48c38d5be4af,2022-02-01,-15461.02,-7439.05,-7439.05,-7439.05,-7951.416368906259,-7946.632428372373,-11591.1330078125
77034e27-6977-55f8-b23b-48c38d5be4af,2022-03-01,-18431.42,-15461.02,-15461.02,-11450.035,-15847.84495488609,-15859.705248931603,-20015.6928515625
77034e27-6977-55f8-b23b-48c38d5be4af,2022-04-01,-23985.97,-18431.42,-18431.42,-13777.163333333336,-18891.903000052625,-18893.75976503123,-22781.13044921875
77034e27-6977-55f8-b23b-48c38d5be4af,2022-05-01,-26835.24,-23985.97,-23985.97,-19292.803333333333,-24287.224464032643,-24306.55803296905,-26858.278837890626
77034e27-6977-55f8-b23b-48c38d5be4af,2022-06-01,-26839.74,-26835.24,-26835.24,-23084.210000000003,-27200.49533006432,-27213.585018252677,-28363.958872070314
77034e27-6977-55f8-b23b-48c38d5be4af,2022-07-01,-26406.51,-26839.74,-26839.74,-25886.983333333337,-26970.297387690796,-27008.916874799976,-28432.265024414064
77034e27-6977-55f8-b23b-48c38d5be4af,2022-08-01,-28330.45,-26406.51,-26406.51,-26693.83,-26740.66928836505,-26755.334574896824,-27139.719167480467
77034e27-6977-55f8-b23b-48c38d5be4af,2022-09-01,-31393.47,-28330.45,-28330.45,-27192.233333333334,-28649.34991059999,-28664.215102625945,-28919.214282226563
77034e27-6977-55f8-b23b-48c38d5be4af,2022-10-01,-28380.78,-31393.47,-31393.47,-28710.14333333333,-31656.79621407943,-31680.345329403637,-29491.07974121094
77034e27-6977-55f8-b23b-48c38d5be4af,2022-11-01,-29608.5,-28380.78,-28380.78,-29368.233333333334,-28858.24650084166,-28855.21330637685,-28101.18951538086
77034e27-6977-55f8-b23b-48c38d5be4af,2022-12-01,-23040.06,-29608.5,-29608.5,-29794.25,-29909.00760733037,-29929.734520906382,-28600.293701171875
77034e27-6977-55f8-b23b-48c38d5be4af,2023-01-01,-25215.74,-23040.06,-23040.06,-27009.78,-23616.221078538027,-23605.887934853334,-24690.164125976564
77034e27-6977-55f8-b23b-48c38d5be4af,2023-02-01,-30451.6,-25215.74,-25215.74,-25954.766666666666,-25544.46556101359,-25565.528917583608,-26329.88636230469
77034e27-6977-55f8-b23b-48c38d5be4af,2023-03-01,-27089.1,-30451.6,-30451.6,-26235.8,-30726.474749078814,-30752.647873084105,-28711.88759765625
77034e27-6977-55f8-b23b-48c38d5be4af,2023-04-01,-25768.57,-27089.1,-27089.1,-27585.48,-27562.639008476584,-27563.87943112531,-26011.20412597656
77034e27-6977-55f8-b23b-48c38d5be4af,2023-05-01,-26463.6,-25768.57,-25768.57,-27769.756666666664,-26199.602840904106,-26205.671501578516,-25818.45650894165
77034e27-6977-55f8-b23b-48c38d5be4af,2023-06-01,-26379.16,-26463.6,-26463.6,-26440.42333333333,-26935.445137758135,-26935.658299223018,-27430.306909179686
77034e27-6977-55f8-b23b-48c38d5be4af,2023-07-01,-26003.99,-26379.16,-26379.16,-26203.77666666666,-26789.908806252697,-26797.456794985945,-26488.075969848633
77034e27-6977-55f8-b23b-48c38d5be4af,2023-08-01,-27796.99,-26003.99,-26003.99,-26282.25,-26289.050583310276,-26313.24315587305,-26361.951517333986
77034e27-6977-55f8-b23b-48c38d5be4af,2023-09-01,-30736.78,-27796.99,-27796.99,-26726.713333333333,-28210.98848977389,-28217.710504071954,-27919.81173919678
77034e27-6977-55f8-b23b-48c38d5be4af,2023-10-01,-27743.35,-30736.78,-30736.78,-28179.253333333338,-31062.390056813292,-31078.853257022547,-28415.413544921874
77034e27-6977-55f8-b23b-48c38d5be4af,2023-11-01,-32009.69,-27743.35,-27743.35,-28759.039999999997,-28143.69427755245,-28152.74840683648,-27420.396142578124
77034e27-6977-55f8-b23b-48c38d5be4af,2023-12-01,-22430.8,-32009.69,-32009.69,-30163.27333333333,-32239.88789256454,-32268.825382540086,-29754.19244140625
77034e27-6977-55f8-b23b-48c38d5be4af,2024-01-01,-22041.07,-22430.8,-22430.8,-27394.61333333333,-22954.505821966206,-22952.42793890482,-23177.297741699218
77034e27-6977-55f8-b23b-48c38d5be4af,2024-02-01,-27057.74,-22041.07,-22041.07,-25493.853333333333,-22564.35108546126,-22560.782463025,-23931.184013671875
77034e27-6977-55f8-b23b-48c38d5be4af,2024-03-01,-27872.31,-27057.74,-27057.74,-23843.203333333335,-27240.834625869775,-27281.743094031364,-26796.113931884767
77034e27-6977-55f8-b23b-48c38d5be4af,2024-04-01,-27909.47,-27872.31,-27872.31,-25657.039999999997,-28229.848199492328,-28243.78760172042,-28220.166384277345
77034e27-6977-55f8-b23b-48c38d5be4af,2024-05-01,-26200.04,-27909.47,-27909.47,-27613.173333333336,-28291.399690474438,-28300.482361116523,-28134.048216552736
77034e27-6977-55f8-b23b-48c38d5be4af,2024-06-01,-24175.93,-26200.04,-26200.04,-27327.273333333334,-26664.908052745897,-26666.09738690362,-26101.129401245118
77034e27-6977-55f8-b23b-48c38d5be4af,2024-07-01,-26353.99,-24175.93,-24175.93,-26095.146666666667,-24570.411331531624,-24581.747296177677,-25126.053779296875
77034e27-6977-55f8-b23b-48c38d5be4af,2024-08-01,-35356.84,-26353.99,-26353.99,-25576.653333333332,-26734.704433061674,-26744.801648024502,-27148.700266113283
77034e27-6977-55f8-b23b-48c38d5be4af,2024-09-01,-43508.51,-35356.84,-35356.84,-28628.920000000002,-35449.42882903991,-35493.87785943868,-37544.78482421875
77034e27-6977-55f8-b23b-48c38d5be4af,2024-10-01,-40608.49,-43508.51,-43508.51,-35073.113333333335,-43439.830400235645,-43500.88685570517,-43583.241719970705
77034e27-6977-55f8-b23b-48c38d5be4af,2024-11-01,-53035.71,-40608.49,-40608.49,-39824.613333333335,-40662.66775387935,-40708.08827869313,-42364.60584472656
7710e654-2dfa-55f2-879f-34f86c50f137,2022-01-01,-4925.55,,-13252.345000000001,-13252.345000000001,-599.9161128181978,-584.6049202465573,-976.0215454101562
7710e654-2dfa-55f2-879f-34f86c50f137,2022-02-01,-9081.7,-4925.55,-4925.55,-4925.55,-5417.2948525577185,-5418.586495063253,-9132.4044921875
7710e654-2dfa-55f2-879f-34f86c50f137,2022-03-01,-13002.28,-9081.7,-9081.7,-7003.625,-9584.269714551065,-9584.42425983286,-13436.5232421875
7710e654-2dfa-55f2-879f-34f86c50f137,2022-04-01,-21493.69,-13002.28,-13002.28,-9003.176666666668,-13487.666759580221,-13488.426453283751,-16704.57833984375
7710e654-2dfa-55f2-879f-34f86c50f137,2022-05-01,-25148.44,-21493.69,-21493.69,-14525.89,-21921.839828223296,-21923.44282483826,-26884.82525390625
7710e654-2dfa-55f2-879f-34f86c50f137,2022-06-01,-30130.93,-25148.44,-25148.44,-19881.469999999998,-25473.920931832552,-25492.73603753029,-31258.54888671875
7710e654-2dfa-55f2-879f-34f86c50f137,2022-07-01,-37787.02,-30130.93,-30130.93,-25591.02,-30194.306085074477,-30239.825623336677,-35744.0833203125
7710e654-2dfa-55f2-879f-34f86c50f137,2022-08-01,-41427.81,-37787.02,-37787.02,-31022.13,-37666.43156736075,-37736.9570245253,-42267.73923828125
7710e654-2dfa-55f2-879f-34f86c50f137,2022-09-01,-42247.8,-41427.81,-41427.81,-36448.58666666666,-41405.55695619581,-41459.7997424782,-45475.13470703125
7710e654-2dfa-55f2-879f-34f86c50f137,2022-10-01,-44742.11,-42247.8,-42247.8,-40487.543333333335,-42310.70172498459,-42354.99643782584,-44589.05610351563
7710e654-2dfa-55f2-879f-34f86c50f137,2022-11-01,-43450.3,-44742.11,-44742.11,-42805.90666666667,-44813.00517310895,-44856.21634423301,-44849.29714141846
7710e654-2dfa-55f2-879f-34f86c50f137,2022-12-01,-44900.43,-43450.3,-43450.3,-43480.07,-43640.39087388568,-43669.253095221015,-43769.33060913086
7710e654-2dfa-55f2-879f-34f86c50f137,2023-01-01,-43279.87,-44900.43,-44900.43,-44364.280000000006,-45051.396776175396,-45086.32010956136,-45558.03400390625
7710e654-2dfa-55f2-879f-34f86c50f137,2023-02-01,-43186.87,-43279.87,-43279.87,-43876.86666666667,-43592.203169121705,-43607.63343199188,-43947.78607666016
7710e654-2dfa-55f2-879f-34f86c50f137,2023-03-01,-43417.91,-43186.87,-43186.87,-43789.05666666667,-43507.70255947209,-43521.43467233728,-43737.76715576172
7710e654-2dfa-55f2-879f-34f86c50f137,2023-04-01,-43404.82,-43417.91,-43417.91,-43294.88333333333,-43690.894656063996,-43711.87547445977,-44055.09157958985
7710e654-2dfa-55f2-879f-34f86c50f137,2023-05-01,-42728.72,-43404.82,-43404.82,-43336.53333333333,-43731.62579186309,-43745.49735347197,-44103.06993896484
7710e654-2dfa-55f2-879f-34f86c50f137,2023-06-01,-43651.54,-42728.72,-42728.72,-43183.81666666667,-42993.82653988351,-43016.38056749401,-43575.61636230469
7710e654-2dfa-55f2-879f-34f86c50f137,2023-07-01,-43496.49,-43651.54,-43651.54,-43261.693333333336,-43930.131962187246,-43950.55779767065,-44095.41896728516
7710e654-2dfa-55f2-879f-34f86c50f137,2023-08-01,-42959.36,-43496.49,-43496.49,-43292.25,-43743.67223963266,-43769.17323711117,-43839.88321899414
7710e654-2dfa-55f2-879f-34f86c50f137,2023-09-01,-42029.4,-42959.36,-42959.36,-43369.130000000005,-43258.90567226306,-43277.4072147628,-43313.937087402344
7710e654-2dfa-55f2-879f-34f86c50f137,2023-10-01,-42066.99,-42029.4,-42029.4,-42828.416666666664,-42381.94230606884,-42394.46290516634,-42156.85539093018
7710e654-2dfa-55f2-879f-34f86c50f137,2023-11-01,-41969.22,-42066.99,-42066.99,-42351.916666666664,-42412.2796470845,-42425.65522884584,-42106.82843231201
7710e654-2dfa-55f2-879f-34f86c50f137,2023-12-01,-46653.92,-41969.22,-41969.22,-42021.869999999995,-42230.62099276545,-42254.58056641213,-42334.86987182617
7710e654-2dfa-55f2-879f-34f86c50f137,2024-01-01,-45254.32,-46653.92,-46653.92,-43563.37666666667,-46722.48061071072,-46769.21466787614,-47411.6787890625
7710e654-2dfa-55f2-879f-34f86c50f137,2024-02-01,-44474.27,-45254.32,-45254.32,-44625.82,-45455.32017249659,-45485.37913017115,-45016.049568481445
7710e654-2dfa-55f2-879f-34f86c50f137,2024-03-01,-43688.05,-44474.27,-44474.27,-45460.83666666667,-44584.011473265266,-44625.89561566727,-44233.87153198242
7710e654-2dfa-55f2-879f-34f86c50f137,2024-04-01,-43361.45,-43688.05,-43688.05,-44472.21333333334,-43909.422222764406,-43937.707861083036,-44017.81727294922
7710e654-2dfa-55f2-879f-34f86c50f137,2024-05-01,-42844.65,-43361.45,-43361.45,-43841.25666666666,-43607.207600305046,-43630.746709227926,-43800.24296875
7710e654-2dfa-55f2-879f-34f86c50f137,2024-06-01,-42190.53,-42844.65,-42844.65,-43298.05,-43181.52532367068,-43195.67980228306,-43073.02551879883
7710e654-2dfa-55f2-879f-34f86c50f137,2024-07-01,-46983.94,-42190.53,-42190.53,-42798.87666666666,-42534.19042932385,-42548.449130399174,-43390.67123535156
7710e654-2dfa-55f2-879f-34f86c50f137,2024-08-01,-45152.76,-46983.94,-46983.94,-44006.37333333333,-47089.68497624528,-47133.04320448929,-47530.5640234375
7710e654-2dfa-55f2-879f-34f86c50f137,2024-09-01,-48953.57,-45152.76,-45152.76,-44775.74333333334,-45354.024861474776,-45385.474462418126,-47122.82176757813
7710e654-2dfa-55f2-879f-34f86c50f137,2024-10-01,-54059.89,-48953.57,-48953.57,-47030.090000000004,-49058.81408382965,-49099.587107207255,-51443.455009765625
7710e654-2dfa-55f2-879f-34f86c50f137,2024-11-01,-63331.09,-54059.89,-54059.89,-49388.74,-54015.63660211125,-54072.68373368595,-57042.287705078124
7a8bc8f4-e526-5d25-9552-a52cba77eb1a,2022-01-01,-4675.69,,-13252.345000000001,-13252.345000000001,-599.9161128181978,-584.6049202465573,-976.0215454101562
7a8bc8f4-e526-5d25-9552-a52cba77eb1a,2022-02-01,-7799.55,-4675.69,-4675.69,-4675.69,-5176.855159185992,-5176.2306756746775,-8878.708554687499
7a8bc8f4-e526-5d25-9552-a52cba77eb1a,2022-03-01,-10477.87,-7799.55,-7799.55,-6237.62,-8331.495475162186,-8327.015968621352,-12186.34443359375
7a8bc8f4-e526-5d25-9552-a52cba77eb1a,2022-04-01,-14510.73,-10477.87,-10477.87,-7651.036666666667,-11002.581244415514,-11000.582407351967,-13587.394169921876
7a8bc8f4-e526-5d25-9552-a52cba77eb1a,2022-05-01,-18484.02,-14510.73,-14510.73,-10929.383333333333,-14952.707503301128,-14958.884081360062,-18314.490498046875
7a8bc8f4-e526-5d25-9552-a52cba77eb1a,2022-06-01,-23887.21,-18484.02,-18484.02,-14490.873333333335,-18865.023387128207,-18878.277439278463,-23618.629375
7a8bc8f4-e526-5d25-9552-a52cba77eb1a,2022-07-01,-30874.91,-23887.21,-23887.21,-18960.653333333332,-24064.289204818233,-24095.622770109287,-27491.81498046875
7a8bc8f4-e526-5d25-9552-a52cba77eb1a,2022-08-01,-33465.85,-30874.91,-30874.91,-24415.38,-30790.316437633144,-30857.80915691439,-34375.94662109375
7a8bc8f4-e526-5d25-9552-a52cba77eb1a,2022-09-01,-35591.49,-33465.85,-33465.85,-29409.323333333334,-33512.91569356616,-33562.60016689532,-36888.71279296875
7a8bc8f4-e526-5d25-9552-a52cba77eb1a,2022-10-01,-49799.02,-35591.49,-35591.49,-33310.75,-35678.98078119058,-35722.45472769979,-39661.30591796875
7a8bc8f4-e526-5d25-9552-a52cba77eb1a,2022-11-01,-54207.08,-49799.02,-49799.02,-39618.78666666666,-49568.8568193241,-49649.628716091596,-54211.38865234375
7a8bc8f4-e526-5d25-9552-a52cba77eb1a,2022-12-01,-54721.76,-54207.08,-54207.08,-46532.53,-54030.576507831865,-54103.090424809656,-57588.61930664063
7a8bc8f4-e526-5d25-9552-a52cba77eb1a,2023-01-01,-58920.11,-54721.76,-54721.76,-52909.28666666666,-54517.21369861052,-54592.52467175675,-58311.338125
7a8bc8f4-e526-5d25-9552-a52cba77eb1a,2023-02-01,-61561.95,-58920.11,-58920.11,-55949.65,-58764.73312935958,-58834.52494161302,-61444.065810546876
7a8bc8f4-e526-5d25-9552-a52cba77eb1a,2023-03-01,-67072.12,-61561.95,-61561.95,-58401.27333333334,-61459.782150848056,-61522.83878704366,-65306.53837890625
7a8bc8f4-e526-5d25-9552-a52cba77eb1a,2023-04-01,-73459.7,-67072.12,-67072.12,-62518.06,-66888.84733366921,-66959.06035994258,-70371.84338867187
7a8bc8f4-e526-5d25-9552-a52cba77eb1a,2023-05-01,-78087.17,-73459.7,-73459.7,-67364.59000000001,-73146.18001844794,-73231.8016328499,-77554.38994140625
7a8bc8f4-e526-5d25-9552-a52cba77eb1a,2023-06-01,-89281.28,-78087.17,-78087.17,-72872.99666666666,-77785.20681982607,-77867.76151082135,-82857.3643359375
7a8bc8f4-e526-5d25-9552-a52cba77eb1a,2023-07-01,-93754.06,-89281.28,-89281.28,-80276.05,-88638.80666514329,-88763.52649935255,-93607.414765625
7a8bc8f4-e526-5d25-9552-a52cba77eb1a,2023-08-01,-98492.68,-93754.06,-93754.06,-87040.83666666667,-93288.28374180375,-93386.05961039024,-98156.48626953125
7a8bc8f4-e526-5d25-9552-a52cba77eb1a,2023-09-01,-100729.34,-98492.68,-98492.68,-93842.67333333334,-97835.59923947717,-97956.05313792836,-101696.40241210937
7a8bc8f4-e526-5d25-9552-a52cba77eb1a,2023-10-01,-104597.33,-100729.34,-100729.34,-97658.69333333331,-100153.7372677622,-100265.31153777594,-104342.9054296875
7a8bc8f4-e526-5d25-9552-a52cba77eb1a,2023-11-01,-108653.23,-104597.33,-104597.33,-101273.11666666665,-104005.59149322002,-104118.11750853996,-107723.63224609375
7a8bc8f4-e526-5d25-9552-a52cba77eb1a,2023-12-01,-110369.49,-108653.23,-108653.23,-104659.96666666667,-108045.82883887448,-108159.98253265905,-111252.95265625
7a8bc8f4-e526-5d25-9552-a52cba77eb1a,2024-01-01,-111621.51,-110369.49,-110369.49,-107873.34999999999,-109729.77039221108,-109847.18084813254,-112039.97706054688
7a8bc8f4-e526-5d25-9552-a52cba77eb1a,2024-02-01,-112809.12,-111621.51,-111621.51,-110214.74333333333,-111037.08936955809,-111148.65802679842,-111833.77025390624
7a8bc8f4-e526-5d25-9552-a52cba77eb1a,2024-03-01,-115894.67,-112809.12,-112809.12,-111600.04,-112296.27349111182,-112397.58350366396,-113790.41650878906
7a8bc8f4-e526-5d25-9552-a52cba77eb1a,2024-04-01,-114825.01,-115894.67,-115894.67,-113441.76666666666,-115225.4029794883,-115346.65902649779,-115981.75059692383
7a8bc8f4-e526-5d25-9552-a52cba77eb1a,2024-05-01,-114731.28,-114825.01,-114825.01,-114509.59999999999,-114310.67656919363,-114413.09166442804,-114876.31477523803
7a8bc8f4-e526-5d25-9552-a52cba77eb1a,2024-06-01,-114369.24,-114731.28,-114731.28,-115150.31999999999,-114223.06117710151,-114325.3494652088,-115052.50625732422
7a8bc8f4-e526-5d25-9552-a52cba77eb1a,2024-07-01,-119081.93,-114369.24,-114369.24,-114641.84333333334,-113902.42884268185,-114000.34443203271,-114947.17280029297
7a8bc8f4-e526-5d25-9552-a52cba77eb1a,2024-08-01,-135763.6,-119081.93,-119081.93,-116060.81666666665,-118392.26943455082,-118518.00809490921,-120754.18610351562
7a8bc8f4-e526-5d25-9552-a52cba77eb1a,2024-09-01,-149403.02,-135763.6,-135763.6,-123071.59000000001,-134671.4458449146,-134843.18497983774,-139367.66713867188
7a8bc8f4-e526-5d25-9552-a52cba77eb1a,2024-10-01,-150687.78,-149403.02,-149403.02,-134749.51666666666,-148154.7920623276,-148338.1174539306,-152062.0495410156
7a8bc8f4-e526-5d25-9552-a52cba77eb1a,2024-11-01,-166566.53,-150687.78,-150687.78,-145284.80000000002,-149389.51948028468,-149578.3192232275,-154841.52462890625
7b71a68b-b371-5abc-878d-3f104eed9d58,2022-01-01,-2333.03,,-13252.345000000001,-13252.345000000001,-599.9161128181978,-584.6049202465573,-976.0215454101562
7b71a68b-b371-5abc-878d-3f104eed9d58,2022-02-01,-6451.45,-2333.03,-2333.03,-2333.03,-2876.456480557824,-2871.8573933232974,-6298.016328125001
7b71a68b-b371-5abc-878d-3f104eed9d58,2022-03-01,-10058.55,-6451.45,-6451.45,-4392.24,-6973.155393653432,-6970.57576917798,-10829.65947265625
7b71a68b-b371-5abc-878d-3f104eed9d58,2022-04-01,-15690.95,-10058.55,-10058.55,-6281.009999999999,-10562.329621348425,-10561.764016937193,-13599.694287109374
7b71a68b-b371-5abc-878d-3f104eed9d58,2022-05-01,-18997.96,-15690.95,-15690.95,-10733.65,-16077.713543285925,-16090.411550892844,-19014.187548828126
7b71a68b-b371-5abc-878d-3f104eed9d58,2022-06-01,-22994.51,-18997.96,-18997.96,-14915.820000000002,-19404.567923755243,-19414.99563302022,-23391.49076171875
7b71a68b-b371-5abc-878d-3f104eed9d58,2022-07-01,-26294.33,-22994.51,-22994.51,-19227.806666666667,-23099.58504300121,-23144.63910212073,-26582.605703125
7b71a68b-b371-5abc-878d-3f104eed9d58,2022-08-01,-29568.89,-26294.33,-26294.33,-22762.266666666663,-26454.341986782663,-26490.559107137127,-30234.898603515627
7b71a68b-b371-5abc-878d-3f104eed9d58,2022-09-01,-32157.11,-29568.89,-29568.89,-26285.91,-29710.7839373997,-29749.216038293143,-33141.2103125
7b71a68b-b371-5abc-878d-3f104eed9d58,2022-10-01,-33889.43,-32157.11,-32157.11,-29340.11,-32352.435445540814,-32383.35936899386,-35087.01869140625
7b71a68b-b371-5abc-878d-3f104eed9d58,2022-11-01,-37549.37,-33889.43,-33889.43,-31871.81,-34102.47638626122,-34131.66932998444,-36597.536689453125
7b71a68b-b371-5abc-878d-3f104eed9d58,2022-12-01,-40309.97,-37549.37,-37549.37,-34531.97,-37639.72738335382,-37684.321826121464,-39676.5975390625
7b71a68b-b371-5abc-878d-3f104eed9d58,2023-01-01,-41230.53,-40309.97,-40309.97,-37249.59,-40408.28764434808,-40450.46970924586,-42713.29080078125
7b71a68b-b371-5abc-878d-3f104eed9d58,2023-02-01,-41466.89,-41230.53,-41230.53,-39696.62333333333,-41433.04243758533,-41461.82029219788,-43353.834931640624
7b71a68b-b371-5abc-878d-3f104eed9d58,2023-03-01,-44068.1,-41466.89,-41466.89,-41002.46333333333,-41696.295189607496,-41722.24807206423,-42708.1800390625
7b71a68b-b371-5abc-878d-3f104eed9d58,2023-04-01,-46781.25,-44068.1,-44068.1,-42255.17333333333,-44194.83410264395,-44233.22049672606,-46199.52260742187
7b71a68b-b371-5abc-878d-3f104eed9d58,2023-05-01,-54910.31,-46781.25,-46781.25,-44105.41333333333,-46935.534104407445,-46970.2633115368,-48672.943359375
7b71a68b-b371-5abc-878d-3f104eed9d58,2023-06-01,-59821.75,-54910.31,-54910.31,-48586.55333333334,-54803.49626592121,-54869.73091639621,-58515.38446289062
7b71a68b-b371-5abc-878d-3f104eed9d58,2023-07-01,-66853.3,-59821.75,-59821.75,-53837.77,-59680.141957080654,-59747.257773589896,-63578.73388671875
7b71a68b-b371-5abc-878d-3f104eed9d58,2023-08-01,-68707.61,-66853.3,-66853.3,-60528.45333333333,-66566.97083416216,-66649.60225080154,-70347.07368164063
7b71a68b-b371-5abc-878d-3f104eed9d58,2023-09-01,-69802.75,-68707.61,-68707.61,-65127.55333333334,-68504.94877051504,-68576.20675561464,-71394.5738671875
7b71a68b-b371-5abc-878d-3f104eed9d58,2023-10-01,-71178.63,-69802.75,-69802.75,-68454.55333333333,-69624.81612431293,-69693.46613108231,-72025.19555664062
7b71a68b-b371-5abc-878d-3f104eed9d58,2023-11-01,-75068.51,-71178.63,-71178.63,-69896.33,-71055.65410131929,-71117.61667245315,-73099.65111816407
7b71a68b-b371-5abc-878d-3f104eed9d58,2023-12-01,-76460.8,-75068.51,-75068.51,-72016.63,-74808.22727365934,-74888.19630493408,-76898.71495605468
7b71a68b-b371-5abc-878d-3f104eed9d58,2024-01-01,-77414.38,-76460.8,-76460.8,-74235.98,-76210.49773261041,-76290.13938369119,-78321.60322265625
7b71a68b-b371-5abc-878d-3f104eed9d58,2024-02-01,-80121.83,-77414.38,-77414.38,-76314.56333333334,-77241.08447552717,-77309.1227571025,-79648.24669921875
7b71a68b-b371-5abc-878d-3f104eed9d58,2024-03-01,-82890.07,-80121.83,-80121.83,-77999.00333333334,-79904.71189194478,-79977.34631373154,-82442.1971875
7b71a68b-b371-5abc-878d-3f104eed9d58,2024-04-01,-88765.42,-82890.07,-82890.07,-80142.09333333334,-82661.18069044713,-82733.8033396666,-84872.532890625
7b71a68b-b371-5abc-878d-3f104eed9d58,2024-05-01,-91945.86,-88765.42,-88765.42,-83925.77333333333,-88382.0379176142,-88473.84908199217,-91250.96077148437
7b71a68b-b371-5abc-878d-3f104eed9d58,2024-06-01,-95600.23,-91945.86,-91945.86,-87867.11666666665,-91511.7001358997,-91610.03715760844,-94847.65614257813
7b71a68b-b371-5abc-878d-3f104eed9d58,2024-07-01,-101148.57,-95600.23,-95600.23,-92103.83666666667,-95070.97618325097,-95178.1546813778,-98882.59181640625
7b71a68b-b371-5abc-878d-3f104eed9d58,2024-08-01,-96691.16,-101148.57,-101148.57,-96231.55333333333,-100546.89222368265,-100661.26234569508,-104151.25798828126
7b71a68b-b371-5abc-878d-3f104eed9d58,2024-09-01,-97385.52,-96691.16,-96691.16,-97813.32,-96187.53905981539,-96294.06725926136,-98758.11385742188
7b71a68b-b371-5abc-878d-3f104eed9d58,2024-10-01,-97035.09,-97385.52,-97385.52,-98408.41666666667,-96917.4319637562,-97018.85456259549,-99198.82249023438
7b71a68b-b371-5abc-878d-3f104eed9d58,2024-11-01,-95624.28,-97035.09,-97035.09,-97037.25666666667,-96692.47450492051,-96779.75369044047,-98012.0690649414
7be4ae9f-e36d-56ff-9acf-6166786fc1b3,2022-01-01,-3557.4,,-13252.345000000001,-13252.345000000001,-599.9161128181978,-584.6049202465573,-976.0215454101562
7be4ae9f-e36d-56ff-9acf-6166786fc1b3,2022-02-01,-12624.99,-3557.4,-3557.4,-3557.4,-4114.728667949055,-4108.424699453992,-7876.13779296875
7be4ae9f-e36d-56ff-9acf-6166786fc1b3,2022-03-01,-18123.86,-12624.99,-12624.99,-8091.195,-13141.525796545468,-13134.89559538393,-17175.799570312498
7be4ae9f-e36d-56ff-9acf-6166786fc1b3,2022-04-01,-22536.26,-18123.86,-18123.86,-11435.416666666666,-18485.78799192739,-18502.94896429332,-22993.281875
7be4ae9f-e36d-56ff-9acf-6166786fc1b3,2022-05-01,-25151.97,-22536.26,-22536.26,-17761.70333333333,-22866.393570475135,-22883.988592836668,-27012.64037109375
7be4ae9f-e36d-56ff-9acf-6166786fc1b3,2022-06-01,-29461.33,-25151.97,-25151.97,-21937.36333333333,-25501.33838789846,-25517.36883505265,-28034.05203125
7be4ae9f-e36d-56ff-9acf-6166786fc1b3,2022-07-01,-35701.1,-29461.33,-29461.33,-25716.52,-29497.157641881433,-29547.348297731714,-33752.6971875
7be4ae9f-e36d-56ff-9acf-6166786fc1b3,2022-08-01,-40772.65,-35701.1,-35701.1,-30104.8,-35705.833963617464,-35760.08886761762,-39501.461328125
7be4ae9f-e36d-56ff-9acf-6166786fc1b3,2022-09-01,-42279.28,-40772.65,-40772.65,-35311.693333333336,-40683.56856044144,-40747.9775657197,-44118.44931640625
7be4ae9f-e36d-56ff-9acf-6166786fc1b3,2022-10-01,-44086.01,-42279.28,-42279.28,-39584.34333333333,-42356.26327764452,-42397.90570299463,-45530.73458984375
7be4ae9f-e36d-56ff-9acf-6166786fc1b3,2022-11-01,-46838.89,-44086.01,-44086.01,-42379.31333333333,-44100.13632224732,-44150.46896362065,-46497.00755859375
7be4ae9f-e36d-56ff-9acf-6166786fc1b3,2022-12-01,-47806.47,-46838.89,-46838.89,-44401.39333333333,-46919.29989398039,-46961.56347133991,-48667.90770019531
7be4ae9f-e36d-56ff-9acf-6166786fc1b3,2023-01-01,-51345.21,-47806.47,-47806.47,-46243.79,-47888.92952279159,-47930.349050072255,-49973.888701171876
7be4ae9f-e36d-56ff-9acf-6166786fc1b3,2023-02-01,-53256.03,-51345.21,-51345.21,-48663.52333333334,-51353.01161239672,-51404.8900103598,-53631.454384765624
7be4ae9f-e36d-56ff-9acf-6166786fc1b3,2023-03-01,-57695.59,-53256.03,-53256.03,-50802.57,-53325.1082868557,-53366.776172394035,-55736.832978515624
7be4ae9f-e36d-56ff-9acf-6166786fc1b3,2023-04-01,-63723.51,-57695.59,-57695.59,-54098.94333333333,-57562.007236554724,-57629.138054673,-60554.41836914062
7be4ae9f-e36d-56ff-9acf-6166786fc1b3,2023-05-01,-65046.12,-63723.51,-63723.51,-58225.043333333335,-63523.99025898439,-63598.18542001713,-66412.56712890626
7be4ae9f-e36d-56ff-9acf-6166786fc1b3,2023-06-01,-68820.67,-65046.12,-65046.12,-62155.073333333334,-64941.17078643253,-65001.71750458859,-66756.9276171875
7be4ae9f-e36d-56ff-9acf-6166786fc1b3,2023-07-01,-71793.69,-68820.67,-68820.67,-65863.43333333333,-68598.14760623078,-68672.8992238011,-71727.36116210937
7be4ae9f-e36d-56ff-9acf-6166786fc1b3,2023-08-01,-75306.59,-71793.69,-71793.69,-68553.49333333333,-71636.37884097038,-71701.28353499489,-73317.14141601563
7be4ae9f-e36d-56ff-9acf-6166786fc1b3,2023-09-01,-76418.46,-75306.59,-75306.59,-71973.65000000001,-75068.08292118047,-75143.36843845715,-77037.82620605468
7be4ae9f-e36d-56ff-9acf-6166786fc1b3,2023-10-01,-76649.29,-76418.46,-76418.46,-74506.24666666666,-76220.5286260006,-76291.08076722699,-77968.69254394532
7be4ae9f-e36d-56ff-9acf-6166786fc1b3,2023-11-01,-76030.78,-76649.29,-76649.29,-76124.78,-76500.42943774824,-76564.91569808764,-77126.17446044921
7be4ae9f-e36d-56ff-9acf-6166786fc1b3,2023-12-01,-72127.26,-76030.78,-76030.78,-76366.17666666668,-75932.08968290735,-75990.6745776249,-76212.19900634766
7be4ae9f-e36d-56ff-9acf-6166786fc1b3,2024-01-01,-73677.5,-72127.26,-72127.26,-74935.77666666666,-72060.68652260306,-72118.58574311937,-73281.80821777343
7be4ae9f-e36d-56ff-9acf-6166786fc1b3,2024-02-01,-73412.86,-73677.5,-73677.5,-73945.18000000001,-73563.68734580983,-73628.76062629613,-73966.40377807617
7be4ae9f-e36d-56ff-9acf-6166786fc1b3,2024-03-01,-74342.49,-73412.86,-73412.86,-73072.54,-73413.53299853802,-73464.0490764291,-74413.5030053711
7be4ae9f-e36d-56ff-9acf-6166786fc1b3,2024-04-01,-75217.46,-74342.49,-74342.49,-73810.95,-74259.72242449128,-74318.03933172183,-75237.31794189454
7be4ae9f-e36d-56ff-9acf-6166786fc1b3,2024-05-01,-75314.01,-75217.46,-75217.46,-74324.27,-75127.0889109165,-75186.87467277858,-75759.35544677735
7be4ae9f-e36d-56ff-9acf-6166786fc1b3,2024-06-01,-74695.91,-75314.01,-75314.01,-74957.98666666668,-75222.38262981609,-75282.69516255878,-75385.82650543212
7be4ae9f-e36d-56ff-9acf-6166786fc1b3,2024-07-01,-80667.73,-74695.91,-74695.91,-75075.79333333333,-74641.71536976597,-74696.85696367592,-75209.33980957032
7be4ae9f-e36d-56ff-9acf-6166786fc1b3,2024-08-01,-77397.13,-80667.73,-80667.73,-76892.55,-80479.97922233069,-80552.25641907382,-81181.65291259765
7be4ae9f-e36d-56ff-9acf-6166786fc1b3,2024-09-01,-85199.94,-77397.13,-77397.13,-77586.92333333332,-77321.41024876335,-77380.55301676715,-79425.54906738282
7be4ae9f-e36d-56ff-9acf-6166786fc1b3,2024-10-01,-96715.85,-85199.94,-85199.94,-81088.26666666666,-84857.73625023146,-84946.92584105345,-87339.23150390625
7be4ae9f-e36d-56ff-9acf-6166786fc1b3,2024-11-01,-104638.39,-96715.85,-96715.85,-86437.64,-96068.08375198343,-96191.92792815717,-99328.96938476563
7c98d95e-dc76-576b-8df2-29c672855eee,2022-01-01,-757.53,,-13252.345000000001,-13252.345000000001,-599.9161128181978,-584.6049202465573,-976.0215454101562
7c98d95e-dc76-576b-8df2-29c672855eee,2022-02-01,-5249.8,-757.53,-757.53,-757.53,-1332.1200215594658,-1321.3189830708973,-2735.1925976562497
7c98d95e-dc76-576b-8df2-29c672855eee,2022-03-01,-7573.07,-5249.8,-5249.8,-3003.665,-5810.896158143788,-5801.8724106780555,-6813.445141601563
7c98d95e-dc76-576b-8df2-29c672855eee,2022-04-01,-7043.99,-7573.07,-7573.07,-4526.8,-8092.1162706500445,-8090.380984922976,-9483.451591796875
7c98d95e-dc76-576b-8df2-29c672855eee,2022-05-01,-7139.52,-7043.99,-7043.99,-6622.286666666667,-7681.938244326252,-7662.171880161113,-7614.671640625
7c98d95e-dc76-576b-8df2-29c672855eee,2022-06-01,-8667.99,-7139.52,-7139.52,-7252.193333333334,-7755.029076430001,-7739.6688729987945,-7672.801860351563
7c98d95e-dc76-576b-8df2-29c672855eee,2022-07-01,-9614.52,-8667.99,-8667.99,-7617.166666666667,-9094.055080280683,-9100.520595932652,-9128.401041259765
7c98d95e-dc76-576b-8df2-29c672855eee,2022-08-01,-9280.84,-9614.52,-9614.52,-8474.01,-10135.560489407653,-10130.089133925569,-9806.660518188477
7c98d95e-dc76-576b-8df2-29c672855eee,2022-09-01,-12283.51,-9280.84,-9280.84,-9187.783333333333,-9942.927797088832,-9919.7135185108,-9210.65632232666
7c98d95e-dc76-576b-8df2-29c672855eee,2022-10-01,-10536.96,-12283.51,-12283.51,-10392.956666666667,-12748.798760975846,-12750.381190484068,-10826.262685546875
7c98d95e-dc76-576b-8df2-29c672855eee,2022-11-01,-9023.51,-10536.96,-10536.96,-10700.436666666666,-11082.7600935695,-11075.768139195814,-10068.53373046875
7c98d95e-dc76-576b-8df2-29c672855eee,2022-12-01,-2914.72,-9023.51,-9023.51,-10614.660000000002,-9669.977078183916,-9650.411759071896,-8393.848134765625
7c98d95e-dc76-576b-8df2-29c672855eee,2023-01-01,-1859.37,-2914.72,-2914.72,-7491.73,-3752.3239933406035,-3711.8873565856475,-4026.8215625
7c98d95e-dc76-576b-8df2-29c672855eee,2023-02-01,-5846.47,-1859.37,-1859.37,-4599.2,-2721.627975971545,-2680.783367098731,-3942.19763671875
7c98d95e-dc76-576b-8df2-29c672855eee,2023-03-01,-6957.23,-5846.47,-5846.47,-3540.1866666666665,-6396.42679058156,-6394.016160918247,-6291.3528735351565
7c98d95e-dc76-576b-8df2-29c672855eee,2023-04-01,-9430.65,-6957.23,-6957.23,-4887.69,-7531.80962397583,-7524.391209149121,-7951.817036132812
7c98d95e-dc76-576b-8df2-29c672855eee,2023-05-01,-9878.89,-9430.65,-9430.65,-7411.45,-9790.682138204453,-9806.948819531119,-10075.48203125
7c98d95e-dc76-576b-8df2-29c672855eee,2023-06-01,-9909.01,-9878.89,-9878.89,-8755.59,-10326.502127606338,-10331.642392428714,-10180.259659423828
7c98d95e-dc76-576b-8df2-29c672855eee,2023-07-01,-10337.73,-9909.01,-9909.01,-9739.516666666668,-10348.05112673345,-10352.841285731432,-10224.894979248047
7c98d95e-dc76-576b-8df2-29c672855eee,2023-08-01,-10059.85,-10337.73,-10337.73,-10041.876666666665,-10811.084292857167,-10811.23730239041,-10390.180744628906
7c98d95e-dc76-576b-8df2-29c672855eee,2023-09-01,-11799.39,-10059.85,-10059.85,-10102.196666666669,-10633.030109691268,-10622.667808730639,-9985.517861938477
7c98d95e-dc76-576b-8df2-29c672855eee,2023-10-01,-10043.4,-11799.39,-11799.39,-10732.323333333332,-12353.118494126655,-12343.70291720885,-11016.111435546874
7c98d95e-dc76-576b-8df2-29c672855eee,2023-11-01,-10050.09,-10043.4,-10043.4,-10634.213333333333,-10680.612723079872,-10662.440150199378,-9808.579901123047
7c98d95e-dc76-576b-8df2-29c672855eee,2023-12-01,-4840.24,-10050.09,-10050.09,-10630.96,-10617.262643021237,-10608.693529153494,-9753.05157836914
7c98d95e-dc76-576b-8df2-29c672855eee,2024-01-01,-4618.64,-4840.24,-4840.24,-8311.243333333334,-5584.745373943306,-5556.954320331874,-5804.647470703125
7c98d95e-dc76-576b-8df2-29c672855eee,2024-02-01,-8054.22,-4618.64,-4618.64,-6502.990000000001,-5363.731647291277,-5336.671488423291,-6093.501450195313
7c98d95e-dc76-576b-8df2-29c672855eee,2024-03-01,-8282.45,-8054.22,-8054.22,-5837.7,-8591.289126933374,-8588.783984156942,-8234.972182006837
7c98d95e-dc76-576b-8df2-29c672855eee,2024-04-01,-8088.3,-8282.45,-8282.45,-6985.1033333333335,-8871.235508638607,-8860.851441527107,-8731.888018798829
7c98d95e-dc76-576b-8df2-29c672855eee,2024-05-01,-7693.69,-8088.3,-8088.3,-8141.656666666667,-8670.625962726966,-8660.012198724087,-8174.889996337891
7c98d95e-dc76-576b-8df2-29c672855eee,2024-06-01,-7693.69,-7693.69,-7693.69,-8021.4800000000005,-8308.455061981733,-8294.12580190567,-7918.586057128906
7c98d95e-dc76-576b-8df2-29c672855eee,2024-07-01,-6948.66,-7693.69,-7693.69,-7825.2266666666665,-8219.235597915316,-8214.287076016011,-8091.558011474609
7c98d95e-dc76-576b-8df2-29c672855eee,2024-08-01,-10051.96,-6948.66,-6948.66,-7445.346666666665,-7567.303590091749,-7551.690686405088,-7447.259090576172
7c98d95e-dc76-576b-8df2-29c672855eee,2024-09-01,-23637.85,-10051.96,-10051.96,-8231.436666666666,-10447.350098181343,-10460.06858939751,-10861.05619140625
7c98d95e-dc76-576b-8df2-29c672855eee,2024-10-01,-28137.5,-23637.85,-23637.85,-13546.156666666668,-23534.927323958887,-23607.165123395935,-25897.379052734374
7c98d95e-dc76-576b-8df2-29c672855eee,2024-11-01,-17388.11,-28137.5,-28137.5,-20609.103333333333,-28128.710165585944,-28183.71648485766,-29088.75537109375
7fb1fe39-d95b-5bff-a50f-208b62d113f1,2022-01-01,-17377.46,,-13252.345000000001,-13252.345000000001,-599.9161128181978,-584.6049202465573,-976.0215454101562
7fb1fe39-d95b-5bff-a50f-208b62d113f1,2022-02-01,-8804.15,-17377.46,-17377.46,-17377.46,-17812.932155541275,-17819.35211246393,-20555.25345703125
7fb1fe39-d95b-5bff-a50f-208b62d113f1,2022-03-01,-10512.59,-8804.15,-8804.15,-13090.805,-9308.511993769383,-9307.150899635042,-12618.949072265625
7fb1fe39-d95b-5bff-a50f-208b62d113f1,2022-04-01,-18617.12,-10512.59,-10512.59,-12231.4,-10988.551558774392,-10990.61628420579,-13403.93619140625
7fb1fe39-d95b-5bff-a50f-208b62d113f1,2022-05-01,-21466.17,-18617.12,-18617.12,-12644.62,-19155.220323307527,-19150.00169794517,-20757.737919921874
7fb1fe39-d95b-5bff-a50f-208b62d113f1,2022-06-01,-21347.29,-21466.17,-21466.17,-16865.29333333333,-21918.249391895042,-21921.896164779228,-23586.696123046873
7fb1fe39-d95b-5bff-a50f-208b62d113f1,2022-07-01,-20827.95,-21347.29,-21347.29,-20476.86,-21423.100482276575,-21473.913126282783,-21312.681849517823
7fb1fe39-d95b-5bff-a50f-208b62d113f1,2022-08-01,-20414.31,-20827.95,-20827.95,-21213.803333333333,-21208.06742823083,-21216.798784342427,-21252.53874511719
7fb1fe39-d95b-5bff-a50f-208b62d113f1,2022-09-01,-20393.18,-20414.31,-20414.31,-20863.183333333334,-20741.44943920901,-20758.816881220093,-20298.351595458986
7fb1fe39-d95b-5bff-a50f-208b62d113f1,2022-10-01,-20402.31,-20393.18,-20393.18,-20545.146666666667,-20853.238504333265,-20856.68019216909,-20200.962989501953
7fb1fe39-d95b-5bff-a50f-208b62d113f1,2022-11-01,-16939.53,-20402.31,-20402.31,-20403.266666666666,-20862.537210414725,-20862.284386458716,-20713.43228393555
7fb1fe39-d95b-5bff-a50f-208b62d113f1,2022-12-01,-13250.82,-16939.53,-16939.53,-19245.006666666664,-17433.104539714113,-17429.782952868285,-17412.188752441405
7fb1fe39-d95b-5bff-a50f-208b62d113f1,2023-01-01,-13514.83,-13250.82,-13250.82,-16864.22,-13708.450104112744,-13714.931634387176,-14187.193901367187
7fb1fe39-d95b-5bff-a50f-208b62d113f1,2023-02-01,-14912.35,-13514.83,-13514.83,-14568.393333333333,-14019.813490474466,-14016.0654147403,-14643.779829101562
7fb1fe39-d95b-5bff-a50f-208b62d113f1,2023-03-01,-14467.65,-14912.35,-14912.35,-13892.666666666666,-15443.491580182594,-15437.524253509402,-14900.170957183838
7fb1fe39-d95b-5bff-a50f-208b62d113f1,2023-04-01,-14240.06,-14467.65,-14467.65,-14298.276666666667,-14991.041113888206,-14984.465265584462,-15103.938269042968
7fb1fe39-d95b-5bff-a50f-208b62d113f1,2023-05-01,-14513.77,-14240.06,-14240.06,-14540.019999999999,-14749.038851453728,-14747.091533022925,-14298.693502960205
7fb1fe39-d95b-5bff-a50f-208b62d113f1,2023-06-01,-14350.87,-14513.77,-14513.77,-14407.160000000002,-15005.573536120872,-15002.757156782232,-14707.562785644532
7fb1fe39-d95b-5bff-a50f-208b62d113f1,2023-07-01,-14409.13,-14350.87,-14350.87,-14368.233333333332,-14872.674077796764,-14867.695459425055,-14036.249180908204
7fb1fe39-d95b-5bff-a50f-208b62d113f1,2023-08-01,-13371.17,-14409.13,-14409.13,-14424.590000000002,-15015.652292823312,-15000.600739673524,-14369.387431030273
7fb1fe39-d95b-5bff-a50f-208b62d113f1,2023-09-01,-12275.9,-13371.17,-13371.17,-14043.723333333333,-14056.846026292518,-14033.515682012889,-13156.786333007813
7fb1fe39-d95b-5bff-a50f-208b62d113f1,2023-10-01,-11671.53,-12275.9,-12275.9,-13352.066666666666,-12931.436560827808,-12912.32657862473,-12292.181120300293
7fb1fe39-d95b-5bff-a50f-208b62d113f1,2023-11-01,-12918.88,-11671.53,-11671.53,-12439.533333333333,-12315.486397930976,-12297.43381364406,-12255.848481445313
7fb1fe39-d95b-5bff-a50f-208b62d113f1,2023-12-01,-10098.0,-12918.88,-12918.88,-12288.769999999999,-13511.099590859447,-13500.034495531681,-12452.250025634765
7fb1fe39-d95b-5bff-a50f-208b62d113f1,2024-01-01,-12937.96,-10098.0,-10098.0,-11562.803333333331,-10793.13020512271,-10767.62684118832,-10998.083618164062
7fb1fe39-d95b-5bff-a50f-208b62d113f1,2024-02-01,-14434.22,-12937.96,-12937.96,-11984.946666666665,-13481.727421876903,-13477.201170500995,-12582.458596191405
7fb1fe39-d95b-5bff-a50f-208b62d113f1,2024-03-01,-12426.55,-14434.22,-14434.22,-12490.06,-14981.038651858857,-14973.707247390459,-14534.161650390624
7fb1fe39-d95b-5bff-a50f-208b62d113f1,2024-04-01,-10713.18,-12426.55,-12426.55,-13266.243333333332,-13007.843936065294,-12996.581485530896,-12412.631906318664
7fb1fe39-d95b-5bff-a50f-208b62d113f1,2024-05-01,-10014.12,-10713.18,-10713.18,-12524.65,-11366.932322620101,-11346.198455642341,-11100.180274658203
7fb1fe39-d95b-5bff-a50f-208b62d113f1,2024-06-01,-12728.73,-10014.12,-10014.12,-11051.283333333335,-10722.251893918063,-10695.360802745805,-11099.704106445313
7fb1fe39-d95b-5bff-a50f-208b62d113f1,2024-07-01,-12678.33,-12728.73,-12728.73,-11152.01,-13405.523204149973,-13383.197017465352,-12452.678425292968
7fb1fe39-d95b-5bff-a50f-208b62d113f1,2024-08-01,2626.01,-12678.33,-12678.33,-11807.06,-13231.39808183849,-13225.234581761784,-13020.197736816406
7fb1fe39-d95b-5bff-a50f-208b62d113f1,2024-09-01,15825.84,2626.01,2626.01,-7593.683333333333,1555.155279499827,1614.657889757961,1764.5987451171877
7fb1fe39-d95b-5bff-a50f-208b62d113f1,2024-10-01,13569.34,15825.84,15825.84,1924.5066666666662,14506.851899929972,14590.735857019325,13867.998325195313
7fb1fe39-d95b-5bff-a50f-208b62d113f1,2024-11-01,8478.06,13569.34,13569.34,10673.730000000001,13434.681576955307,13361.723512612502,10937.09537109375
8033c8dd-878c-5eef-8e80-991888bf8a06,2022-01-01,-12502.91,,-13252.345000000001,-13252.345000000001,-599.9161128181978,-584.6049202465573,-976.0215454101562
8033c8dd-878c-5eef-8e80-991888bf8a06,2022-02-01,-6106.64,-12502.91,-12502.91,-12502.91,-13021.829173458622,-13019.081131752471,-13314.072719726562
8033c8dd-878c-5eef-8e80-991888bf8a06,2022-03-01,-6285.76,-6106.64,-6106.64,-9304.775,-6669.143247195716,-6661.5642790068905,-7472.810288085938
8033c8dd-878c-5eef-8e80-991888bf8a06,2022-04-01,-6860.68,-6285.76,-6285.76,-8298.436666666666,-6881.505117373092,-6868.3453952410255,-7603.115590820313
8033c8dd-878c-5eef-8e80-991888bf8a06,2022-05-01,-11268.88,-6860.68,-6860.68,-6417.693333333334,-7476.933549230799,-7463.2764056890255,-8510.982856445313
8033c8dd-878c-5eef-8e80-991888bf8a06,2022-06-01,-12713.56,-11268.88,-11268.88,-8138.44,-11778.062028840299,-11774.094606935194,-13530.008662109374
8033c8dd-878c-5eef-8e80-991888bf8a06,2022-07-01,-12123.96,-12713.56,-12713.56,-10281.039999999999,-13194.694760751485,-13196.17259713123,-12426.514193115234
8033c8dd-878c-5eef-8e80-991888bf8a06,2022-08-01,-13049.86,-12123.96,-12123.96,-12035.466666666665,-12634.886821775757,-12630.096982543997,-12793.536782226562
8033c8dd-878c-5eef-8e80-991888bf8a06,2022-09-01,-13410.35,-13049.86,-13049.86,-12629.126666666665,-13390.620560929818,-13410.2246715441,-12602.247725830079
8033c8dd-878c-5eef-8e80-991888bf8a06,2022-10-01,-11097.81,-13410.35,-13410.35,-12861.39,-13850.35881235462,-13856.711941644235,-12822.33974609375
8033c8dd-878c-5eef-8e80-991888bf8a06,2022-11-01,-10693.62,-11097.81,-11097.81,-12519.340000000002,-11616.248671227895,-11613.880688498139,-11069.834612426757
8033c8dd-878c-5eef-8e80-991888bf8a06,2022-12-01,-4024.71,-10693.62,-10693.62,-11733.926666666666,-11315.752296216244,-11300.23579871151,-10610.674481506348
8033c8dd-878c-5eef-8e80-991888bf8a06,2023-01-01,-6902.56,-4024.71,-4024.71,-8605.38,-4679.729152924427,-4664.866800431642,-5535.47953125
8033c8dd-878c-5eef-8e80-991888bf8a06,2023-02-01,-3519.98,-6902.56,-6902.56,-7206.963333333333,-7522.74277625906,-7511.058498296916,-7379.361239013672
8033c8dd-878c-5eef-8e80-991888bf8a06,2023-03-01,-6629.01,-3519.98,-3519.98,-4815.75,-4404.282386026965,-4358.885422098035,-5974.639912109375
8033c8dd-878c-5eef-8e80-991888bf8a06,2023-04-01,-6376.79,-6629.01,-6629.01,-5683.849999999999,-7283.154756147144,-7266.126886904708,-6673.603803405762
8033c8dd-878c-5eef-8e80-991888bf8a06,2023-05-01,-7988.76,-6376.79,-6376.79,-5508.593333333333,-6971.643047994806,-6960.549718646204,-7065.9007177734375
8033c8dd-878c-5eef-8e80-991888bf8a06,2023-06-01,-7063.5,-7988.76,-7988.76,-6998.186666666666,-8395.987808424446,-8408.527958494851,-7662.827535400391
8033c8dd-878c-5eef-8e80-991888bf8a06,2023-07-01,-9323.24,-7063.5,-7063.5,-7143.016666666666,-7549.771029060151,-7551.9900111439265,-7477.178070068359
8033c8dd-878c-5eef-8e80-991888bf8a06,2023-08-01,-9077.43,-9323.24,-9323.24,-8125.166666666667,-9698.101624981362,-9713.003385504962,-10113.522287597656
8033c8dd-878c-5eef-8e80-991888bf8a06,2023-09-01,-7903.8,-9077.43,-9077.43,-8488.056666666665,-9560.568601936826,-9560.912089413925,-9080.100788526535
8033c8dd-878c-5eef-8e80-991888bf8a06,2023-10-01,-8916.35,-7903.8,-7903.8,-8768.156666666668,-8480.259171208572,-8470.034006732176,-7625.413159179688
8033c8dd-878c-5eef-8e80-991888bf8a06,2023-11-01,-6185.27,-8916.35,-8916.35,-8632.526666666667,-9468.4735686713,-9462.17790556832,-8422.119744873047
8033c8dd-878c-5eef-8e80-991888bf8a06,2023-12-01,-708.53,-6185.27,-6185.27,-7668.473333333334,-6830.298298310738,-6812.863934655079,-6351.060496826172
8033c8dd-878c-5eef-8e80-991888bf8a06,2024-01-01,-3763.23,-708.53,-708.53,-5270.05,-1436.7032407493903,-1414.3857819331083,-2645.9351513671872
8033c8dd-878c-5eef-8e80-991888bf8a06,2024-02-01,-3357.72,-3763.23,-3763.23,-3552.3433333333337,-4279.800860742122,-4282.358850296121,-3804.515961151123
8033c8dd-878c-5eef-8e80-991888bf8a06,2024-03-01,-4135.26,-3357.72,-3357.72,-2609.8266666666664,-3960.386704529212,-3952.322492488288,-4120.227690429687
8033c8dd-878c-5eef-8e80-991888bf8a06,2024-04-01,-3079.4,-4135.26,-4135.26,-3752.0699999999997,-4616.233343909024,-4622.345269310276,-4461.024312744141
8033c8dd-878c-5eef-8e80-991888bf8a06,2024-05-01,-4367.33,-3079.4,-3079.4,-3524.1266666666666,-3644.824159986341,-3640.366072799574,-3101.415205383301
8033c8dd-878c-5eef-8e80-991888bf8a06,2024-06-01,-4853.55,-4367.33,-4367.33,-3860.6633333333334,-4850.72792477313,-4856.016315023223,-4014.071241455078
8033c8dd-878c-5eef-8e80-991888bf8a06,2024-07-01,-18318.95,-4853.55,-4853.55,-4100.093333333333,-5411.2842800167045,-5404.61714463655,-5490.96796875
8033c8dd-878c-5eef-8e80-991888bf8a06,2024-08-01,-22965.67,-18318.95,-18318.95,-9179.943333333335,-18446.041368736926,-18490.525841650033,-19816.58024902344
8033c8dd-878c-5eef-8e80-991888bf8a06,2024-09-01,-35883.71,-22965.67,-22965.67,-15379.39,-23009.657717074664,-23061.80663576682,-25793.390703125
8033c8dd-878c-5eef-8e80-991888bf8a06,2024-10-01,-34751.12,-35883.71,-35883.71,-25722.77666666667,-35627.38642950889,-35710.88164954499,-35861.14166923523
8033c8dd-878c-5eef-8e80-991888bf8a06,2024-11-01,-43195.84,-34751.12,-34751.12,-31200.166666666668,-34680.24857870292,-34741.219743713424,-36759.453618164065
832ae8f2-a049-593d-b2b2-157cc4d43e46,2022-01-01,-18393.73,,-13252.345000000001,-13252.345000000001,-599.9161128181978,-584.6049202465573,-976.0215454101562
832ae8f2-a049-593d-b2b2-157cc4d43e46,2022-02-01,-14520.98,-18393.73,-18393.73,-18393.73,-18727.275918927648,-18751.569353464976,-18749.451130371093
832ae8f2-a049-593d-b2b2-157cc4d43e46,2022-03-01,23902.01,-14520.98,-14520.98,-16457.355,-15013.031786083196,-15019.162141210654,-15813.078510742187
832ae8f2-a049-593d-b2b2-157cc4d43e46,2022-04-01,7965.32,23902.01,23902.01,-3004.2333333333336,23096.289904434896,23110.200349501993,22081.36693359375
832ae8f2-a049-593d-b2b2-157cc4d43e46,2022-05-01,31010.3,7965.32,7965.32,5782.116666666666,7376.774202900295,7370.452643066433,4074.8102343749997
832ae8f2-a049-593d-b2b2-157cc4d43e46,2022-06-01,17241.9,31010.3,31010.3,20959.209999999995,29788.340610951116,29848.16219858903,25603.0421875
832ae8f2-a049-593d-b2b2-157cc4d43e46,2022-07-01,52037.45,17241.9,17241.9,18739.173333333332,16704.816490770067,16679.45730871993,22716.24375
832ae8f2-a049-593d-b2b2-157cc4d43e46,2022-08-01,131719.57,52037.45,52037.45,33429.88333333334,50292.2785176048,50401.180070481125,47274.87041015625
832ae8f2-a049-593d-b2b2-157cc4d43e46,2022-09-01,76946.13,131719.57,131719.57,66999.64,128703.59943131244,128945.81383061601,126710.68181640626
832ae8f2-a049-593d-b2b2-157cc4d43e46,2022-10-01,121153.92,76946.13,76946.13,86901.05,75398.21808518586,75474.56092532225,73146.47521484375
832ae8f2-a049-593d-b2b2-157cc4d43e46,2022-11-01,43254.55,121153.92,121153.92,109939.87333333334,118191.42718993881,118432.1989491296,115924.0283984375
832ae8f2-a049-593d-b2b2-157cc4d43e46,2022-12-01,127348.65,43254.55,43254.55,80451.53333333334,42774.33248353307,42744.28406689588,50333.4513671875
832ae8f2-a049-593d-b2b2-157cc4d43e46,2023-01-01,113083.37,127348.65,127348.65,97252.37333333334,124565.96863583304,124777.93519709389,120548.85947265624
832ae8f2-a049-593d-b2b2-157cc4d43e46,2023-02-01,58563.1,113083.37,113083.37,94562.19,111298.06066225453,111411.68274799878,113208.47216522216
832ae8f2-a049-593d-b2b2-157cc4d43e46,2023-03-01,-33205.93,58563.1,58563.1,99665.04,56974.25470009186,57066.44644243992,58871.13802490234
832ae8f2-a049-593d-b2b2-157cc4d43e46,2023-04-01,13239.88,-33205.93,-33205.93,46146.84666666666,-32527.80969872206,-32679.2720371114,-24685.258125
832ae8f2-a049-593d-b2b2-157cc4d43e46,2023-05-01,74730.18,13239.88,13239.88,12865.683333333332,12450.59838209281,12461.418963394235,19541.216425781247
832ae8f2-a049-593d-b2b2-157cc4d43e46,2023-06-01,25068.51,74730.18,74730.18,18254.71,73163.53526008775,73252.64345742977,68976.695625
832ae8f2-a049-593d-b2b2-157cc4d43e46,2023-07-01,42553.72,25068.51,25068.51,37679.52333333333,24101.641529949724,24111.806864732433,25144.948011169432
832ae8f2-a049-593d-b2b2-157cc4d43e46,2023-08-01,14218.83,42553.72,42553.72,47450.80333333332,41197.747289684055,41259.411453130466,41022.50857421875
832ae8f2-a049-593d-b2b2-157cc4d43e46,2023-09-01,67387.08,14218.83,14218.83,27280.353333333333,13895.592070412404,13843.311772623198,18303.936201171877
832ae8f2-a049-593d-b2b2-157cc4d43e46,2023-10-01,66974.37,67387.08,67387.08,41386.543333333335,65412.231394635906,65554.12031608989,62890.5380078125
832ae8f2-a049-593d-b2b2-157cc4d43e46,2023-11-01,5319.03,66974.37,66974.37,49526.76,65629.09248837673,65698.1948068274,62245.552617187495
832ae8f2-a049-593d-b2b2-157cc4d43e46,2023-12-01,191007.45,5319.03,5319.03,46560.159999999996,4672.38133599918,4662.723389815629,11508.157441406249
832ae8f2-a049-593d-b2b2-157cc4d43e46,2024-01-01,93957.54,191007.45,191007.45,87766.95,186673.15663577584,187050.80540571435,184980.3708984375
832ae8f2-a049-593d-b2b2-157cc4d43e46,2024-02-01,25028.94,93957.54,93957.54,96761.34000000001,92586.16766814452,92637.36272786562,89517.9726171875
832ae8f2-a049-593d-b2b2-157cc4d43e46,2024-03-01,-4556.1,25028.94,25028.94,103331.31,23758.5879931291,23804.16010847626,21144.209287109374
832ae8f2-a049-593d-b2b2-157cc4d43e46,2024-04-01,-10886.62,-4556.1,-4556.1,38143.46,-4156.261112572207,-4276.556529026826,3852.3882812499996
832ae8f2-a049-593d-b2b2-157cc4d43e46,2024-05-01,-25448.53,-10886.62,-10886.62,3195.406666666666,-10796.415453202033,-10877.574786662057,-2658.872929687501
832ae8f2-a049-593d-b2b2-157cc4d43e46,2024-06-01,125828.72,-25448.53,-25448.53,-13630.416666666666,-25011.143163701003,-25136.77570214576,-17499.79171875
832ae8f2-a049-593d-b2b2-157cc4d43e46,2024-07-01,258359.31,125828.72,125828.72,29831.190000000002,122854.34916041995,123080.26910402738,126784.91622802734
832ae8f2-a049-593d-b2b2-157cc4d43e46,2024-08-01,318173.43,258359.31,258359.31,119579.83333333333,252848.08072507917,253338.8118386376,254483.7240625
832ae8f2-a049-593d-b2b2-157cc4d43e46,2024-09-01,287804.68,318173.43,318173.43,234120.48666666666,310882.78771493095,311563.3965832343,313604.20197265624
832ae8f2-a049-593d-b2b2-157cc4d43e46,2024-10-01,282861.46,287804.68,287804.68,288112.4733333333,281730.82566683093,282284.26653321343,283037.21759765624
832ae8f2-a049-593d-b2b2-157cc4d43e46,2024-11-01,193633.43,282861.46,282861.46,296279.8566666667,277400.6193563449,277901.5043247994,278019.274453125
854e6efa-db56-57ab-8c50-c74d1e059384,2022-01-01,2148.6,,-13252.345000000001,-13252.345000000001,-599.9161128181978,-584.6049202465573,-976.0215454101562
854e6efa-db56-57ab-8c50-c74d1e059384,2022-02-01,2430.64,2148.6,2148.6,2148.6,1413.2387815759605,1444.5276523726943,1712.6505981445312
854e6efa-db56-57ab-8c50-c74d1e059384,2022-03-01,1008.4,2430.64,2430.64,2289.62,1771.8401584013368,1793.1903717867472,1454.8119360351561
854e6efa-db56-57ab-8c50-c74d1e059384,2022-04-01,648.05,1008.4,1008.4,1862.5466666666664,329.75871703557584,351.9906514646791,200.72385253906248
854e6efa-db56-57ab-8c50-c74d1e059384,2022-05-01,1237.73,648.05,648.05,1362.3633333333332,-51.3893814820899,-26.225369275248454,259.72614746093745
854e6efa-db56-57ab-8c50-c74d1e059384,2022-06-01,3272.79,1237.73,1237.73,964.7266666666666,557.1291268483262,579.7652009762484,736.8300061035156
854e6efa-db56-57ab-8c50-c74d1e059384,2022-07-01,602.47,3272.79,3272.79,1719.5233333333335,2536.585378746025,2562.0891765004294,2495.9861669921875
854e6efa-db56-57ab-8c50-c74d1e059384,2022-08-01,357.64,602.47,602.47,1704.33,-105.34281754330618,-81.35497129854923,1410.4313037109375
854e6efa-db56-57ab-8c50-c74d1e059384,2022-09-01,1307.86,357.64,357.64,1410.9666666666665,-340.993954954106,-317.83293034907126,517.9817358398437
854e6efa-db56-57ab-8c50-c74d1e059384,2022-10-01,2719.4,1307.86,1307.86,755.9900000000001,619.8381504628302,641.8059720751893,1451.836837158203
854e6efa-db56-57ab-8c50-c74d1e059384,2022-11-01,2550.01,2719.4,2719.4,1461.6333333333334,2001.441350009816,2025.0500394852584,2615.415480041504
854e6efa-db56-57ab-8c50-c74d1e059384,2022-12-01,2522.68,2550.01,2550.01,2192.423333333333,1786.6715971859799,1816.021474267995,2385.604451904297
854e6efa-db56-57ab-8c50-c74d1e059384,2023-01-01,1789.93,2522.68,2522.68,2597.3633333333332,1686.0465425346742,1726.5035752027811,2423.4476849365233
854e6efa-db56-57ab-8c50-c74d1e059384,2023-02-01,1113.07,1789.93,1789.93,2287.54,991.8288731291293,1025.9949689001564,2050.3655773925784
854e6efa-db56-57ab-8c50-c74d1e059384,2023-03-01,2328.46,1113.07,1113.07,1808.5600000000002,337.9018859552125,369.37799015286396,1276.8511889648437
854e6efa-db56-57ab-8c50-c74d1e059384,2023-04-01,1110.92,2328.46,2328.46,1743.82,1606.8453423327603,1631.4895579074948,2233.7390451049805
854e6efa-db56-57ab-8c50-c74d1e059384,2023-05-01,1411.06,1110.92,1110.92,1517.4833333333333,344.84794083406973,377.06005322207125,1540.2026232910157
854e6efa-db56-57ab-8c50-c74d1e059384,2023-06-01,1455.91,1411.06,1411.06,1616.8133333333335,735.4727323267177,754.451858494489,1468.6170945739746
854e6efa-db56-57ab-8c50-c74d1e059384,2023-07-01,724.43,1455.91,1455.91,1325.9633333333334,726.4915523547157,752.9311348744119,1496.8181268310548
854e6efa-db56-57ab-8c50-c74d1e059384,2023-08-01,550.24,724.43,724.43,1197.1333333333334,65.57697042195116,83.74881311828165,746.4591099548339
854e6efa-db56-57ab-8c50-c74d1e059384,2023-09-01,344.6,550.24,550.24,910.1933333333333,-109.83262851547931,-91.25960173087628,692.7696783447266
854e6efa-db56-57ab-8c50-c74d1e059384,2023-10-01,2106.2,344.6,344.6,539.7566666666667,-353.24929320940964,-329.7024777447417,712.7038513183594
854e6efa-db56-57ab-8c50-c74d1e059384,2023-11-01,1830.65,2106.2,2106.2,1000.3466666666667,1351.5189224436087,1381.7394662744432,1932.677600097656
854e6efa-db56-57ab-8c50-c74d1e059384,2023-12-01,1114.38,1830.65,1830.65,1427.1499999999999,1119.748677764881,1144.1136994395044,1933.496519470215
854e6efa-db56-57ab-8c50-c74d1e059384,2024-01-01,1610.57,1114.38,1114.38,1683.743333333333,372.37676131675835,400.15655199695163,1424.716151123047
854e6efa-db56-57ab-8c50-c74d1e059384,2024-02-01,1639.07,1610.57,1610.57,1518.5333333333335,747.2642748001151,790.0443347066928,1653.778396911621
854e6efa-db56-57ab-8c50-c74d1e059384,2024-03-01,1029.46,1639.07,1639.07,1454.6733333333334,788.6219505414563,829.5117388935998,1697.51966506958
854e6efa-db56-57ab-8c50-c74d1e059384,2024-04-01,1355.09,1029.46,1029.46,1426.3666666666666,237.89049517471994,271.6848141698282,1257.9173974609375
854e6efa-db56-57ab-8c50-c74d1e059384,2024-05-01,1533.83,1355.09,1355.09,1341.2066666666667,556.0065013311826,590.7396293078525,1478.5059240722655
854e6efa-db56-57ab-8c50-c74d1e059384,2024-06-01,1835.36,1533.83,1533.83,1306.1266666666668,654.3050768826195,699.4605922392941,1678.2203503417968
854e6efa-db56-57ab-8c50-c74d1e059384,2024-07-01,3059.14,1835.36,1835.36,1574.76,997.762446011084,1036.8092890539888,1836.8236301994323
854e6efa-db56-57ab-8c50-c74d1e059384,2024-08-01,7399.17,3059.14,3059.14,2142.7766666666666,2287.1228127697023,2318.2592395340625,2624.8722998046874
854e6efa-db56-57ab-8c50-c74d1e059384,2024-09-01,6999.15,7399.17,7399.17,4097.89,6448.769216269877,6498.885242727046,6469.487504882813
854e6efa-db56-57ab-8c50-c74d1e059384,2024-10-01,8517.69,6999.15,6999.15,5819.153333333333,6071.703221944572,6118.780337242178,5759.362524414062
854e6efa-db56-57ab-8c50-c74d1e059384,2024-11-01,-2194.05,8517.69,8517.69,7638.670000000001,7577.619472143117,7625.017487107007,6406.4456152343755
856280a5-6a18-534b-bc46-961bb57dc8f6,2022-01-01,161.68,,-13252.345000000001,-13252.345000000001,-599.9161128181978,-584.6049202465573,-976.0215454101562
856280a5-6a18-534b-bc46-961bb57dc8f6,2022-02-01,-3214.8,161.68,161.68,161.68,-460.83610339476803,-444.7283946399585,-601.6542285156249
856280a5-6a18-534b-bc46-961bb57dc8f6,2022-03-01,-4049.31,-3214.8,-3214.8,-1526.5600000000002,-3789.655017946763,-3779.8290904732644,-4581.391674804688
856280a5-6a18-534b-bc46-961bb57dc8f6,2022-04-01,-4941.88,-4049.31,-4049.31,-2367.476666666667,-4698.929520785448,-4679.892448190125,-5422.321352539062
856280a5-6a18-534b-bc46-961bb57dc8f6,2022-05-01,-6452.85,-4941.88,-4941.88,-4068.663333333334,-5544.718891240801,-5530.8739224363835,-6208.770258789063
856280a5-6a18-534b-bc46-961bb57dc8f6,2022-06-01,-7173.67,-6452.85,-6452.85,-5148.013333333333,-7066.976452140521,-7051.22308026858,-7731.12294921875
856280a5-6a18-534b-bc46-961bb57dc8f6,2022-07-01,-7925.23,-7173.67,-7173.67,-6189.466666666667,-7607.255757249167,-7615.596125163416,-7941.746110839844
856280a5-6a18-534b-bc46-961bb57dc8f6,2022-08-01,-8174.77,-7925.23,-7925.23,-7183.916666666667,-8403.577642517044,-8403.59552116847,-8194.933094482421
856280a5-6a18-534b-bc46-961bb57dc8f6,2022-09-01,-10539.59,-8174.77,-8174.77,-7757.889999999999,-8718.105401760467,-8709.525542622565,-8558.595592041016
856280a5-6a18-534b-bc46-961bb57dc8f6,2022-10-01,-8948.29,-10539.59,-10539.59,-8879.863333333333,-11004.772190383299,-11006.40987530819,-9530.224338378906
856280a5-6a18-534b-bc46-961bb57dc8f6,2022-11-01,-9096.16,-8948.29,-8948.29,-9220.883333333333,-9548.065355406134,-9534.196546579267,-8511.828513183595
856280a5-6a18-534b-bc46-961bb57dc8f6,2022-12-01,-6860.47,-9096.16,-9096.16,-9528.013333333334,-9686.822698769776,-9674.303300281867,-8587.192165527344
856280a5-6a18-534b-bc46-961bb57dc8f6,2023-01-01,-5937.12,-6860.47,-6860.47,-8301.640000000001,-7577.490713260777,-7551.57477357176,-7108.421568603516
856280a5-6a18-534b-bc46-961bb57dc8f6,2023-02-01,-7422.47,-5937.12,-5937.12,-7297.916666666667,-6710.6951565535865,-6678.756693349332,-6286.953374023437
856280a5-6a18-534b-bc46-961bb57dc8f6,2023-03-01,-7586.18,-7422.47,-7422.47,-6740.02,-8054.658339830503,-8040.223069996308,-7642.977034301758
856280a5-6a18-534b-bc46-961bb57dc8f6,2023-04-01,-7522.89,-7586.18,-7586.18,-6981.923333333333,-8340.050524197164,-8310.761444941214,-7824.078681640625
856280a5-6a18-534b-bc46-961bb57dc8f6,2023-05-01,-7590.26,-7522.89,-7522.89,-7510.513333333333,-8218.12205587927,-8194.274728500857,-7554.872604980469
856280a5-6a18-534b-bc46-961bb57dc8f6,2023-06-01,-7451.51,-7590.26,-7590.26,-7566.443333333334,-8300.422052647413,-8275.024576716965,-7657.967679748535
856280a5-6a18-534b-bc46-961bb57dc8f6,2023-07-01,-8056.86,-7451.51,-7451.51,-7521.553333333333,-8107.068596321399,-8087.391040681269,-7412.930722961426
856280a5-6a18-534b-bc46-961bb57dc8f6,2023-08-01,-8308.35,-8056.86,-8056.86,-7699.543333333332,-8658.233653946108,-8644.591174811996,-8370.453200683594
856280a5-6a18-534b-bc46-961bb57dc8f6,2023-09-01,-10333.16,-8308.35,-8308.35,-7938.906666666667,-8945.16046478913,-8926.902592675637,-8503.97451171875
856280a5-6a18-534b-bc46-961bb57dc8f6,2023-10-01,-8764.98,-10333.16,-10333.16,-8899.456666666667,-10885.096627744528,-10876.96043147948,-9148.409755859375
856280a5-6a18-534b-bc46-961bb57dc8f6,2023-11-01,-8215.12,-8764.98,-8764.98,-9135.496666666666,-9395.049311628254,-9378.281307961723,-8164.589252929687
856280a5-6a18-534b-bc46-961bb57dc8f6,2023-12-01,-8176.82,-8215.12,-8215.12,-9104.42,-8845.444564291069,-8828.932566365253,-7881.03912841797
856280a5-6a18-534b-bc46-961bb57dc8f6,2024-01-01,-6855.38,-8176.82,-8176.82,-8385.640000000001,-8681.147941072337,-8682.197736004748,-8144.979229278564
856280a5-6a18-534b-bc46-961bb57dc8f6,2024-02-01,-7940.88,-6855.38,-6855.38,-7749.106666666667,-7570.122659154368,-7544.3473854543,-6887.85038269043
856280a5-6a18-534b-bc46-961bb57dc8f6,2024-03-01,-7458.96,-7940.88,-7940.88,-7657.693333333334,-8588.157436789681,-8570.546324488803,-7745.139094238281
856280a5-6a18-534b-bc46-961bb57dc8f6,2024-04-01,-7985.4,-7458.96,-7458.96,-7418.406666666667,-8235.210465919306,-8201.557958207766,-7597.195809326172
856280a5-6a18-534b-bc46-961bb57dc8f6,2024-05-01,-7564.63,-7985.4,-7985.4,-7795.080000000001,-8584.862180443799,-8572.891044983851,-8217.599645996093
856280a5-6a18-534b-bc46-961bb57dc8f6,2024-06-01,-7514.98,-7564.63,-7564.63,-7669.663333333333,-8182.630924717661,-8168.318300724588,-7486.050951843262
856280a5-6a18-534b-bc46-961bb57dc8f6,2024-07-01,-9076.2,-7514.98,-7514.98,-7688.336666666667,-8141.20314697794,-8126.100793090571,-7399.515240173339
856280a5-6a18-534b-bc46-961bb57dc8f6,2024-08-01,-5711.51,-9076.2,-9076.2,-8051.936666666667,-9621.678508558558,-9614.89676213955,-8057.496386718751
856280a5-6a18-534b-bc46-961bb57dc8f6,2024-09-01,-7109.27,-5711.51,-5711.51,-7434.2300000000005,-6388.224813418279,-6367.861594911725,-6631.9500024414065
856280a5-6a18-534b-bc46-961bb57dc8f6,2024-10-01,-11266.79,-7109.27,-7109.27,-7298.993333333335,-7760.876958370447,-7741.819242146014,-7290.36457397461
856280a5-6a18-534b-bc46-961bb57dc8f6,2024-11-01,-11083.36,-11266.79,-11266.79,-8029.19,-11667.963854281768,-11679.39070677908,-11560.146964111329
86ad9abf-f005-5b90-a915-5875924804de,2022-01-01,-12319.13,,-13252.345000000001,-13252.345000000001,-599.9161128181978,-584.6049202465573,-976.0215454101562
86ad9abf-f005-5b90-a915-5875924804de,2022-02-01,-10836.69,-12319.13,-12319.13,-12319.13,-12875.813883243494,-12867.311389106002,-12974.571650390624
86ad9abf-f005-5b90-a915-5875924804de,2022-03-01,-11307.2,-10836.69,-10836.69,-11577.91,-11412.991246083566,-11402.968716353604,-12018.242490234376
86ad9abf-f005-5b90-a915-5875924804de,2022-04-01,-6982.22,-11307.2,-11307.2,-11487.673333333332,-11931.08043624636,-11914.50472662576,-11973.66875
86ad9abf-f005-5b90-a915-5875924804de,2022-05-01,-5366.42,-6982.22,-6982.22,-9708.703333333333,-7570.114466345844,-7558.310592225735,-8087.563383789063
86ad9abf-f005-5b90-a915-5875924804de,2022-06-01,-9418.56,-5366.42,-5366.42,-7885.28,-6027.72359861987,-6007.316413853328,-6560.536821289063
86ad9abf-f005-5b90-a915-5875924804de,2022-07-01,-14907.2,-9418.56,-9418.56,-7255.733333333334,-9966.843207069734,-9960.299070625386,-9513.407267150878
86ad9abf-f005-5b90-a915-5875924804de,2022-08-01,-10043.15,-14907.2,-14907.2,-9897.393333333333,-15394.277012701255,-15394.627712429865,-15003.858409118653
86ad9abf-f005-5b90-a915-5875924804de,2022-09-01,-12405.64,-10043.15,-10043.15,-11456.303333333331,-10439.727633749735,-10449.532124616258,-10816.101416015625
86ad9abf-f005-5b90-a915-5875924804de,2022-10-01,-14318.67,-12405.64,-12405.64,-12451.996666666668,-12765.377304348407,-12778.965362095754,-12187.817291870117
86ad9abf-f005-5b90-a915-5875924804de,2022-11-01,-12065.4,-14318.67,-14318.67,-12255.82,-14701.314841034255,-14712.198446217944,-14240.19059173584
86ad9abf-f005-5b90-a915-5875924804de,2022-12-01,-10831.89,-12065.4,-12065.4,-12929.903333333334,-12521.92486487359,-12523.023610754504,-12210.253240966797
86ad9abf-f005-5b90-a915-5875924804de,2023-01-01,-12185.34,-10831.89,-10831.89,-12405.32,-11339.49659519144,-11335.72241845323,-11413.310654296874
86ad9abf-f005-5b90-a915-5875924804de,2023-02-01,-9098.87,-12185.34,-12185.34,-11694.21,-12746.208053341365,-12734.68463631646,-12198.925456848145
86ad9abf-f005-5b90-a915-5875924804de,2023-03-01,-11433.1,-9098.87,-9098.87,-10705.366666666667,-9699.177749161241,-9685.846663897604,-9553.161229248048
86ad9abf-f005-5b90-a915-5875924804de,2023-04-01,-8657.47,-11433.1,-11433.1,-10905.77,-11925.040600316028,-11925.75740458044,-10294.03603515625
86ad9abf-f005-5b90-a915-5875924804de,2023-05-01,-8930.77,-8657.47,-8657.47,-9729.813333333334,-9266.899258297306,-9253.838065988477,-8995.394011230468
86ad9abf-f005-5b90-a915-5875924804de,2023-06-01,-16383.0,-8930.77,-8930.77,-9673.779999999999,-9623.377568796532,-9600.666859296109,-8607.080791015625
86ad9abf-f005-5b90-a915-5875924804de,2023-07-01,-12531.81,-16383.0,-16383.0,-11323.746666666666,-16881.588396449155,-16881.494157908463,-16183.10903930664
86ad9abf-f005-5b90-a915-5875924804de,2023-08-01,-13551.81,-12531.81,-12531.81,-12615.193333333335,-13039.859660800956,-13038.134129134069,-13029.507052001953
86ad9abf-f005-5b90-a915-5875924804de,2023-09-01,-13359.75,-13551.81,-13551.81,-14155.539999999999,-14030.904646008095,-14031.751218160867,-13518.322859344482
86ad9abf-f005-5b90-a915-5875924804de,2023-10-01,-13427.25,-13359.75,-13359.75,-13147.789999999999,-13708.774062153398,-13728.900515041638,-13513.774810791016
86ad9abf-f005-5b90-a915-5875924804de,2023-11-01,-10631.28,-13427.25,-13427.25,-13446.269999999999,-13922.575710512105,-13922.044858987227,-13074.91879272461
86ad9abf-f005-5b90-a915-5875924804de,2023-12-01,-10128.62,-10631.28,-10631.28,-12472.76,-11224.258714385927,-11213.419495808497,-10835.257584838868
86ad9abf-f005-5b90-a915-5875924804de,2024-01-01,-6153.19,-10128.62,-10128.62,-11395.716666666667,-10738.111054419649,-10727.229862446484,-10364.77757751465
86ad9abf-f005-5b90-a915-5875924804de,2024-02-01,-6881.76,-6153.19,-6153.19,-8971.03,-6819.585499737211,-6802.096657502789,-7192.881650390625
86ad9abf-f005-5b90-a915-5875924804de,2024-03-01,-4848.2,-6881.76,-6881.76,-7721.19,-7713.815854372881,-7676.054235733509,-7028.355153808594
86ad9abf-f005-5b90-a915-5875924804de,2024-04-01,-11089.43,-4848.2,-4848.2,-5961.049999999999,-5752.555218178812,-5707.957872580066,-6168.006030273437
86ad9abf-f005-5b90-a915-5875924804de,2024-05-01,-10051.86,-11089.43,-11089.43,-7606.463333333333,-11643.110458669596,-11638.741686353966,-9694.046577148438
86ad9abf-f005-5b90-a915-5875924804de,2024-06-01,-9891.37,-10051.86,-10051.86,-8663.163333333334,-10376.521302852054,-10399.817454796306,-9741.613814697266
86ad9abf-f005-5b90-a915-5875924804de,2024-07-01,230250.85,-9891.37,-9891.37,-10344.220000000001,-10297.070344716376,-10308.965731726805,-9223.220158691407
86ad9abf-f005-5b90-a915-5875924804de,2024-08-01,447564.05,230250.85,230250.85,70102.54,225732.71919235963,226131.1679418103,233667.1546875
86ad9abf-f005-5b90-a915-5875924804de,2024-09-01,470101.57,447564.05,447564.05,222641.17666666667,438464.5844592709,439317.8032101437,450975.86494140624
86ad9abf-f005-5b90-a915-5875924804de,2024-10-01,469599.21,470101.57,470101.57,382638.8233333333,459752.6784934729,460751.54064452974,473272.19255859376
86ad9abf-f005-5b90-a915-5875924804de,2024-11-01,407559.43,469599.21,469599.21,462421.61000000004,459115.72206604865,460150.9019933258,472212.03348632815
8721b018-268d-5b39-aef3-9f9eb24f78fc,2022-01-01,2633.36,,-13252.345000000001,-13252.345000000001,-599.9161128181978,-584.6049202465573,-976.0215454101562
8721b018-268d-5b39-aef3-9f9eb24f78fc,2022-02-01,478.1,2633.36,2633.36,2633.36,1936.1570411681673,1961.4090191709797,2467.4835809326173
8721b018-268d-5b39-aef3-9f9eb24f78fc,2022-03-01,1555.88,478.1,478.1,1555.73,-193.93565994154233,-172.07005393990664,-159.57828369140623
8721b018-268d-5b39-aef3-9f9eb24f78fc,2022-04-01,1723.37,1555.88,1555.88,1555.78,816.4273976153795,844.7611826928553,916.2116040039064
8721b018-268d-5b39-aef3-9f9eb24f78fc,2022-05-01,1860.3,1723.37,1723.37,1252.45,1017.620142612124,1042.181499182734,1416.53357421875
8721b018-268d-5b39-aef3-9f9eb24f78fc,2022-06-01,1975.02,1860.3,1860.3,1713.1833333333334,1106.189312267013,1136.7930547668725,1605.2955444335937
8721b018-268d-5b39-aef3-9f9eb24f78fc,2022-07-01,820.82,1975.02,1975.02,1852.8966666666665,1115.790178263994,1156.3203848575974,2009.5770526123047
8721b018-268d-5b39-aef3-9f9eb24f78fc,2022-08-01,914.32,820.82,820.82,1552.0466666666669,-0.23056830258110494,37.63583722456383,1134.8980334472658
8721b018-268d-5b39-aef3-9f9eb24f78fc,2022-09-01,1851.1,914.32,914.32,1236.72,296.62254176431486,307.7202545613544,1038.8650515747072
8721b018-268d-5b39-aef3-9f9eb24f78fc,2022-10-01,1577.1,1851.1,1851.1,1195.4133333333334,1163.1743869442132,1182.8218237609972,2301.911065673828
8721b018-268d-5b39-aef3-9f9eb24f78fc,2022-11-01,2990.67,1577.1,1577.1,1447.5066666666664,812.1953359410649,841.4684681767438,1962.651544189453
8721b018-268d-5b39-aef3-9f9eb24f78fc,2022-12-01,6575.8,2990.67,2990.67,2139.6233333333334,2183.6726312367223,2217.4508168610178,3010.778039855957
8721b018-268d-5b39-aef3-9f9eb24f78fc,2023-01-01,2608.23,6575.8,6575.8,3714.523333333334,5652.753296674714,5697.621379417558,4789.36884765625
8721b018-268d-5b39-aef3-9f9eb24f78fc,2023-02-01,2569.07,2608.23,2608.23,4058.2333333333336,1809.5443540949766,1840.4221074388693,2488.6948971557617
8721b018-268d-5b39-aef3-9f9eb24f78fc,2023-03-01,2445.41,2569.07,2569.07,3917.7000000000003,1465.1880764670645,1532.916505707603,2705.5991595458986
8721b018-268d-5b39-aef3-9f9eb24f78fc,2023-04-01,4068.15,2445.41,2445.41,2540.903333333333,1479.404341504546,1531.6894477708581,2265.9298669433592
8721b018-268d-5b39-aef3-9f9eb24f78fc,2023-05-01,2923.68,4068.15,4068.15,3027.543333333333,3180.2857392060687,3222.710608090549,3232.824499511719
8721b018-268d-5b39-aef3-9f9eb24f78fc,2023-06-01,2291.26,2923.68,2923.68,3145.7466666666664,2034.054117735677,2077.496246534598,3088.955177001953
8721b018-268d-5b39-aef3-9f9eb24f78fc,2023-07-01,2460.93,2291.26,2291.26,3094.3633333333332,1563.9881139131833,1588.4394946455614,2285.5053083992007
8721b018-268d-5b39-aef3-9f9eb24f78fc,2023-08-01,2392.92,2460.93,2460.93,2558.6233333333334,1681.186580105287,1712.7249727863323,2525.1300045776366
8721b018-268d-5b39-aef3-9f9eb24f78fc,2023-09-01,1284.94,2392.92,2392.92,2381.7033333333334,1686.6316390693814,1709.7856980108772,2470.7794360351563
8721b018-268d-5b39-aef3-9f9eb24f78fc,2023-10-01,1437.77,1284.94,1284.94,2046.2633333333333,646.9293034017348,661.9400110013867,1814.7870458984376
8721b018-268d-5b39-aef3-9f9eb24f78fc,2023-11-01,1933.81,1437.77,1437.77,1705.21,794.3110015972128,810.8914655232384,1581.874766845703
8721b018-268d-5b39-aef3-9f9eb24f78fc,2023-12-01,5103.24,1933.81,1933.81,1552.1733333333334,1272.5136422103512,1290.484170105624,2076.5474877929687
8721b018-268d-5b39-aef3-9f9eb24f78fc,2024-01-01,2081.12,5103.24,5103.24,2824.94,4282.5503386888795,4318.020982589799,3743.5086767578123
8721b018-268d-5b39-aef3-9f9eb24f78fc,2024-02-01,2153.13,2081.12,2081.12,3039.39,1401.7181656625676,1418.4926214240209,2391.3293811035155
8721b018-268d-5b39-aef3-9f9eb24f78fc,2024-03-01,2004.36,2153.13,2153.13,3112.4966666666664,1420.6437341104663,1443.9643479901288,2055.5710095214845
8721b018-268d-5b39-aef3-9f9eb24f78fc,2024-04-01,2170.48,2004.36,2004.36,2079.5366666666664,1282.92692135479,1305.5568985643936,1811.3205865478515
8721b018-268d-5b39-aef3-9f9eb24f78fc,2024-05-01,2367.23,2170.48,2170.48,2109.3233333333333,1338.9670545586366,1375.1929108355039,2190.8919987487793
8721b018-268d-5b39-aef3-9f9eb24f78fc,2024-06-01,2529.22,2367.23,2367.23,2180.69,1544.242909964553,1579.5844212687816,2440.1236462402344
8721b018-268d-5b39-aef3-9f9eb24f78fc,2024-07-01,8999.72,2529.22,2529.22,2355.6433333333334,1732.4613093371943,1766.832423220228,2807.7761218261717
8721b018-268d-5b39-aef3-9f9eb24f78fc,2024-08-01,4762.72,8999.72,8999.72,4632.056666666666,7969.291044148968,8026.0237454379485,7932.143217773437
8721b018-268d-5b39-aef3-9f9eb24f78fc,2024-09-01,5286.11,4762.72,4762.72,5430.553333333332,4255.619195285936,4248.792448269475,4845.2608325195315
8721b018-268d-5b39-aef3-9f9eb24f78fc,2024-10-01,2935.1,5286.11,5286.11,6349.516666666666,4470.498451923976,4503.808643096727,4149.568374023437
8721b018-268d-5b39-aef3-9f9eb24f78fc,2024-11-01,3730.0,2935.1,2935.1,4327.9766666666665,2369.411907753567,2373.8568530411303,3091.957391357422
87d9ab98-4c08-5586-aab6-d0ca428f3b87,2022-01-01,-4091.17,,-13252.345000000001,-13252.345000000001,-599.9161128181978,-584.6049202465573,-976.0215454101562
87d9ab98-4c08-5586-aab6-d0ca428f3b87,2022-02-01,-7657.03,-4091.17,-4091.17,-4091.17,-4567.866405077906,-4570.1313975918165,-8487.86580078125
87d9ab98-4c08-5586-aab6-d0ca428f3b87,2022-03-01,-13116.44,-7657.03,-7657.03,-5874.1,-8231.678728083813,-8218.721312550753,-11773.788789062499
87d9ab98-4c08-5586-aab6-d0ca428f3b87,2022-04-01,-18982.52,-13116.44,-13116.44,-8288.213333333333,-13570.171713764545,-13575.503050194928,-18164.970761718752
87d9ab98-4c08-5586-aab6-d0ca428f3b87,2022-05-01,-22412.28,-18982.52,-18982.52,-13251.996666666666,-19406.575504177086,-19412.448658711917,-21936.383037109375
87d9ab98-4c08-5586-aab6-d0ca428f3b87,2022-06-01,-37311.56,-22412.28,-22412.28,-18170.413333333334,-22756.848552649444,-22773.86356925549,-27774.211640625
87d9ab98-4c08-5586-aab6-d0ca428f3b87,2022-07-01,-46918.92,-37311.56,-37311.56,-26235.453333333335,-37301.01017229295,-37339.73011878236,-42357.0336328125
87d9ab98-4c08-5586-aab6-d0ca428f3b87,2022-08-01,-50988.32,-46918.92,-46918.92,-35547.58666666666,-46546.33248164242,-46645.42590575975,-51635.70515625
87d9ab98-4c08-5586-aab6-d0ca428f3b87,2022-09-01,-64289.49,-50988.32,-50988.32,-45072.93333333333,-50763.57020715519,-50839.56253559391,-56002.392265625
87d9ab98-4c08-5586-aab6-d0ca428f3b87,2022-10-01,-68556.57,-64289.49,-64289.49,-54065.57666666666,-63657.521513745225,-63786.19068258181,-68329.78858398437
87d9ab98-4c08-5586-aab6-d0ca428f3b87,2022-11-01,-73856.93,-68556.57,-68556.57,-61278.12666666667,-68168.67841796037,-68263.40823120113,-73458.88982421876
87d9ab98-4c08-5586-aab6-d0ca428f3b87,2022-12-01,-82525.43,-73856.93,-73856.93,-68900.99666666666,-73442.3991918868,-73538.10429362136,-78765.54865234374
87d9ab98-4c08-5586-aab6-d0ca428f3b87,2023-01-01,-84106.98,-82525.43,-82525.43,-74979.64333333333,-81997.51713770589,-82107.37146079549,-86390.3977734375
87d9ab98-4c08-5586-aab6-d0ca428f3b87,2023-02-01,-87994.93,-84106.98,-84106.98,-80163.11333333333,-83715.91665403702,-83808.96291622508,-88024.83815429687
87d9ab98-4c08-5586-aab6-d0ca428f3b87,2023-03-01,-92519.5,-87994.93,-87994.93,-84875.77999999998,-87558.94325697374,-87655.51084021185,-90975.84528320312
87d9ab98-4c08-5586-aab6-d0ca428f3b87,2023-04-01,-99804.34,-92519.5,-92519.5,-88207.13666666666,-92072.52669410249,-92171.26387061048,-96243.55444335938
87d9ab98-4c08-5586-aab6-d0ca428f3b87,2023-05-01,-100383.42,-99804.34,-99804.34,-93439.59000000001,-99174.59442050719,-99294.80888610375,-102421.25479492187
87d9ab98-4c08-5586-aab6-d0ca428f3b87,2023-06-01,-100819.23,-100383.42,-100383.42,-97569.08666666667,-99946.72445772194,-100040.93727584125,-101660.78059570312
87d9ab98-4c08-5586-aab6-d0ca428f3b87,2023-07-01,-101188.64,-100819.23,-100819.23,-100335.66333333333,-100371.25530366556,-100467.28857000511,-101596.30666015625
87d9ab98-4c08-5586-aab6-d0ca428f3b87,2023-08-01,-100822.38,-101188.64,-101188.64,-100797.09666666666,-100848.17256206651,-100930.0547265265,-101793.60765136719
87d9ab98-4c08-5586-aab6-d0ca428f3b87,2023-09-01,-100357.0,-100822.38,-100822.38,-100943.41666666667,-100507.70881961701,-100586.55778603598,-101128.22848022461
87d9ab98-4c08-5586-aab6-d0ca428f3b87,2023-10-01,-99202.21,-100357.0,-100357.0,-100789.34000000001,-100069.42746537502,-100146.39559564186,-100432.46780395508
87d9ab98-4c08-5586-aab6-d0ca428f3b87,2023-11-01,-98798.05,-99202.21,-99202.21,-100127.19666666667,-98919.89374575285,-98999.95669757454,-99408.20725341798
87d9ab98-4c08-5586-aab6-d0ca428f3b87,2023-12-01,-102126.39,-98798.05,-98798.05,-99452.42,-98586.70846128007,-98657.19449330585,-99462.05207519532
87d9ab98-4c08-5586-aab6-d0ca428f3b87,2024-01-01,-102177.26,-102126.39,-102126.39,-100042.21666666667,-101749.14237877958,-101838.58711661001,-103106.2728125
87d9ab98-4c08-5586-aab6-d0ca428f3b87,2024-02-01,-101866.8,-102177.26,-102177.26,-101033.90000000001,-101818.40906792834,-101904.78376147489,-102478.45009399414
87d9ab98-4c08-5586-aab6-d0ca428f3b87,2024-03-01,-101757.33,-101866.8,-101866.8,-102056.81666666667,-101416.21824574222,-101515.18201674284,-102186.95710449219
87d9ab98-4c08-5586-aab6-d0ca428f3b87,2024-04-01,-103412.05,-101757.33,-101757.33,-101933.79666666668,-101376.11021013538,-101465.98860889504,-102026.31654174805
87d9ab98-4c08-5586-aab6-d0ca428f3b87,2024-05-01,-102828.9,-103412.05,-103412.05,-102345.39333333333,-103020.19420212747,-103109.35338577826,-103303.2146194458
87d9ab98-4c08-5586-aab6-d0ca428f3b87,2024-06-01,-102039.19,-102828.9,-102828.9,-102666.09333333334,-102481.21696250673,-102567.31575566762,-102427.80307617187
87d9ab98-4c08-5586-aab6-d0ca428f3b87,2024-07-01,6381.06,-102039.19,-102039.19,-102760.04666666668,-101735.57876271447,-101816.31042076967,-102360.00817626953
87d9ab98-4c08-5586-aab6-d0ca428f3b87,2024-08-01,23358.85,6381.06,6381.06,-66162.34333333334,4578.211871409018,4708.567436959208,8503.293154296876
87d9ab98-4c08-5586-aab6-d0ca428f3b87,2024-09-01,78700.11,23358.85,23358.85,-24099.76,21230.171402575106,21389.84376191156,26088.598779296874
87d9ab98-4c08-5586-aab6-d0ca428f3b87,2024-10-01,117324.98,78700.11,78700.11,36146.67333333333,75175.85662131665,75478.93627625503,80542.89002929688
87d9ab98-4c08-5586-aab6-d0ca428f3b87,2024-11-01,70139.08,117324.98,117324.98,73127.98,114024.79504788248,114284.02135441973,118043.2471508789
89af0873-ee37-56d6-aea5-78fbc2a65750,2022-01-01,-1299.4,,-13252.345000000001,-13252.345000000001,-599.9161128181978,-584.6049202465573,-976.0215454101562
89af0873-ee37-56d6-aea5-78fbc2a65750,2022-02-01,-11549.51,-1299.4,-1299.4,-1299.4,-1869.654484725117,-1860.152006483159,-5100.555029296875
89af0873-ee37-56d6-aea5-78fbc2a65750,2022-03-01,-13714.19,-11549.51,-11549.51,-6424.455,-11964.765231189747,-11974.835026033796,-13129.931264648438
89af0873-ee37-56d6-aea5-78fbc2a65750,2022-04-01,-15494.3,-13714.19,-13714.19,-8854.366666666667,-14244.402804158563,-14238.335338419078,-15035.785703125
89af0873-ee37-56d6-aea5-78fbc2a65750,2022-05-01,-15441.95,-15494.3,-15494.3,-13586.0,-16004.273831390003,-15997.623311882551,-16535.75129394531
89af0873-ee37-56d6-aea5-78fbc2a65750,2022-06-01,-17115.35,-15441.95,-15441.95,-14883.480000000001,-15996.897763581792,-15986.440434094684,-16254.966845703126
89af0873-ee37-56d6-aea5-78fbc2a65750,2022-07-01,-15708.27,-17115.35,-17115.35,-16017.199999999999,-17452.12526743079,-17469.09575960898,-16273.690026855467
89af0873-ee37-56d6-aea5-78fbc2a65750,2022-08-01,-14692.76,-15708.27,-15708.27,-16088.52333333333,-16242.38167558711,-16235.687329392538,-14751.732036132813
89af0873-ee37-56d6-aea5-78fbc2a65750,2022-09-01,-22023.91,-14692.76,-14692.76,-15838.793333333333,-15286.616935885775,-15270.984771564137,-14951.878591308594
89af0873-ee37-56d6-aea5-78fbc2a65750,2022-10-01,-22932.0,-22023.91,-22023.91,-17474.98,-22323.981467156533,-22347.702229702438,-19702.49642578125
89af0873-ee37-56d6-aea5-78fbc2a65750,2022-11-01,-20192.07,-22932.0,-22932.0,-19882.890000000003,-23256.470085182893,-23277.237186986877,-21597.173461914062
89af0873-ee37-56d6-aea5-78fbc2a65750,2022-12-01,-18502.66,-20192.07,-20192.07,-21715.993333333332,-20457.315514856986,-20484.97973280493,-18927.9264453125
89af0873-ee37-56d6-aea5-78fbc2a65750,2023-01-01,-14591.13,-18502.66,-18502.66,-20542.243333333332,-18909.34951520577,-18920.817420448184,-18410.650562438965
89af0873-ee37-56d6-aea5-78fbc2a65750,2023-02-01,-21786.59,-14591.13,-14591.13,-17761.953333333335,-15070.057084214026,-15075.809093918011,-15499.274592285155
89af0873-ee37-56d6-aea5-78fbc2a65750,2023-03-01,-18042.21,-21786.59,-21786.59,-18293.460000000003,-22084.998214694293,-22110.361708389366,-18986.64615234375
89af0873-ee37-56d6-aea5-78fbc2a65750,2023-04-01,-15189.07,-18042.21,-18042.21,-18139.976666666666,-18665.522113481482,-18650.98804980673,-17404.379921875
89af0873-ee37-56d6-aea5-78fbc2a65750,2023-05-01,-14090.99,-15189.07,-15189.07,-18339.289999999997,-15813.523889110893,-15800.275839281881,-14402.650444335937
89af0873-ee37-56d6-aea5-78fbc2a65750,2023-06-01,-15434.84,-14090.99,-14090.99,-15774.089999999998,-14752.08541568913,-14734.751873039779,-15001.382944335937
89af0873-ee37-56d6-aea5-78fbc2a65750,2023-07-01,-14038.56,-15434.84,-15434.84,-14904.966666666667,-15959.640678265232,-15958.507854564154,-14918.87515625
89af0873-ee37-56d6-aea5-78fbc2a65750,2023-08-01,-15195.04,-14038.56,-14038.56,-14521.463333333333,-14504.90851875492,-14511.727972695242,-14153.699068603515
89af0873-ee37-56d6-aea5-78fbc2a65750,2023-09-01,-23499.27,-15195.04,-15195.04,-14889.480000000001,-15879.691074384371,-15854.763400162044,-15468.877921142579
89af0873-ee37-56d6-aea5-78fbc2a65750,2023-10-01,-19689.29,-23499.27,-23499.27,-17577.623333333333,-23688.488894193062,-23726.495403305405,-20388.561259765625
89af0873-ee37-56d6-aea5-78fbc2a65750,2023-11-01,-15890.7,-19689.29,-19689.29,-19461.2,-20053.816246524035,-20069.494284174216,-18686.826254882813
89af0873-ee37-56d6-aea5-78fbc2a65750,2023-12-01,-18841.71,-15890.7,-15890.7,-19693.08666666667,-16232.803503510468,-16253.56264473813,-14939.352954101563
89af0873-ee37-56d6-aea5-78fbc2a65750,2024-01-01,-14726.29,-18841.71,-18841.71,-18140.56666666667,-19112.1586755436,-19141.24967680936,-17809.44388671875
89af0873-ee37-56d6-aea5-78fbc2a65750,2024-02-01,-21891.2,-14726.29,-14726.29,-16486.233333333334,-15386.37462800175,-15366.854681205667,-14776.071658172608
89af0873-ee37-56d6-aea5-78fbc2a65750,2024-03-01,-17869.51,-21891.2,-21891.2,-18486.4,-22146.634947146707,-22176.981989500855,-18887.60966796875
89af0873-ee37-56d6-aea5-78fbc2a65750,2024-04-01,-16292.02,-17869.51,-17869.51,-18162.333333333332,-18435.29436978462,-18428.763481853544,-16759.38170410156
89af0873-ee37-56d6-aea5-78fbc2a65750,2024-05-01,-14880.32,-16292.02,-16292.02,-18684.243333333332,-16734.611290341665,-16742.124048037986,-15453.920329589844
89af0873-ee37-56d6-aea5-78fbc2a65750,2024-06-01,-14880.32,-14880.32,-14880.32,-16347.283333333333,-15352.35069773063,-15358.034476044204,-15217.826530761718
89af0873-ee37-56d6-aea5-78fbc2a65750,2024-07-01,-7203.09,-14880.32,-14880.32,-15350.886666666667,-15277.516752748239,-15292.41250611566,-14031.487785644531
89af0873-ee37-56d6-aea5-78fbc2a65750,2024-08-01,2152.18,-7203.09,-7203.09,-12321.243333333332,-7903.390601916783,-7883.266749728367,-7411.273868408203
89af0873-ee37-56d6-aea5-78fbc2a65750,2024-09-01,-1224.67,2152.18,2152.18,-6643.743333333333,1012.6418581381538,1079.5595009411159,1556.3947216796873
89af0873-ee37-56d6-aea5-78fbc2a65750,2024-10-01,2370.44,-1224.67,-1224.67,-2091.86,-2196.6106231661006,-2149.754575821149,-1463.6009997558594
89af0873-ee37-56d6-aea5-78fbc2a65750,2024-11-01,12653.46,2370.44,2370.44,1099.3166666666666,1331.8599360665003,1383.8654707917774,1832.79400390625
8b364bfa-ecc7-5634-9b25-b7c8dc992360,2022-01-01,4749.41,,-13252.345000000001,-13252.345000000001,-599.9161128181978,-584.6049202465573,-976.0215454101562
8b364bfa-ecc7-5634-9b25-b7c8dc992360,2022-02-01,-3807.61,4749.41,4749.41,4749.41,4084.922865138819,4106.59372505047,4209.44466796875
8b364bfa-ecc7-5634-9b25-b7c8dc992360,2022-03-01,3533.55,-3807.61,-3807.61,470.89999999999986,-4447.7798498496795,-4428.298972297984,-4140.21385131836
8b364bfa-ecc7-5634-9b25-b7c8dc992360,2022-04-01,3459.27,3533.55,3533.55,1491.7833333333335,2781.4217113140517,2810.6581863508422,2786.8733032226564
8b364bfa-ecc7-5634-9b25-b7c8dc992360,2022-05-01,1913.5,3459.27,3459.27,1061.7366666666665,2753.0565740772286,2778.302032936296,2915.3830981445312
8b364bfa-ecc7-5634-9b25-b7c8dc992360,2022-06-01,2569.2,1913.5,1913.5,2968.773333333333,1121.6583579096425,1158.5436050823537,1490.6614685058594
8b364bfa-ecc7-5634-9b25-b7c8dc992360,2022-07-01,2880.87,2569.2,2569.2,2647.3233333333333,1845.8791132249523,1866.6008212870215,2438.84892578125
8b364bfa-ecc7-5634-9b25-b7c8dc992360,2022-08-01,1797.14,2880.87,2880.87,2454.523333333333,2132.9996858117693,2159.595094449607,2389.7761279296874
8b364bfa-ecc7-5634-9b25-b7c8dc992360,2022-09-01,3639.79,1797.14,1797.14,2415.7366666666667,999.6563303320252,1034.6295414614754,2133.4754492187503
8b364bfa-ecc7-5634-9b25-b7c8dc992360,2022-10-01,-3701.67,3639.79,3639.79,2772.6,2822.999170146415,2859.4444782243595,3275.471427001953
8b364bfa-ecc7-5634-9b25-b7c8dc992360,2022-11-01,-3685.67,-3701.67,-3701.67,578.42,-4355.187610986523,-4340.0002784676035,-2623.7582568359376
8b364bfa-ecc7-5634-9b25-b7c8dc992360,2022-12-01,3708.92,-3685.67,-3685.67,-1249.1833333333334,-3691.7491294471492,-3762.770581882081,-2951.201921386719
8b364bfa-ecc7-5634-9b25-b7c8dc992360,2023-01-01,2639.78,3708.92,3708.92,-1226.14,3246.517177384464,3230.8128550802458,3862.7606372070313
8b364bfa-ecc7-5634-9b25-b7c8dc992360,2023-02-01,2480.77,2639.78,2639.78,887.6766666666668,2436.02695474869,2386.045120776246,2314.830750732422
8b364bfa-ecc7-5634-9b25-b7c8dc992360,2023-03-01,2457.13,2480.77,2480.77,2943.156666666667,2079.2016221220956,2054.288432724233,2258.6331896972656
8b364bfa-ecc7-5634-9b25-b7c8dc992360,2023-04-01,2291.66,2457.13,2457.13,2525.8933333333334,2005.9841468015131,1990.271486244429,2664.0995587158204
8b364bfa-ecc7-5634-9b25-b7c8dc992360,2023-05-01,2168.77,2291.66,2291.66,2409.853333333333,1749.504104699052,1748.3736152622741,2131.976909790039
8b364bfa-ecc7-5634-9b25-b7c8dc992360,2023-06-01,2047.15,2168.77,2168.77,2305.8533333333335,1330.6750179634887,1369.4953551220062,1834.616466064453
8b364bfa-ecc7-5634-9b25-b7c8dc992360,2023-07-01,1779.73,2047.15,2047.15,2169.193333333333,1259.9460254873436,1294.9619636772886,2124.353712463379
8b364bfa-ecc7-5634-9b25-b7c8dc992360,2023-08-01,2240.34,1779.73,1779.73,1998.55,1013.4281200392352,1045.9835628226667,1883.6232418823242
8b364bfa-ecc7-5634-9b25-b7c8dc992360,2023-09-01,2890.79,2240.34,2240.34,2022.4066666666668,1409.756622754659,1450.3513349363498,2329.700076904297
8b364bfa-ecc7-5634-9b25-b7c8dc992360,2023-10-01,1506.6,2890.79,2890.79,2303.6200000000003,2031.7691772459855,2075.0429242693826,2907.414967575073
8b364bfa-ecc7-5634-9b25-b7c8dc992360,2023-11-01,2612.64,1506.6,1506.6,2212.5766666666664,758.1984460250258,786.9632732152098,2118.2574096679687
8b364bfa-ecc7-5634-9b25-b7c8dc992360,2023-12-01,4837.36,2612.64,2612.64,2336.6766666666667,1770.4953085048296,1811.0629528598924,2763.686188354492
8b364bfa-ecc7-5634-9b25-b7c8dc992360,2024-01-01,2697.24,4837.36,4837.36,2985.5333333333333,3983.568695398606,4022.7946385163127,3648.842299804687
8b364bfa-ecc7-5634-9b25-b7c8dc992360,2024-02-01,2357.41,2697.24,2697.24,3382.4133333333334,1811.0050563626965,1855.6967561132094,2677.910913696289
8b364bfa-ecc7-5634-9b25-b7c8dc992360,2024-03-01,2958.91,2357.41,2357.41,3297.336666666666,1480.1055114085211,1523.5898358647808,2475.6808435058592
8b364bfa-ecc7-5634-9b25-b7c8dc992360,2024-04-01,2399.16,2958.91,2958.91,2671.1866666666665,2104.291164038538,2145.449081478072,2800.006694946289
8b364bfa-ecc7-5634-9b25-b7c8dc992360,2024-05-01,2245.72,2399.16,2399.16,2571.8266666666664,1602.6814332109982,1636.4394799826714,2241.267711791992
8b364bfa-ecc7-5634-9b25-b7c8dc992360,2024-06-01,2513.97,2245.72,2245.72,2534.5966666666664,1417.18998539708,1455.7283393561597,2245.5480978798864
8b364bfa-ecc7-5634-9b25-b7c8dc992360,2024-07-01,155515.74,2513.97,2513.97,2386.2833333333333,1712.9282243388786,1748.692933348969,2709.5209185791014
8b364bfa-ecc7-5634-9b25-b7c8dc992360,2024-08-01,149829.2,155515.74,155515.74,53425.14333333333,152883.44494893748,153096.98076631752,153194.30103515624
8b364bfa-ecc7-5634-9b25-b7c8dc992360,2024-09-01,202428.75,149829.2,149829.2,102619.63666666666,147476.79584273623,147649.07627097055,149635.2968322754
8b364bfa-ecc7-5634-9b25-b7c8dc992360,2024-10-01,288292.86,202428.75,202428.75,169257.89666666667,197565.35236134692,198016.66017265088,205576.822265625
8b364bfa-ecc7-5634-9b25-b7c8dc992360,2024-11-01,300304.16,288292.86,288292.86,213516.93666666668,281849.57599080633,282460.3888928516,291540.2879785156
8c3df597-99c8-5a99-88ef-136e4816a897,2022-01-01,-11253.95,,-13252.345000000001,-13252.345000000001,-599.9161128181978,-584.6049202465573,-976.0215454101562
8c3df597-99c8-5a99-88ef-136e4816a897,2022-02-01,-15579.59,-11253.95,-11253.95,-11253.95,-11754.20317697922,-11751.345408099118,-15296.318408203126
8c3df597-99c8-5a99-88ef-136e4816a897,2022-03-01,-15465.97,-15579.59,-15579.59,-13416.77,-16049.433647984293,-16052.838199145255,-17957.723056640625
8c3df597-99c8-5a99-88ef-136e4816a897,2022-04-01,-16473.73,-15465.97,-15465.97,-14099.836666666664,-15978.787317752767,-15974.713956193093,-16858.2014453125
8c3df597-99c8-5a99-88ef-136e4816a897,2022-05-01,-15761.16,-16473.73,-16473.73,-15839.76333333333,-17006.109813500447,-17000.718702796825,-16946.058186035156
8c3df597-99c8-5a99-88ef-136e4816a897,2022-06-01,-13528.08,-15761.16,-15761.16,-15900.286666666667,-16327.45288044187,-16318.363872622005,-17559.62337890625
8c3df597-99c8-5a99-88ef-136e4816a897,2022-07-01,-13526.72,-13528.08,-13528.08,-15254.323333333334,-14118.693629945168,-14104.504079425787,-13989.90095336914
8c3df597-99c8-5a99-88ef-136e4816a897,2022-08-01,-13505.94,-13526.72,-13526.72,-14271.986666666666,-14128.458654207374,-14115.107996622439,-13870.62997314453
8c3df597-99c8-5a99-88ef-136e4816a897,2022-09-01,-12996.65,-13505.94,-13505.94,-13520.246666666666,-14137.349490244595,-14120.572955032332,-13901.954282226563
8c3df597-99c8-5a99-88ef-136e4816a897,2022-10-01,-13424.09,-12996.65,-12996.65,-13343.103333333333,-13685.032491817929,-13662.05604516176,-13060.075941467285
8c3df597-99c8-5a99-88ef-136e4816a897,2022-11-01,-12220.67,-13424.09,-13424.09,-13308.893333333333,-13894.55449713195,-13899.763251523416,-13462.531864013672
8c3df597-99c8-5a99-88ef-136e4816a897,2022-12-01,-10476.11,-12220.67,-12220.67,-12880.470000000001,-12794.858941562687,-12786.132318096408,-11798.812303466797
8c3df597-99c8-5a99-88ef-136e4816a897,2023-01-01,-9772.22,-10476.11,-10476.11,-12040.289999999999,-11086.610691927226,-11074.874438523839,-10379.17559753418
8c3df597-99c8-5a99-88ef-136e4816a897,2023-02-01,-12217.97,-9772.22,-9772.22,-10823.0,-10425.257460895633,-10408.151376734717,-10973.991728515624
8c3df597-99c8-5a99-88ef-136e4816a897,2023-03-01,-16697.67,-12217.97,-12217.97,-10822.1,-12657.502529957994,-12665.90691289139,-13204.857634277343
8c3df597-99c8-5a99-88ef-136e4816a897,2023-04-01,-15366.66,-16697.67,-16697.67,-12895.953333333333,-17122.40997174452,-17129.211506364067,-17015.97953979492
8c3df597-99c8-5a99-88ef-136e4816a897,2023-05-01,-14877.98,-15366.66,-15366.66,-14760.766666666665,-15865.043107135636,-15860.23363877019,-15576.886303100586
8c3df597-99c8-5a99-88ef-136e4816a897,2023-06-01,-14714.48,-14877.98,-14877.98,-15647.436666666666,-15444.14967159052,-15436.301527479896,-14567.880451660156
8c3df597-99c8-5a99-88ef-136e4816a897,2023-07-01,-13048.45,-14714.48,-14714.48,-14986.373333333331,-15065.344099543378,-15085.524916558634,-14743.462065200805
8c3df597-99c8-5a99-88ef-136e4816a897,2023-08-01,-14518.85,-13048.45,-13048.45,-14213.636666666667,-13491.777658662151,-13501.129494869288,-13420.691333007813
8c3df597-99c8-5a99-88ef-136e4816a897,2023-09-01,-12461.2,-14518.85,-14518.85,-14093.926666666666,-15196.94945192209,-15176.027962053638,-13609.89736328125
8c3df597-99c8-5a99-88ef-136e4816a897,2023-10-01,-14726.74,-12461.2,-12461.2,-13342.833333333334,-13102.937414276616,-13088.690038073677,-12229.906268310548
8c3df597-99c8-5a99-88ef-136e4816a897,2023-11-01,-12200.85,-14726.74,-14726.74,-13902.263333333334,-15207.459414388351,-15212.84579866172,-13143.782236328125
8c3df597-99c8-5a99-88ef-136e4816a897,2023-12-01,-11279.94,-12200.85,-12200.85,-13129.596666666666,-12808.40719622255,-12795.891975224808,-12045.485696411133
8c3df597-99c8-5a99-88ef-136e4816a897,2024-01-01,-10160.33,-11279.94,-11279.94,-12735.843333333332,-11732.717272046208,-11741.436784725078,-11206.999364318848
8c3df597-99c8-5a99-88ef-136e4816a897,2024-02-01,-6012.38,-10160.33,-10160.33,-11213.706666666667,-10938.00280832743,-10906.986731210982,-10538.784406738281
8c3df597-99c8-5a99-88ef-136e4816a897,2024-03-01,-10788.71,-6012.38,-6012.38,-9150.883333333333,-6708.214115705171,-6686.334984623272,-8172.83068359375
8c3df597-99c8-5a99-88ef-136e4816a897,2024-04-01,-9058.65,-10788.71,-10788.71,-8987.14,-11321.867055168472,-11319.464338175852,-9657.597817382812
8c3df597-99c8-5a99-88ef-136e4816a897,2024-05-01,-12014.69,-9058.65,-9058.65,-8619.913333333334,-9633.882067560535,-9627.586183077312,-9494.319219970703
8c3df597-99c8-5a99-88ef-136e4816a897,2024-06-01,-13067.85,-12014.69,-12014.69,-10620.683333333332,-12531.741803760688,-12529.923340749772,-12697.673764648438
8c3df597-99c8-5a99-88ef-136e4816a897,2024-07-01,-16839.8,-13067.85,-13067.85,-11380.396666666667,-13481.52943989542,-13493.164456734623,-13791.509057617188
8c3df597-99c8-5a99-88ef-136e4816a897,2024-08-01,-14724.9,-16839.8,-16839.8,-13974.113333333335,-17141.537957204393,-17164.092848013814,-16569.85645751953
8c3df597-99c8-5a99-88ef-136e4816a897,2024-09-01,-10558.37,-14724.9,-14724.9,-14877.516666666665,-15125.225572055566,-15137.057299022028,-15376.286657714843
8c3df597-99c8-5a99-88ef-136e4816a897,2024-10-01,-8094.08,-10558.37,-10558.37,-14041.023333333333,-11075.02595343336,-11072.671540492294,-11268.756169433595
8c3df597-99c8-5a99-88ef-136e4816a897,2024-11-01,-11493.87,-8094.08,-8094.08,-11125.783333333333,-8776.061074184181,-8756.062925467328,-10252.29240234375
8c854de4-fbdd-51ce-bad0-01e631ed40b5,2022-01-01,-12913.24,,-13252.345000000001,-13252.345000000001,-599.9161128181978,-584.6049202465573,-976.0215454101562
8c854de4-fbdd-51ce-bad0-01e631ed40b5,2022-02-01,-23122.18,-12913.24,-12913.24,-12913.24,-13325.327865876585,-13329.345916294074,-16752.368173828123
8c854de4-fbdd-51ce-bad0-01e631ed40b5,2022-03-01,-29868.02,-23122.18,-23122.18,-18017.71,-23450.431898153023,-23470.81463881856,-28376.22052734375
8c854de4-fbdd-51ce-bad0-01e631ed40b5,2022-04-01,-36427.18,-29868.02,-29868.02,-21967.813333333335,-30137.21983920331,-30158.227734337182,-33556.521464843754
8c854de4-fbdd-51ce-bad0-01e631ed40b5,2022-05-01,-41015.0,-36427.18,-36427.18,-29805.793333333335,-36575.41541869867,-36611.94313049149,-41914.5989453125
8c854de4-fbdd-51ce-bad0-01e631ed40b5,2022-06-01,-47960.46,-41015.0,-41015.0,-35770.066666666666,-41234.4377471974,-41263.67878416537,-43271.860107421875
8c854de4-fbdd-51ce-bad0-01e631ed40b5,2022-07-01,-47201.5,-47960.46,-47960.46,-41800.88,-47675.866881586,-47762.543806383655,-47740.453408203124
8c854de4-fbdd-51ce-bad0-01e631ed40b5,2022-08-01,-46516.77,-47201.5,-47201.5,-45392.32,-47122.81615531322,-47184.41421325727,-46976.43049621582
8c854de4-fbdd-51ce-bad0-01e631ed40b5,2022-09-01,-47917.25,-46516.77,-46516.77,-47226.243333333325,-46636.623417546805,-46673.07930117686,-47427.40262939453
8c854de4-fbdd-51ce-bad0-01e631ed40b5,2022-10-01,-45680.15,-47917.25,-47917.25,-47211.84,-48065.8089010725,-48099.945432749635,-46666.39990234375
8c854de4-fbdd-51ce-bad0-01e631ed40b5,2022-11-01,-46153.25,-45680.15,-45680.15,-46704.72333333333,-45917.91582954468,-45943.73874751164,-45529.84206237793
8c854de4-fbdd-51ce-bad0-01e631ed40b5,2022-12-01,-47159.42,-46153.25,-46153.25,-46583.549999999996,-46399.3414110302,-46422.64821673605,-46179.196994781494
8c854de4-fbdd-51ce-bad0-01e631ed40b5,2023-01-01,-45331.4,-47159.42,-47159.42,-46330.94,-47410.59101870491,-47433.0549157362,-47418.380815429686
8c854de4-fbdd-51ce-bad0-01e631ed40b5,2023-02-01,-48151.05,-45331.4,-45331.4,-46214.69,-45644.590927563084,-45658.9649413795,-45802.852270507814
8c854de4-fbdd-51ce-bad0-01e631ed40b5,2023-03-01,-46376.99,-48151.05,-48151.05,-46880.62333333333,-48312.19567562413,-48347.64230977093,-46217.68415527344
8c854de4-fbdd-51ce-bad0-01e631ed40b5,2023-04-01,-45897.83,-46376.99,-46376.99,-46619.81333333333,-46643.10588170208,-46663.922079847864,-46689.517862548826
8c854de4-fbdd-51ce-bad0-01e631ed40b5,2023-05-01,-49179.56,-45897.83,-45897.83,-46808.62333333333,-46069.979827892,-46102.60226965509,-46507.41544921875
8c854de4-fbdd-51ce-bad0-01e631ed40b5,2023-06-01,-54706.72,-49179.56,-49179.56,-47151.46,-49337.38909113027,-49371.35521386179,-50664.57513671875
8c854de4-fbdd-51ce-bad0-01e631ed40b5,2023-07-01,-54297.69,-54706.72,-54706.72,-49928.03666666666,-54681.75593368372,-54736.68706244881,-54301.63442871094
8c854de4-fbdd-51ce-bad0-01e631ed40b5,2023-08-01,-53742.76,-54297.69,-54297.69,-52727.99,-54350.844475355145,-54396.24205682203,-54705.019223632815
8c854de4-fbdd-51ce-bad0-01e631ed40b5,2023-09-01,-54942.32,-53742.76,-53742.76,-54249.05666666667,-53823.93002528072,-53865.380384588345,-54508.840078125
8c854de4-fbdd-51ce-bad0-01e631ed40b5,2023-10-01,-51555.5,-54942.32,-54942.32,-54327.590000000004,-55066.40640874624,-55102.74392823651,-53905.38848144531
8c854de4-fbdd-51ce-bad0-01e631ed40b5,2023-11-01,-52142.69,-51555.5,-51555.5,-53413.52666666667,-51768.98752317865,-51796.11938687516,-51403.88342285156
8c854de4-fbdd-51ce-bad0-01e631ed40b5,2023-12-01,-52302.15,-52142.69,-52142.69,-52880.170000000006,-52263.53759286173,-52302.285976033374,-52266.12906402588
8c854de4-fbdd-51ce-bad0-01e631ed40b5,2024-01-01,-48782.5,-52302.15,-52302.15,-52000.113333333335,-52535.83611030605,-52559.99852993003,-52819.76773681641
8c854de4-fbdd-51ce-bad0-01e631ed40b5,2024-02-01,-51660.22,-48782.5,-48782.5,-51075.78,-49147.98853995441,-49157.96307444796,-49822.3564453125
8c854de4-fbdd-51ce-bad0-01e631ed40b5,2024-03-01,-48709.26,-51660.22,-51660.22,-50914.956666666665,-51771.93135915589,-51813.25089766286,-50020.17446777344
8c854de4-fbdd-51ce-bad0-01e631ed40b5,2024-04-01,-48210.38,-48709.26,-48709.26,-49717.32666666667,-49030.903330892106,-49047.822837569474,-48997.47606445313
8c854de4-fbdd-51ce-bad0-01e631ed40b5,2024-05-01,-48396.81,-48210.38,-48210.38,-49526.619999999995,-48458.05374374684,-48481.78647048425,-48876.64019287109
8c854de4-fbdd-51ce-bad0-01e631ed40b5,2024-06-01,-49177.17,-48396.81,-48396.81,-48438.81666666667,-48669.09412187746,-48690.02252841061,-49104.122377929685
8c854de4-fbdd-51ce-bad0-01e631ed40b5,2024-07-01,-68556.08,-49177.17,-49177.17,-48594.78666666666,-49362.95148848838,-49396.51047284168,-48926.10394470215
8c854de4-fbdd-51ce-bad0-01e631ed40b5,2024-08-01,-71063.35,-68556.08,-68556.08,-55376.68666666667,-68111.81134998635,-68216.59976878174,-70732.46110351563
8c854de4-fbdd-51ce-bad0-01e631ed40b5,2024-09-01,-70367.18,-71063.35,-71063.35,-62932.19999999999,-70753.77516514686,-70840.54542680786,-73284.148828125
8c854de4-fbdd-51ce-bad0-01e631ed40b5,2024-10-01,-92416.65,-70367.18,-70367.18,-69995.53666666667,-70069.12708639767,-70151.09993933438,-72072.43732421874
8c854de4-fbdd-51ce-bad0-01e631ed40b5,2024-11-01,-94696.77,-92416.65,-92416.65,-77949.06,-91513.30538823165,-91669.0909280573,-94119.03793945312
8d416276-51e4-50fd-93f2-01be0829e732,2022-01-01,-5525.49,,-13252.345000000001,-13252.345000000001,-599.9161128181978,-584.6049202465573,-976.0215454101562
8d416276-51e4-50fd-93f2-01be0829e732,2022-02-01,-14855.14,-5525.49,-5525.49,-5525.49,-6029.607251696344,-6029.404191871866,-8263.9773046875
8d416276-51e4-50fd-93f2-01be0829e732,2022-03-01,-7748.02,-14855.14,-14855.14,-10190.314999999999,-15461.065326096554,-15444.069678076845,-17519.341416015624
8d416276-51e4-50fd-93f2-01be0829e732,2022-04-01,-12418.07,-7748.02,-7748.02,-9376.216666666667,-8308.22906310749,-8300.426492970793,-9607.334208984375
8d416276-51e4-50fd-93f2-01be0829e732,2022-05-01,-5817.02,-12418.07,-12418.07,-11673.743333333332,-12993.507035682567,-12982.15739929291,-12327.066307373047
8d416276-51e4-50fd-93f2-01be0829e732,2022-06-01,-8424.7,-5817.02,-5817.02,-8661.036666666667,-6513.04267836772,-6488.688609284381,-7550.460795898438
8d416276-51e4-50fd-93f2-01be0829e732,2022-07-01,-7956.67,-8424.7,-8424.7,-8886.596666666666,-8999.075259409543,-8989.468565667028,-8061.604937744141
8d416276-51e4-50fd-93f2-01be0829e732,2022-08-01,-7683.81,-7956.67,-7956.67,-7399.463333333333,-8508.738877054811,-8503.515366011403,-8344.386003417969
8d416276-51e4-50fd-93f2-01be0829e732,2022-09-01,-5449.37,-7683.81,-7683.81,-8021.7266666666665,-8312.11466380191,-8296.331351055114,-7563.077028808594
8d416276-51e4-50fd-93f2-01be0829e732,2022-10-01,-9829.71,-5449.37,-5449.37,-7029.95,-6125.223852167824,-6103.669885444178,-6557.270512695312
8d416276-51e4-50fd-93f2-01be0829e732,2022-11-01,-7359.27,-9829.71,-9829.71,-7654.296666666666,-10289.390441850628,-10295.09843810944,-7990.601967773437
8d416276-51e4-50fd-93f2-01be0829e732,2022-12-01,-4688.77,-7359.27,-7359.27,-7546.116666666666,-7939.743843964921,-7931.739500791304,-6163.338603515625
8d416276-51e4-50fd-93f2-01be0829e732,2023-01-01,-262.51,-4688.77,-4688.77,-7292.583333333333,-5266.3411719746,-5259.389599338785,-4033.025798339844
8d416276-51e4-50fd-93f2-01be0829e732,2023-02-01,-12455.03,-262.51,-262.51,-4103.516666666667,-1180.6232845713557,-1135.5024351987595,-1791.838857421875
8d416276-51e4-50fd-93f2-01be0829e732,2023-03-01,-17649.78,-12455.03,-12455.03,-5802.1033333333335,-13047.103353703365,-13040.041009831542,-12046.122834472657
8d416276-51e4-50fd-93f2-01be0829e732,2023-04-01,-9624.18,-17649.78,-17649.78,-10122.439999999999,-17912.23975105713,-17944.413539790807,-17527.187341003417
8d416276-51e4-50fd-93f2-01be0829e732,2023-05-01,-10090.18,-9624.18,-9624.18,-13242.996666666666,-10142.097176992305,-10140.727222170826,-10177.526801757813
8d416276-51e4-50fd-93f2-01be0829e732,2023-06-01,-10314.11,-10090.18,-10090.18,-12454.713333333333,-10297.671551619382,-10335.559658387077,-10475.169471435547
8d416276-51e4-50fd-93f2-01be0829e732,2023-07-01,-8557.36,-10314.11,-10314.11,-10009.49,-10642.1695194172,-10664.471316676814,-10792.859969482422
8d416276-51e4-50fd-93f2-01be0829e732,2023-08-01,-10073.91,-8557.36,-8557.36,-9653.883333333333,-9115.531457156794,-9107.77742239088,-8927.07630859375
8d416276-51e4-50fd-93f2-01be0829e732,2023-09-01,-8087.25,-10073.91,-10073.91,-9648.460000000001,-10652.884827894171,-10642.494669069318,-8786.76107421875
8d416276-51e4-50fd-93f2-01be0829e732,2023-10-01,-14167.4,-8087.25,-8087.25,-8906.173333333334,-8702.327387510753,-8689.620461333774,-8333.189849853516
8d416276-51e4-50fd-93f2-01be0829e732,2023-11-01,-10754.03,-14167.4,-14167.4,-10776.186666666666,-14451.0253789569,-14479.3693545324,-12121.547338867187
8d416276-51e4-50fd-93f2-01be0829e732,2023-12-01,-6752.7,-10754.03,-10754.03,-11002.893333333333,-11300.360725561917,-11295.68411161026,-10059.4704296875
8d416276-51e4-50fd-93f2-01be0829e732,2024-01-01,-5907.72,-6752.7,-6752.7,-10558.043333333333,-7392.268022681126,-7378.208327519603,-6158.361987304687
8d416276-51e4-50fd-93f2-01be0829e732,2024-02-01,-6644.76,-5907.72,-5907.72,-7804.816666666667,-6575.866892519411,-6557.304761694637,-7270.03787109375
8d416276-51e4-50fd-93f2-01be0829e732,2024-03-01,-5010.07,-6644.76,-6644.76,-6435.06,-7327.099927683282,-7307.5226152579135,-7341.437368164063
8d416276-51e4-50fd-93f2-01be0829e732,2024-04-01,-4862.71,-5010.07,-5010.07,-5854.183333333333,-5700.147957219757,-5680.333318363626,-5457.832023925781
8d416276-51e4-50fd-93f2-01be0829e732,2024-05-01,-5744.84,-4862.71,-4862.71,-5505.846666666667,-5633.7097573548035,-5602.749874351715,-5524.238259277344
8d416276-51e4-50fd-93f2-01be0829e732,2024-06-01,-3865.2,-5744.84,-5744.84,-5205.873333333333,-6459.402179000197,-6434.230225384452,-5743.4122064971925
8d416276-51e4-50fd-93f2-01be0829e732,2024-07-01,-2405.53,-3865.2,-3865.2,-4824.25,-4629.27257624129,-4597.619726837311,-4035.796282958984
8d416276-51e4-50fd-93f2-01be0829e732,2024-08-01,-306.77,-2405.53,-2405.53,-4005.19,-3152.340004534103,-3124.419629999994,-3044.816804199219
8d416276-51e4-50fd-93f2-01be0829e732,2024-09-01,4586.47,-306.77,-306.77,-2192.5,-980.380275864456,-963.5272162461613,-954.031474609375
8d416276-51e4-50fd-93f2-01be0829e732,2024-10-01,10143.7,4586.47,4586.47,624.7233333333335,3601.2939743443853,3655.865383460765,2786.4519335937503
8d416276-51e4-50fd-93f2-01be0829e732,2024-11-01,14475.89,10143.7,10143.7,4807.8,9525.915245478593,9522.421942454755,9305.914904785157
8ef87961-8781-5407-ad66-0b41f13a8496,2022-01-01,-2581.27,,-13252.345000000001,-13252.345000000001,-599.9161128181978,-584.6049202465573,-976.0215454101562
8ef87961-8781-5407-ad66-0b41f13a8496,2022-02-01,-4903.89,-2581.27,-2581.27,-2581.27,-3102.736658056594,-3098.9632524353788,-5303.135478515625
8ef87961-8781-5407-ad66-0b41f13a8496,2022-03-01,-6242.86,-4903.89,-4903.89,-3742.58,-5468.721152568165,-5459.637750722078,-6694.822250976563
8ef87961-8781-5407-ad66-0b41f13a8496,2022-04-01,-7537.08,-6242.86,-6242.86,-4576.006666666667,-6853.564602084961,-6839.114132126042,-7709.4664453125
8ef87961-8781-5407-ad66-0b41f13a8496,2022-05-01,-8872.08,-7537.08,-7537.08,-6227.943333333333,-8127.341892470332,-8114.007741409277,-8946.75724609375
8ef87961-8781-5407-ad66-0b41f13a8496,2022-06-01,-9800.92,-8872.08,-8872.08,-7550.673333333333,-9461.580557977111,-9448.704734201578,-10290.747236328125
8ef87961-8781-5407-ad66-0b41f13a8496,2022-07-01,-10961.84,-9800.92,-9800.92,-8736.693333333335,-10234.355489689788,-10239.571077919989,-10372.953325195313
8ef87961-8781-5407-ad66-0b41f13a8496,2022-08-01,-11754.96,-10961.84,-10961.84,-9878.28,-11424.023231303785,-11425.35487564445,-11119.979953613281
8ef87961-8781-5407-ad66-0b41f13a8496,2022-09-01,-10869.57,-11754.96,-11754.96,-10839.24,-12268.244381017568,-12263.908376273363,-12081.883461914062
8ef87961-8781-5407-ad66-0b41f13a8496,2022-10-01,-10115.83,-10869.57,-10869.57,-11195.456666666665,-11446.420479090808,-11434.303529371537,-10805.181923217773
8ef87961-8781-5407-ad66-0b41f13a8496,2022-11-01,-11666.39,-10115.83,-10115.83,-10913.453333333333,-10713.716842133617,-10700.103740329478,-10317.4520703125
8ef87961-8781-5407-ad66-0b41f13a8496,2022-12-01,-5704.93,-11666.39,-11666.39,-10883.93,-12219.182559033858,-12210.4663334367,-11602.390610351562
8ef87961-8781-5407-ad66-0b41f13a8496,2023-01-01,-6412.16,-5704.93,-5704.93,-9162.383333333333,-6456.442603317994,-6426.819252301807,-6918.743720703125
8ef87961-8781-5407-ad66-0b41f13a8496,2023-02-01,-7342.83,-6412.16,-6412.16,-7927.826666666667,-7116.37893981855,-7092.87675388267,-7313.381557617187
8ef87961-8781-5407-ad66-0b41f13a8496,2023-03-01,-7205.21,-7342.83,-7342.83,-6486.639999999999,-8096.535507634712,-8066.792041828688,-8461.96525390625
8ef87961-8781-5407-ad66-0b41f13a8496,2023-04-01,-8341.64,-7205.21,-7205.21,-6986.733333333334,-7908.65814109657,-7883.983956826095,-7762.60599609375
8ef87961-8781-5407-ad66-0b41f13a8496,2023-05-01,-9169.59,-8341.64,-8341.64,-7629.893333333333,-8888.197519029041,-8883.351608402321,-8815.82667602539
8ef87961-8781-5407-ad66-0b41f13a8496,2023-06-01,-9410.63,-9169.59,-9169.59,-8238.813333333334,-9746.241779093985,-9736.471596914484,-9491.370029296875
8ef87961-8781-5407-ad66-0b41f13a8496,2023-07-01,-10848.12,-9410.63,-9410.63,-8973.953333333333,-9974.196311172524,-9964.541121523367,-9687.48986328125
8ef87961-8781-5407-ad66-0b41f13a8496,2023-08-01,-11374.28,-10848.12,-10848.12,-9809.446666666667,-11367.968729158483,-11362.83310468747,-11555.713566894532
8ef87961-8781-5407-ad66-0b41f13a8496,2023-09-01,-11841.26,-11374.28,-11374.28,-10544.343333333332,-11908.51052213986,-11901.423105566892,-11619.396149902344
8ef87961-8781-5407-ad66-0b41f13a8496,2023-10-01,-13218.74,-11841.26,-11841.26,-11354.553333333335,-12376.960451800589,-12368.960676173618,-12053.570165405274
8ef87961-8781-5407-ad66-0b41f13a8496,2023-11-01,-11894.52,-13218.74,-13218.74,-12144.76,-13694.313515607715,-13694.77327641094,-12911.291544189453
8ef87961-8781-5407-ad66-0b41f13a8496,2023-12-01,-6762.39,-11894.52,-11894.52,-12318.173333333334,-12502.100136640973,-12486.235476037027,-11431.718883056641
8ef87961-8781-5407-ad66-0b41f13a8496,2024-01-01,-8398.22,-6762.39,-6762.39,-10625.216666666667,-7434.488596930647,-7414.6163068038695,-8059.537094726563
8ef87961-8781-5407-ad66-0b41f13a8496,2024-02-01,-9515.23,-8398.22,-8398.22,-9018.376666666667,-9016.947029995674,-9004.173936330595,-9234.590666503906
8ef87961-8781-5407-ad66-0b41f13a8496,2024-03-01,-10955.01,-9515.23,-9515.23,-8225.279999999999,-10143.230739718301,-10127.625216995913,-10507.864338378906
8ef87961-8781-5407-ad66-0b41f13a8496,2024-04-01,-10753.52,-10955.01,-10955.01,-9622.82,-11397.485207356653,-11405.199551845093,-11088.93317199707
8ef87961-8781-5407-ad66-0b41f13a8496,2024-05-01,-10858.4,-10753.52,-10753.52,-10407.92,-11327.7655911808,-11318.315785103492,-10820.807590026856
8ef87961-8781-5407-ad66-0b41f13a8496,2024-06-01,-10858.4,-10858.4,-10858.4,-10855.643333333333,-11308.540519845783,-11314.610731975616,-10996.127020263672
8ef87961-8781-5407-ad66-0b41f13a8496,2024-07-01,-15323.14,-10858.4,-10858.4,-10823.44,-11464.407612459401,-11447.792385733475,-11228.848822021484
8ef87961-8781-5407-ad66-0b41f13a8496,2024-08-01,-17841.37,-15323.14,-15323.14,-12346.646666666667,-15684.18779720392,-15697.66470482319,-16559.923935546874
8ef87961-8781-5407-ad66-0b41f13a8496,2024-09-01,-12695.12,-17841.37,-17841.37,-14674.303333333331,-18165.49248777446,-18182.554413936956,-19374.566044921874
8ef87961-8781-5407-ad66-0b41f13a8496,2024-10-01,-17435.42,-12695.12,-12695.12,-15286.543333333333,-13094.210173193544,-13106.542656979926,-14464.5487109375
8ef87961-8781-5407-ad66-0b41f13a8496,2024-11-01,-21683.14,-17435.42,-17435.42,-15990.636666666667,-17811.924406121325,-17822.14422665345,-18863.38447753906
8f0fcb0b-4590-56bb-a1c0-184bcd6f0628,2022-01-01,-169.06,,-13252.345000000001,-13252.345000000001,-599.9161128181978,-584.6049202465573,-976.0215454101562
8f0fcb0b-4590-56bb-a1c0-184bcd6f0628,2022-02-01,-841.49,-169.06,-169.06,-169.06,-817.7880499712182,-797.4150071614392,-987.945986328125
8f0fcb0b-4590-56bb-a1c0-184bcd6f0628,2022-03-01,392.74,-841.49,-841.49,-505.275,-1534.1952859719413,-1508.5746862699598,-1311.5080053710938
8f0fcb0b-4590-56bb-a1c0-184bcd6f0628,2022-04-01,-731.33,392.74,392.74,-205.93666666666664,-313.50803083046185,-288.0918660256466,-311.5479638671875
8f0fcb0b-4590-56bb-a1c0-184bcd6f0628,2022-05-01,-2727.28,-731.33,-731.33,-393.35999999999996,-1444.2288601107243,-1417.1494553512775,-1073.3188305664062
8f0fcb0b-4590-56bb-a1c0-184bcd6f0628,2022-06-01,-1338.9,-2727.28,-2727.28,-1021.9566666666666,-3436.233982755347,-3409.964453954936,-2461.2517102050783
8f0fcb0b-4590-56bb-a1c0-184bcd6f0628,2022-07-01,-130.72,-1338.9,-1338.9,-1599.17,-1952.5055877951568,-1944.1010905488843,-1406.6611160278321
8f0fcb0b-4590-56bb-a1c0-184bcd6f0628,2022-08-01,-1765.55,-130.72,-130.72,-1398.966666666667,-735.3372270609422,-726.9144416642268,-293.49294921875
8f0fcb0b-4590-56bb-a1c0-184bcd6f0628,2022-09-01,-447.78,-1765.55,-1765.55,-1078.39,-2396.2913868810488,-2382.2623369904654,-1265.82392578125
8f0fcb0b-4590-56bb-a1c0-184bcd6f0628,2022-10-01,-2148.14,-447.78,-447.78,-781.3499999999999,-1124.6295682501452,-1103.700721301942,-686.0628979492187
8f0fcb0b-4590-56bb-a1c0-184bcd6f0628,2022-11-01,-269.53,-2148.14,-2148.14,-1453.8233333333335,-2634.2589362072913,-2638.264148004489,-1315.8884130859374
8f0fcb0b-4590-56bb-a1c0-184bcd6f0628,2022-12-01,2277.01,-269.53,-269.53,-955.15,-805.2399411685407,-803.4811696397168,-165.66364410400388
8f0fcb0b-4590-56bb-a1c0-184bcd6f0628,2023-01-01,158.62,2277.01,2277.01,-46.88666666666654,1827.3634914299205,1814.6047753164344,1232.0743310546877
8f0fcb0b-4590-56bb-a1c0-184bcd6f0628,2023-02-01,67.71,158.62,158.62,722.0333333333334,-344.66114202850895,-351.4718521826029,-165.80486572265625
8f0fcb0b-4590-56bb-a1c0-184bcd6f0628,2023-03-01,-1581.33,67.71,67.71,834.4466666666667,-633.0649869175111,-611.9900131115749,-118.64064697265626
8f0fcb0b-4590-56bb-a1c0-184bcd6f0628,2023-04-01,-2050.23,-1581.33,-1581.33,-451.6666666666667,-1921.193561881273,-1949.145858828746,-1828.0303631591796
8f0fcb0b-4590-56bb-a1c0-184bcd6f0628,2023-05-01,-2288.52,-2050.23,-2050.23,-1187.95,-2356.2228470601644,-2389.1999305638074,-2034.7405962753296
8f0fcb0b-4590-56bb-a1c0-184bcd6f0628,2023-06-01,-2365.66,-2288.52,-2288.52,-1973.36,-2743.743919603724,-2753.6456959591924,-2260.939200897217
8f0fcb0b-4590-56bb-a1c0-184bcd6f0628,2023-07-01,-5130.23,-2365.66,-2365.66,-2234.8033333333333,-2963.3678515067286,-2953.3221762411663,-2395.123756561279
8f0fcb0b-4590-56bb-a1c0-184bcd6f0628,2023-08-01,483.07,-5130.23,-5130.23,-3261.47,-5810.434291974692,-5789.86251156419,-3920.422260742187
8f0fcb0b-4590-56bb-a1c0-184bcd6f0628,2023-09-01,-3388.74,483.07,483.07,-2337.6066666666666,-151.4654834417808,-138.50902251247857,-15.060126953125007
8f0fcb0b-4590-56bb-a1c0-184bcd6f0628,2023-10-01,-3215.66,-3388.74,-3388.74,-2678.633333333333,-3967.6090997271813,-3962.2346811840407,-2204.1214697265623
8f0fcb0b-4590-56bb-a1c0-184bcd6f0628,2023-11-01,-748.08,-3215.66,-3215.66,-2040.4433333333334,-3713.4180882888522,-3719.712758444556,-2824.4461328125
8f0fcb0b-4590-56bb-a1c0-184bcd6f0628,2023-12-01,4579.18,-748.08,-748.08,-2450.8266666666664,-1283.7620890364701,-1285.2668936126454,-387.25324829101567
8f0fcb0b-4590-56bb-a1c0-184bcd6f0628,2024-01-01,3424.11,4579.18,4579.18,205.14666666666685,3898.0201471770492,3907.4449174276965,3082.6897656250003
8f0fcb0b-4590-56bb-a1c0-184bcd6f0628,2024-02-01,-116.13,3424.11,3424.11,2418.4033333333336,3484.6140979635657,3394.3374741213606,2083.3318017578126
8f0fcb0b-4590-56bb-a1c0-184bcd6f0628,2024-03-01,1193.14,-116.13,-116.13,2629.0533333333333,-878.5238873398126,-852.6248652160235,253.17096435546875
8f0fcb0b-4590-56bb-a1c0-184bcd6f0628,2024-04-01,-476.76,1193.14,1193.14,1500.3733333333337,715.8078174041949,702.0895170850404,422.86222900390635
8f0fcb0b-4590-56bb-a1c0-184bcd6f0628,2024-05-01,686.13,-476.76,-476.76,200.08333333333337,-1100.4764686566252,-1095.763470572052,-613.5007989501953
8f0fcb0b-4590-56bb-a1c0-184bcd6f0628,2024-06-01,-1.23,686.13,686.13,467.5033333333334,-24.76348591982935,-8.788311347430295,524.6185559082031
8f0fcb0b-4590-56bb-a1c0-184bcd6f0628,2024-07-01,210.82,-1.23,-1.23,69.38,-570.7721322462687,-571.7946001301156,260.1174426269531
8f0fcb0b-4590-56bb-a1c0-184bcd6f0628,2024-08-01,-2655.07,210.82,210.82,298.5733333333333,-290.31221857057875,-301.3225702915667,65.81032592773437
8f0fcb0b-4590-56bb-a1c0-184bcd6f0628,2024-09-01,42642.07,-2655.07,-2655.07,-815.16,-2702.316608603654,-2772.947061561042,-1025.8706591796877
8f0fcb0b-4590-56bb-a1c0-184bcd6f0628,2024-10-01,42377.06,42642.07,42642.07,13399.273333333333,40758.272193728975,40888.0559676256,43674.65947753906
8f0fcb0b-4590-56bb-a1c0-184bcd6f0628,2024-11-01,39816.26,42377.06,42377.06,27454.686666666665,40579.32978249251,40703.03518634982,42672.48178344726
92f1ebab-ff38-5f84-a14d-98cfed34de86,2022-01-01,-7788.88,,-13252.345000000001,-13252.345000000001,-599.9161128181978,-584.6049202465573,-976.0215454101562
92f1ebab-ff38-5f84-a14d-98cfed34de86,2022-02-01,-7597.8,-7788.88,-7788.88,-7788.88,-8154.579483864875,-8172.759253438037,-8646.354243164064
92f1ebab-ff38-5f84-a14d-98cfed34de86,2022-03-01,-12576.71,-7597.8,-7597.8,-7693.34,-8217.237655995354,-8200.57273822536,-9479.374340820312
92f1ebab-ff38-5f84-a14d-98cfed34de86,2022-04-01,-13568.07,-12576.71,-12576.71,-9321.13,-13060.949499424469,-13061.784349774576,-15631.92630859375
92f1ebab-ff38-5f84-a14d-98cfed34de86,2022-05-01,-22135.29,-13568.07,-13568.07,-11247.526666666667,-14144.128892988509,-14133.127158324583,-15265.725517578125
92f1ebab-ff38-5f84-a14d-98cfed34de86,2022-06-01,-19876.7,-22135.29,-22135.29,-16093.356666666667,-22356.453698597797,-22392.178523337083,-21766.10167602539
92f1ebab-ff38-5f84-a14d-98cfed34de86,2022-07-01,-19869.26,-19876.7,-19876.7,-18526.68666666667,-20231.59020961822,-20245.780454097483,-19882.331172657014
92f1ebab-ff38-5f84-a14d-98cfed34de86,2022-08-01,-21586.25,-19869.26,-19869.26,-20627.083333333332,-20101.190244692814,-20132.1265478727,-20161.192647705077
92f1ebab-ff38-5f84-a14d-98cfed34de86,2022-09-01,-19111.21,-21586.25,-21586.25,-20444.069999999996,-21991.413753590918,-21998.939927124244,-21395.300521850586
92f1ebab-ff38-5f84-a14d-98cfed34de86,2022-10-01,-17871.5,-19111.21,-19111.21,-20188.906666666666,-19553.593198754137,-19560.31417819205,-18039.47379394531
92f1ebab-ff38-5f84-a14d-98cfed34de86,2022-11-01,-18115.47,-17871.5,-17871.5,-19522.986666666668,-18426.695564535818,-18419.02478582849,-18006.539825439453
92f1ebab-ff38-5f84-a14d-98cfed34de86,2022-12-01,-19328.15,-18115.47,-18115.47,-18366.06,-18792.525899573233,-18766.868323396026,-18923.06655761719
92f1ebab-ff38-5f84-a14d-98cfed34de86,2023-01-01,-20836.48,-19328.15,-19328.15,-18438.373333333333,-19799.21693855665,-19800.82850586771,-19451.292501831056
92f1ebab-ff38-5f84-a14d-98cfed34de86,2023-02-01,-19100.43,-20836.48,-20836.48,-19426.7,-21215.01470086774,-21228.689034244002,-19568.2114453125
92f1ebab-ff38-5f84-a14d-98cfed34de86,2023-03-01,-17522.25,-19100.43,-19100.43,-19755.02,-19578.79329659875,-19581.239174149774,-18541.704658203125
92f1ebab-ff38-5f84-a14d-98cfed34de86,2023-04-01,-17516.9,-17522.25,-17522.25,-19153.053333333333,-18043.91384120524,-18040.895306389568,-17492.630794525146
92f1ebab-ff38-5f84-a14d-98cfed34de86,2023-05-01,-17432.36,-17516.9,-17516.9,-18046.52666666667,-18091.45873278087,-18081.426097712076,-17885.31683959961
92f1ebab-ff38-5f84-a14d-98cfed34de86,2023-06-01,-19160.85,-17432.36,-17432.36,-17490.503333333334,-18010.759296179844,-17999.093147229076,-18195.848098144532
92f1ebab-ff38-5f84-a14d-98cfed34de86,2023-07-01,-21367.55,-19160.85,-19160.85,-18036.703333333335,-19603.901242255975,-19609.736329432937,-18847.48293457031
92f1ebab-ff38-5f84-a14d-98cfed34de86,2023-08-01,-20067.19,-21367.55,-21367.55,-19320.25333333333,-21826.395240190068,-21830.075102112376,-20473.381970214843
92f1ebab-ff38-5f84-a14d-98cfed34de86,2023-09-01,-16103.15,-20067.19,-20067.19,-20198.53,-20541.62592420457,-20542.878564665272,-19762.552823486327
92f1ebab-ff38-5f84-a14d-98cfed34de86,2023-10-01,-17496.01,-16103.15,-16103.15,-19179.296666666665,-16705.35875317242,-16692.82560345648,-16447.06586303711
92f1ebab-ff38-5f84-a14d-98cfed34de86,2023-11-01,-17689.53,-17496.01,-17496.01,-17888.78333333333,-17941.50942346344,-17949.672251962565,-17383.648160705565
92f1ebab-ff38-5f84-a14d-98cfed34de86,2023-12-01,-19393.24,-17689.53,-17689.53,-17096.23,-18156.366906044077,-18160.695439754934,-18287.74826171875
92f1ebab-ff38-5f84-a14d-98cfed34de86,2024-01-01,-21779.86,-19393.24,-19393.24,-18192.926666666666,-19730.653985957757,-19750.303042274783,-19796.672769775392
92f1ebab-ff38-5f84-a14d-98cfed34de86,2024-02-01,-17708.91,-21779.86,-21779.86,-19620.876666666667,-22084.66098258317,-22107.551139308565,-19837.278090820313
92f1ebab-ff38-5f84-a14d-98cfed34de86,2024-03-01,-16799.34,-17708.91,-17708.91,-19627.33666666667,-18271.34139994761,-18263.19250372318,-17292.88525024414
92f1ebab-ff38-5f84-a14d-98cfed34de86,2024-04-01,-21096.44,-16799.34,-16799.34,-18762.703333333335,-17287.91484563196,-17288.624127160565,-17441.508701171875
92f1ebab-ff38-5f84-a14d-98cfed34de86,2024-05-01,-18855.07,-21096.44,-21096.44,-18534.896666666667,-21384.60002045257,-21411.074779392704,-19889.12176269531
92f1ebab-ff38-5f84-a14d-98cfed34de86,2024-06-01,-15581.19,-18855.07,-18855.07,-18916.949999999997,-19262.946309513532,-19274.191239273634,-18577.95265991211
92f1ebab-ff38-5f84-a14d-98cfed34de86,2024-07-01,-16149.45,-15581.19,-15581.19,-18510.899999999998,-16118.564684054312,-16115.186122550715,-15675.000913085938
92f1ebab-ff38-5f84-a14d-98cfed34de86,2024-08-01,-20767.68,-16149.45,-16149.45,-16861.903333333332,-16720.62698534577,-16712.907262966404,-17383.573291015626
92f1ebab-ff38-5f84-a14d-98cfed34de86,2024-09-01,-7026.99,-20767.68,-20767.68,-17499.440000000002,-21142.34397848152,-21156.137334847004,-20659.560142211914
92f1ebab-ff38-5f84-a14d-98cfed34de86,2024-10-01,-11305.03,-7026.99,-7026.99,-14648.039999999999,-7727.9142267395955,-7706.814462253678,-8506.7858984375
92f1ebab-ff38-5f84-a14d-98cfed34de86,2024-11-01,7811.77,-11305.03,-11305.03,-13033.233333333332,-11741.73845765653,-11752.90850474325,-11418.735993652344
9329436e-b702-57c4-9418-1dc13e7f3bfe,2022-01-01,-1099.39,,-13252.345000000001,-13252.345000000001,-599.9161128181978,-584.6049202465573,-976.0215454101562
9329436e-b702-57c4-9418-1dc13e7f3bfe,2022-02-01,-5934.17,-1099.39,-1099.39,-1099.39,-1690.5690107381217,-1677.598498946796,-3590.9666601562503
9329436e-b702-57c4-9418-1dc13e7f3bfe,2022-03-01,-15574.16,-5934.17,-5934.17,-3516.78,-6440.35246438162,-6437.928353536487,-7753.316606445313
9329436e-b702-57c4-9418-1dc13e7f3bfe,2022-04-01,-15276.99,-15574.16,-15574.16,-7535.906666666667,-15918.005887345262,-15936.709936135934,-17262.23373046875
9329436e-b702-57c4-9418-1dc13e7f3bfe,2022-05-01,-17381.8,-15276.99,-15276.99,-12261.773333333333,-15774.876162283215,-15772.910763085636,-16399.518198242185
9329436e-b702-57c4-9418-1dc13e7f3bfe,2022-06-01,-19578.68,-17381.8,-17381.8,-16077.65,-17774.620035411044,-17784.259400757102,-19925.97138671875
9329436e-b702-57c4-9418-1dc13e7f3bfe,2022-07-01,-20894.71,-19578.68,-19578.68,-17412.489999999998,-19860.489438120363,-19883.755416921467,-19638.82619064331
9329436e-b702-57c4-9418-1dc13e7f3bfe,2022-08-01,-28051.12,-20894.71,-20894.71,-19285.063333333335,-21109.07425028455,-21139.650878704375,-20856.071930847167
9329436e-b702-57c4-9418-1dc13e7f3bfe,2022-09-01,-22239.96,-28051.12,-28051.12,-22841.503333333338,-28090.84730562917,-28143.298300590788,-26593.358037109374
9329436e-b702-57c4-9418-1dc13e7f3bfe,2022-10-01,-30768.94,-22239.96,-22239.96,-23728.596666666668,-22702.63088484933,-22703.81491883926,-20917.872475585937
9329436e-b702-57c4-9418-1dc13e7f3bfe,2022-11-01,-25214.97,-30768.94,-30768.94,-27020.006666666664,-30738.674146500918,-30802.490016248532,-28261.344052734374
9329436e-b702-57c4-9418-1dc13e7f3bfe,2022-12-01,-16900.03,-25214.97,-25214.97,-26074.623333333333,-25700.433061577318,-25699.664315589962,-24481.31704589844
9329436e-b702-57c4-9418-1dc13e7f3bfe,2023-01-01,-15266.32,-16900.03,-16900.03,-24294.646666666667,-17388.333191951533,-17390.158736611615,-17428.57260253906
9329436e-b702-57c4-9418-1dc13e7f3bfe,2023-02-01,-18617.13,-15266.32,-15266.32,-19127.106666666667,-15944.27264201018,-15924.811068698495,-17375.38103515625
9329436e-b702-57c4-9418-1dc13e7f3bfe,2023-03-01,-20017.78,-18617.13,-18617.13,-16927.826666666664,-19238.423116274902,-19225.423050206286,-19659.596430664064
9329436e-b702-57c4-9418-1dc13e7f3bfe,2023-04-01,-20290.95,-20017.78,-20017.78,-17967.076666666668,-20439.756332728055,-20448.95972218803,-20516.723389892577
9329436e-b702-57c4-9418-1dc13e7f3bfe,2023-05-01,-20066.5,-20290.95,-20290.95,-19641.953333333335,-20857.905094415077,-20847.66059932796,-20621.57634277344
9329436e-b702-57c4-9418-1dc13e7f3bfe,2023-06-01,-21064.61,-20066.5,-20066.5,-20125.076666666664,-20625.156641039066,-20614.379796367302,-20409.835327148438
9329436e-b702-57c4-9418-1dc13e7f3bfe,2023-07-01,-21378.03,-21064.61,-21064.61,-20474.02,-21541.84450837174,-21539.883652188608,-21102.307578430176
9329436e-b702-57c4-9418-1dc13e7f3bfe,2023-08-01,-21596.06,-21378.03,-21378.03,-20836.38,-21820.14548551163,-21823.531579102866,-21340.353780059813
9329436e-b702-57c4-9418-1dc13e7f3bfe,2023-09-01,-19791.8,-21596.06,-21596.06,-21346.233333333334,-21961.792825169272,-21974.327283894574,-21339.608309326173
9329436e-b702-57c4-9418-1dc13e7f3bfe,2023-10-01,-21346.42,-19791.8,-19791.8,-20921.963333333333,-20332.86924654791,-20324.921322607515,-19851.654934692382
9329436e-b702-57c4-9418-1dc13e7f3bfe,2023-11-01,-20022.26,-21346.42,-21346.42,-20911.426666666666,-21804.14184585825,-21804.74030806746,-20798.477983398436
9329436e-b702-57c4-9418-1dc13e7f3bfe,2023-12-01,-14657.94,-20022.26,-20022.26,-20386.826666666664,-20532.664022557263,-20529.126551221612,-19861.814077148436
9329436e-b702-57c4-9418-1dc13e7f3bfe,2024-01-01,-12157.75,-14657.94,-14657.94,-18675.539999999997,-15301.77777221999,-15283.433226593625,-15692.324765625
9329436e-b702-57c4-9418-1dc13e7f3bfe,2024-02-01,-17177.62,-12157.75,-12157.75,-15612.65,-12829.571210760347,-12810.077899629156,-14054.2431640625
9329436e-b702-57c4-9418-1dc13e7f3bfe,2024-03-01,-19139.6,-17177.62,-17177.62,-14664.436666666666,-17670.006684147014,-17670.346478640273,-17703.172185058593
9329436e-b702-57c4-9418-1dc13e7f3bfe,2024-04-01,-17987.11,-19139.6,-19139.6,-16158.323333333334,-19579.665071427466,-19583.29334277758,-19131.272667503355
9329436e-b702-57c4-9418-1dc13e7f3bfe,2024-05-01,-18062.16,-17987.11,-17987.11,-18101.443333333333,-18478.030774036903,-18475.364742335685,-18061.368293151856
9329436e-b702-57c4-9418-1dc13e7f3bfe,2024-06-01,-18305.36,-18062.16,-18062.16,-18396.29,-18363.340335029035,-18386.400007162825,-18113.855526123047
9329436e-b702-57c4-9418-1dc13e7f3bfe,2024-07-01,-18914.68,-18305.36,-18305.36,-18118.210000000003,-18754.65064626809,-18757.071127116393,-18488.32810913086
9329436e-b702-57c4-9418-1dc13e7f3bfe,2024-08-01,-1226.17,-18914.68,-18914.68,-18427.399999999998,-19354.46937695074,-19357.31148102416,-18638.468360595703
9329436e-b702-57c4-9418-1dc13e7f3bfe,2024-09-01,-3759.86,-1226.17,-1226.17,-12815.403333333334,-2153.290888701371,-2107.1402083663124,-2957.831376953125
9329436e-b702-57c4-9418-1dc13e7f3bfe,2024-10-01,-9753.82,-3759.86,-3759.86,-7966.903333333333,-4395.948384920532,-4385.33644416831,-6287.189345703126
9329436e-b702-57c4-9418-1dc13e7f3bfe,2024-11-01,-13339.2,-9753.82,-9753.82,-4913.283333333334,-10351.190877298573,-10342.598789732074,-11599.904594726562
99e3be65-cfaa-5691-8960-6539e6c3fdbd,2022-01-01,38283.99,,-13252.345000000001,-13252.345000000001,-599.9161128181978,-584.6049202465573,-976.0215454101562
99e3be65-cfaa-5691-8960-6539e6c3fdbd,2022-02-01,69122.77,38283.99,38283.99,38283.99,37720.01982050548,37719.97624103204,36152.7898046875
99e3be65-cfaa-5691-8960-6539e6c3fdbd,2022-03-01,14928.65,69122.77,69122.77,53703.380000000005,68105.15484477521,68161.93264798017,64768.610820312504
99e3be65-cfaa-5691-8960-6539e6c3fdbd,2022-04-01,38196.41,14928.65,14928.65,40778.47,14391.974921139397,14384.412292898565,14321.792333984375
99e3be65-cfaa-5691-8960-6539e6c3fdbd,2022-05-01,30052.96,38196.41,38196.41,40749.27666666667,37256.520515897915,37291.47814839163,35802.52962890625
99e3be65-cfaa-5691-8960-6539e6c3fdbd,2022-06-01,33138.39,30052.96,30052.96,27726.006666666664,29028.248702102486,29077.620803690355,29320.741616210937
99e3be65-cfaa-5691-8960-6539e6c3fdbd,2022-07-01,22574.23,33138.39,33138.39,33795.920000000006,31876.025825085817,31944.106484164575,30914.02232421875
99e3be65-cfaa-5691-8960-6539e6c3fdbd,2022-08-01,28650.47,22574.23,22574.23,28588.52666666666,21537.374934644053,21582.047591438997,24807.216083984375
99e3be65-cfaa-5691-8960-6539e6c3fdbd,2022-09-01,17888.87,28650.47,28650.47,28121.03,27285.67685355262,27368.256263736108,28510.07012817383
99e3be65-cfaa-5691-8960-6539e6c3fdbd,2022-10-01,36888.8,17888.87,17888.87,23037.856666666663,17201.06034362299,17209.544850327045,20710.603642578124
99e3be65-cfaa-5691-8960-6539e6c3fdbd,2022-11-01,35595.15,36888.8,36888.8,27809.38,36375.98887960463,36359.36432607032,35918.129895019534
99e3be65-cfaa-5691-8960-6539e6c3fdbd,2022-12-01,26740.29,35595.15,35595.15,30124.273333333334,34655.57590289044,34689.139200068545,34851.84555664063
99e3be65-cfaa-5691-8960-6539e6c3fdbd,2023-01-01,2878.62,26740.29,26740.29,33074.746666666666,25935.192192526334,25951.65746819404,27403.914267578126
99e3be65-cfaa-5691-8960-6539e6c3fdbd,2023-02-01,29322.07,2878.62,2878.62,21738.02,2304.4929796215397,2302.1847047445613,10368.319707031249
99e3be65-cfaa-5691-8960-6539e6c3fdbd,2023-03-01,37386.26,29322.07,29322.07,19646.993333333332,28563.924524908434,28579.47759939415,36376.1412890625
99e3be65-cfaa-5691-8960-6539e6c3fdbd,2023-04-01,7448.83,37386.26,37386.26,23195.649999999998,36297.392581275104,36344.35310572644,34959.70555664063
99e3be65-cfaa-5691-8960-6539e6c3fdbd,2023-05-01,9237.75,7448.83,7448.83,24719.053333333333,6747.705782038481,6753.850234811824,7865.997572021484
99e3be65-cfaa-5691-8960-6539e6c3fdbd,2023-06-01,11526.91,9237.75,9237.75,18024.280000000002,8554.94200450836,8558.042339733915,13851.40869140625
99e3be65-cfaa-5691-8960-6539e6c3fdbd,2023-07-01,13022.34,11526.91,11526.91,9404.496666666666,10668.48662581063,10698.603199261097,12741.81380859375
99e3be65-cfaa-5691-8960-6539e6c3fdbd,2023-08-01,14435.07,13022.34,13022.34,11262.333333333334,12126.225861095545,12160.612608700314,13026.22423538208
99e3be65-cfaa-5691-8960-6539e6c3fdbd,2023-09-01,29217.98,14435.07,14435.07,12994.773333333333,13483.412782489257,13519.382008072202,15839.989067382812
99e3be65-cfaa-5691-8960-6539e6c3fdbd,2023-10-01,14830.32,29217.98,29217.98,18891.796666666665,28019.192440519026,28083.051846886512,24438.29884765625
99e3be65-cfaa-5691-8960-6539e6c3fdbd,2023-11-01,18115.32,14830.32,14830.32,19494.45666666667,13892.378191608532,13929.288719195642,14697.129143066406
99e3be65-cfaa-5691-8960-6539e6c3fdbd,2023-12-01,16342.57,18115.32,18115.32,20721.206666666665,17449.05570770828,17454.235672073886,17272.414970703125
99e3be65-cfaa-5691-8960-6539e6c3fdbd,2024-01-01,7947.03,16342.57,16342.57,16429.403333333332,15968.530147207526,15943.027815014142,19142.772392578125
99e3be65-cfaa-5691-8960-6539e6c3fdbd,2024-02-01,12529.02,7947.03,7947.03,14134.973333333333,7535.416478900852,7517.369384608316,10943.353486328124
99e3be65-cfaa-5691-8960-6539e6c3fdbd,2024-03-01,14414.46,12529.02,12529.02,12272.873333333331,11975.234412654258,11974.884559838645,13984.052348632813
99e3be65-cfaa-5691-8960-6539e6c3fdbd,2024-04-01,10649.7,14414.46,14414.46,11630.17,13578.85023403179,13607.591857157064,14596.878350219726
99e3be65-cfaa-5691-8960-6539e6c3fdbd,2024-05-01,28548.71,10649.7,10649.7,12531.06,9933.780586850273,9949.006257731595,11433.779467773438
99e3be65-cfaa-5691-8960-6539e6c3fdbd,2024-06-01,21471.25,28548.71,28548.71,17870.95666666667,27504.193173535234,27551.741167005304,24112.47318359375
99e3be65-cfaa-5691-8960-6539e6c3fdbd,2024-07-01,11058.04,21471.25,21471.25,20223.22,20782.291751486282,20789.2056923865,18938.93701171875
99e3be65-cfaa-5691-8960-6539e6c3fdbd,2024-08-01,-33200.66,11058.04,11058.04,20359.333333333332,10413.457581861112,10414.724091670114,12325.607504882813
99e3be65-cfaa-5691-8960-6539e6c3fdbd,2024-09-01,-29074.57,-33200.66,-33200.66,-223.79000000000087,-32840.60364736012,-32949.12300047716,-24639.221523437503
99e3be65-cfaa-5691-8960-6539e6c3fdbd,2024-10-01,-25901.5,-29074.57,-29074.57,-17072.396666666667,-28414.403982658474,-28573.375576533126,-21574.4948046875
99e3be65-cfaa-5691-8960-6539e6c3fdbd,2024-11-01,-120785.66,-25901.5,-25901.5,-29392.243333333336,-25660.113962817722,-25754.756377596426,-22402.87109375
9bd765b3-8a35-5083-a847-4cd85de87aa7,2022-01-01,-1227.51,,-13252.345000000001,-13252.345000000001,-599.9161128181978,-584.6049202465573,-976.0215454101562
9bd765b3-8a35-5083-a847-4cd85de87aa7,2022-02-01,-5859.19,-1227.51,-1227.51,-1227.51,-1764.0750510973521,-1759.5066550943475,-4188.45970703125
9bd765b3-8a35-5083-a847-4cd85de87aa7,2022-03-01,-6290.01,-5859.19,-5859.19,-3543.35,-6379.42532731758,-6377.373031738108,-8034.8081640625
9bd765b3-8a35-5083-a847-4cd85de87aa7,2022-04-01,-8261.75,-6290.01,-6290.01,-4458.903333333334,-6894.929871434603,-6882.099947204179,-7943.931752929688
9bd765b3-8a35-5083-a847-4cd85de87aa7,2022-05-01,-9088.01,-8261.75,-8261.75,-6803.650000000001,-8820.978081661913,-8813.232707510977,-9978.815063476562
9bd765b3-8a35-5083-a847-4cd85de87aa7,2022-06-01,-10520.81,-9088.01,-9088.01,-7879.923333333335,-9674.705727125978,-9663.520748177098,-10296.495961914063
9bd765b3-8a35-5083-a847-4cd85de87aa7,2022-07-01,-11198.41,-10520.81,-10520.81,-9290.19,-10888.28724229416,-10903.571215889238,-11606.230043945312
9bd765b3-8a35-5083-a847-4cd85de87aa7,2022-08-01,-13413.97,-11198.41,-11198.41,-10269.076666666668,-11680.87364929083,-11680.983126209052,-12316.6726953125
9bd765b3-8a35-5083-a847-4cd85de87aa7,2022-09-01,-16788.65,-13413.97,-13413.97,-11711.063333333332,-13836.458435726574,-13843.879255751368,-14659.354155273437
9bd765b3-8a35-5083-a847-4cd85de87aa7,2022-10-01,-16725.53,-16788.65,-16788.65,-13800.343333333332,-17180.54754599917,-17191.197270926088,-15974.810156250001
9bd765b3-8a35-5083-a847-4cd85de87aa7,2022-11-01,-18439.44,-16725.53,-16725.53,-15642.716666666667,-17149.954270664944,-17156.34327212804,-17518.289765625
9bd765b3-8a35-5083-a847-4cd85de87aa7,2022-12-01,-20863.36,-18439.44,-18439.44,-17317.873333333333,-18786.117181502443,-18801.401639710282,-19773.288510742186
9bd765b3-8a35-5083-a847-4cd85de87aa7,2023-01-01,-21086.92,-20863.36,-20863.36,-18676.11,-21176.48653935602,-21195.789707856886,-21862.126479492188
9bd765b3-8a35-5083-a847-4cd85de87aa7,2023-02-01,-31642.57,-21086.92,-21086.92,-20129.906666666666,-21441.57932221133,-21456.235480716943,-22449.81453125
9bd765b3-8a35-5083-a847-4cd85de87aa7,2023-03-01,-32149.19,-31642.57,-31642.57,-24530.95,-31850.900426712706,-31875.0626710798,-31711.960914916992
9bd765b3-8a35-5083-a847-4cd85de87aa7,2023-04-01,-33513.26,-32149.19,-32149.19,-28292.89333333333,-32312.51304168755,-32348.607178954673,-33509.927915039065
9bd765b3-8a35-5083-a847-4cd85de87aa7,2023-05-01,-34362.41,-33513.26,-33513.26,-32435.006666666664,-33593.722929356845,-33639.190982970715,-35158.74718261719
9bd765b3-8a35-5083-a847-4cd85de87aa7,2023-06-01,-36079.95,-34362.41,-34362.41,-33341.62,-34539.66330278471,-34573.81286771786,-35709.93514648438
9bd765b3-8a35-5083-a847-4cd85de87aa7,2023-07-01,-38962.4,-36079.95,-36079.95,-34651.87333333333,-36221.20844637954,-36259.28026136184,-37713.839526367185
9bd765b3-8a35-5083-a847-4cd85de87aa7,2023-08-01,-40464.81,-38962.4,-38962.4,-36468.253333333334,-39062.23324419041,-39105.14426080789,-40112.59091796875
9bd765b3-8a35-5083-a847-4cd85de87aa7,2023-09-01,-43489.65,-40464.81,-40464.81,-38502.386666666665,-40666.903046451596,-40695.04715566015,-41463.48108154297
9bd765b3-8a35-5083-a847-4cd85de87aa7,2023-10-01,-45424.39,-43489.65,-43489.65,-40972.28666666666,-43639.4496940216,-43673.33963812074,-42998.145239257814
9bd765b3-8a35-5083-a847-4cd85de87aa7,2023-11-01,-47231.68,-45424.39,-45424.39,-43126.28333333333,-45509.0909551827,-45551.291668828686,-46849.42430175781
9bd765b3-8a35-5083-a847-4cd85de87aa7,2023-12-01,-50173.06,-47231.68,-47231.68,-45381.90666666667,-47332.43857967581,-47370.146310904514,-48624.237373046875
9bd765b3-8a35-5083-a847-4cd85de87aa7,2024-01-01,-50699.95,-50173.06,-50173.06,-47609.71,-50192.60862107582,-50240.52189160329,-51305.065249023435
9bd765b3-8a35-5083-a847-4cd85de87aa7,2024-02-01,-54369.18,-50699.95,-50699.95,-49368.23,-50718.393867894294,-50768.26559592568,-52116.42143554687
9bd765b3-8a35-5083-a847-4cd85de87aa7,2024-03-01,-54493.05,-54369.18,-54369.18,-51747.39666666667,-54312.36841345705,-54370.1751254056,-53433.07599609375
9bd765b3-8a35-5083-a847-4cd85de87aa7,2024-04-01,-56012.79,-54493.05,-54493.05,-53187.39333333333,-54529.95910179007,-54576.39600064328,-55747.71101074219
9bd765b3-8a35-5083-a847-4cd85de87aa7,2024-05-01,-58008.77,-56012.79,-56012.79,-54958.34,-55984.58687007236,-56038.875415117014,-57448.335166015626
9bd765b3-8a35-5083-a847-4cd85de87aa7,2024-06-01,-59871.74,-58008.77,-58008.77,-56171.53666666666,-57974.522524458,-58029.386787400865,-59517.446147460934
9bd765b3-8a35-5083-a847-4cd85de87aa7,2024-07-01,-2673.32,-59871.74,-59871.74,-57964.43333333333,-59827.79079076198,-59883.30262589683,-61065.96668457031
9bd765b3-8a35-5083-a847-4cd85de87aa7,2024-08-01,75971.4,-2673.32,-2673.32,-40184.60999999999,-3203.3732312392954,-3211.2527911557513,-1310.0126269531252
9bd765b3-8a35-5083-a847-4cd85de87aa7,2024-09-01,56221.04,75971.4,75971.4,4475.446666666663,73355.69178832811,73561.83050287937,76822.83786621093
9bd765b3-8a35-5083-a847-4cd85de87aa7,2024-10-01,96108.26,56221.04,56221.04,43173.04,54263.62776719773,54394.93846253596,57176.05135253906
9bd765b3-8a35-5083-a847-4cd85de87aa7,2024-11-01,220997.26,96108.26,96108.26,76100.23333333332,92955.69785211656,93220.47941171397,98035.1457421875
9dc43a45-5bed-5a24-b4fb-7137c62c1135,2022-01-01,-381.71,,-13252.345000000001,-13252.345000000001,-599.9161128181978,-584.6049202465573,-976.0215454101562
9dc43a45-5bed-5a24-b4fb-7137c62c1135,2022-02-01,-3509.9,-381.71,-381.71,-381.71,-980.1652822155818,-967.1632041489356,-3833.79642578125
9dc43a45-5bed-5a24-b4fb-7137c62c1135,2022-03-01,-7431.25,-3509.9,-3509.9,-1945.805,-4049.930518045868,-4043.877660310786,-7118.56259765625
9dc43a45-5bed-5a24-b4fb-7137c62c1135,2022-04-01,-8252.76,-7431.25,-7431.25,-3774.2866666666664,-7972.2097906273775,-7967.245583499809,-10364.78515625
9dc43a45-5bed-5a24-b4fb-7137c62c1135,2022-05-01,-10669.93,-8252.76,-8252.76,-6397.97,-8835.400417041219,-8822.954747830909,-9505.388051757813
9dc43a45-5bed-5a24-b4fb-7137c62c1135,2022-06-01,-19725.99,-10669.93,-10669.93,-8784.646666666667,-11140.398257670446,-11143.638329647887,-14085.03107421875
9dc43a45-5bed-5a24-b4fb-7137c62c1135,2022-07-01,-26692.18,-19725.99,-19725.99,-12882.893333333333,-19871.048288425485,-19910.907508338052,-21754.604013671877
9dc43a45-5bed-5a24-b4fb-7137c62c1135,2022-08-01,-30432.05,-26692.18,-26692.18,-19029.366666666665,-26708.917311308574,-26760.648848869878,-31106.39728515625
9dc43a45-5bed-5a24-b4fb-7137c62c1135,2022-09-01,-32157.43,-30432.05,-30432.05,-25616.74,-30409.08373765038,-30467.628116655684,-33589.85639648438
9dc43a45-5bed-5a24-b4fb-7137c62c1135,2022-10-01,-36489.52,-32157.43,-32157.43,-29760.553333333333,-32208.576925868143,-32257.145825016756,-33619.34296386719
9dc43a45-5bed-5a24-b4fb-7137c62c1135,2022-11-01,-40775.57,-36489.52,-36489.52,-33026.333333333336,-36545.65689427057,-36590.04979046404,-40071.17014648437
9dc43a45-5bed-5a24-b4fb-7137c62c1135,2022-12-01,-37672.67,-40775.57,-40775.57,-36474.17333333333,-40800.44842116929,-40849.86737089433,-41372.050224609375
9dc43a45-5bed-5a24-b4fb-7137c62c1135,2023-01-01,-38373.75,-37672.67,-37672.67,-38312.58666666666,-37845.14464980765,-37877.08908033774,-39311.50325195312
9dc43a45-5bed-5a24-b4fb-7137c62c1135,2023-02-01,-39522.43,-38373.75,-38373.75,-38940.66333333333,-38607.30174825248,-38633.52321591564,-39998.856689453125
9dc43a45-5bed-5a24-b4fb-7137c62c1135,2023-03-01,-40082.06,-39522.43,-39522.43,-38522.95,-39757.20714375704,-39782.891858974894,-40454.34516113281
9dc43a45-5bed-5a24-b4fb-7137c62c1135,2023-04-01,-40901.11,-40082.06,-40082.06,-39326.079999999994,-40360.6461528559,-40380.63922003118,-41378.39361816406
9dc43a45-5bed-5a24-b4fb-7137c62c1135,2023-05-01,-47606.76,-40901.11,-40901.11,-40168.53333333333,-41163.058734954386,-41184.08749120791,-41796.63233886719
9dc43a45-5bed-5a24-b4fb-7137c62c1135,2023-06-01,-51116.7,-47606.76,-47606.76,-42863.31,-47576.5906410462,-47636.197202419695,-48250.48094726563
9dc43a45-5bed-5a24-b4fb-7137c62c1135,2023-07-01,-53175.63,-51116.7,-51116.7,-46541.52333333334,-51150.472730133675,-51198.25925749454,-54202.23100585937
9dc43a45-5bed-5a24-b4fb-7137c62c1135,2023-08-01,-58254.75,-53175.63,-53175.63,-50633.03,-53168.02111645538,-53218.68326806692,-56355.2891796875
9dc43a45-5bed-5a24-b4fb-7137c62c1135,2023-09-01,-60486.46,-58254.75,-58254.75,-54182.36000000001,-58119.70108758602,-58184.890751631334,-60858.275146484375
9dc43a45-5bed-5a24-b4fb-7137c62c1135,2023-10-01,-63187.44,-60486.46,-60486.46,-57305.613333333335,-60411.547520229455,-60469.90653653702,-63382.120400390624
9dc43a45-5bed-5a24-b4fb-7137c62c1135,2023-11-01,-66130.23,-63187.44,-63187.44,-60642.88333333333,-63082.69553859418,-63143.63229544316,-65661.17413085938
9dc43a45-5bed-5a24-b4fb-7137c62c1135,2023-12-01,-57974.82,-66130.23,-66130.23,-63268.043333333335,-65958.89340729966,-66028.37082681316,-65462.43544433593
9dc43a45-5bed-5a24-b4fb-7137c62c1135,2024-01-01,-61615.21,-57974.82,-57974.82,-62430.829999999994,-58043.77436955464,-58088.651257746315,-58767.3658984375
9dc43a45-5bed-5a24-b4fb-7137c62c1135,2024-02-01,-63094.56,-61615.21,-61615.21,-61906.753333333334,-61560.79924483082,-61618.65722315565,-62060.282662353515
9dc43a45-5bed-5a24-b4fb-7137c62c1135,2024-03-01,-65710.42,-63094.56,-63094.56,-60894.863333333335,-63085.25777404705,-63139.42476519415,-64445.88922363281
9dc43a45-5bed-5a24-b4fb-7137c62c1135,2024-04-01,-67640.61,-65710.42,-65710.42,-63473.39666666667,-65685.22719673355,-65736.04623140108,-66879.06440917969
9dc43a45-5bed-5a24-b4fb-7137c62c1135,2024-05-01,-66726.29,-67640.61,-67640.61,-65481.863333333335,-67480.67391956686,-67551.7351541836,-68200.94850097656
9dc43a45-5bed-5a24-b4fb-7137c62c1135,2024-06-01,-65809.96,-66726.29,-66726.29,-66692.44,-66738.03861947123,-66785.64863348249,-66958.977210083
9dc43a45-5bed-5a24-b4fb-7137c62c1135,2024-07-01,-66688.06,-65809.96,-65809.96,-66725.62,-65786.81941504299,-65837.54485086315,-66714.86240478516
9dc43a45-5bed-5a24-b4fb-7137c62c1135,2024-08-01,-74530.33,-66688.06,-66688.06,-66408.10333333333,-66633.33081371879,-66687.07709079444,-68347.98993164062
9dc43a45-5bed-5a24-b4fb-7137c62c1135,2024-09-01,-84784.33,-74530.33,-74530.33,-69009.45000000001,-74265.10759788893,-74345.50264816695,-77743.78947265625
9dc43a45-5bed-5a24-b4fb-7137c62c1135,2024-10-01,-79016.04,-84784.33,-84784.33,-75334.24,-84285.63534646117,-84391.73091793287,-87899.8114453125
9dc43a45-5bed-5a24-b4fb-7137c62c1135,2024-11-01,-174149.18,-79016.04,-79016.04,-79443.56666666667,-78698.37695534667,-78784.98050373218,-81871.63814453124
9e3ad32f-f27f-56f0-be43-68403e356d0e,2022-01-01,-1404.63,,-13252.345000000001,-13252.345000000001,-599.9161128181978,-584.6049202465573,-976.0215454101562
9e3ad32f-f27f-56f0-be43-68403e356d0e,2022-02-01,-10847.44,-1404.63,-1404.63,-1404.63,-1942.9171833516948,-1937.1522948334655,-4729.999140625
9e3ad32f-f27f-56f0-be43-68403e356d0e,2022-03-01,-13563.03,-10847.44,-10847.44,-6126.035,-11269.347012733586,-11278.13260133486,-11643.321774902344
9e3ad32f-f27f-56f0-be43-68403e356d0e,2022-04-01,-16379.87,-13563.03,-13563.03,-8605.033333333335,-14068.382095297895,-14064.112027764397,-16607.076630859374
9e3ad32f-f27f-56f0-be43-68403e356d0e,2022-05-01,-20128.8,-16379.87,-16379.87,-13596.78,-16779.862179808526,-16789.343740988657,-19184.134648437503
9e3ad32f-f27f-56f0-be43-68403e356d0e,2022-06-01,-23364.74,-20128.8,-20128.8,-16690.566666666666,-20541.808699897174,-20549.593763247743,-20673.00294189453
9e3ad32f-f27f-56f0-be43-68403e356d0e,2022-07-01,-22957.66,-23364.74,-23364.74,-19957.803333333333,-23500.039840503618,-23539.637610041307,-23878.848825683595
9e3ad32f-f27f-56f0-be43-68403e356d0e,2022-08-01,-23128.83,-22957.66,-22957.66,-22150.399999999998,-23259.26513735493,-23277.102261994773,-23077.691242370605
9e3ad32f-f27f-56f0-be43-68403e356d0e,2022-09-01,-31850.2,-23128.83,-23128.83,-23150.410000000003,-23457.1690065073,-23472.53261571578,-23686.94120605469
9e3ad32f-f27f-56f0-be43-68403e356d0e,2022-10-01,-30860.46,-31850.2,-31850.2,-25978.896666666667,-31899.255426604846,-31949.85437314965,-30478.618579101563
9e3ad32f-f27f-56f0-be43-68403e356d0e,2022-11-01,-26524.92,-30860.46,-30860.46,-28613.163333333334,-31088.397893426438,-31116.378475295296,-29960.79575439453
9e3ad32f-f27f-56f0-be43-68403e356d0e,2022-12-01,-17154.95,-26524.92,-26524.92,-29745.193333333333,-26925.48559379038,-26932.98918129965,-25023.537065429686
9e3ad32f-f27f-56f0-be43-68403e356d0e,2023-01-01,-17195.95,-17154.95,-17154.95,-24846.77666666666,-17782.782662683516,-17770.070951288708,-17086.6282913208
9e3ad32f-f27f-56f0-be43-68403e356d0e,2023-02-01,-24065.38,-17195.95,-17195.95,-20291.94,-17793.96612383565,-17784.04089127937,-19216.780688476563
9e3ad32f-f27f-56f0-be43-68403e356d0e,2023-03-01,-23986.9,-24065.38,-24065.38,-19472.093333333334,-24351.572035500067,-24380.32965761049,-23516.681879882814
9e3ad32f-f27f-56f0-be43-68403e356d0e,2023-04-01,-23208.51,-23986.9,-23986.9,-21749.41,-24512.08521344335,-24508.567747155183,-23602.47064819336
9e3ad32f-f27f-56f0-be43-68403e356d0e,2023-05-01,-23318.26,-23208.51,-23208.51,-23753.596666666668,-23756.99408304515,-23748.751344461332,-23312.380803833006
9e3ad32f-f27f-56f0-be43-68403e356d0e,2023-06-01,-23851.17,-23318.26,-23318.26,-23504.556666666667,-23744.032713653443,-23750.550483673185,-23647.300863037108
9e3ad32f-f27f-56f0-be43-68403e356d0e,2023-07-01,-28263.34,-23851.17,-23851.17,-23459.313333333328,-24231.336267590425,-24242.86782312905,-23704.86381713867
9e3ad32f-f27f-56f0-be43-68403e356d0e,2023-08-01,-24116.19,-28263.34,-28263.34,-25144.256666666664,-28483.248870135652,-28514.76326883525,-26799.709262695313
9e3ad32f-f27f-56f0-be43-68403e356d0e,2023-09-01,-32527.47,-24116.19,-24116.19,-25410.233333333334,-24663.203169832323,-24654.00477867645,-23584.831357421874
9e3ad32f-f27f-56f0-be43-68403e356d0e,2023-10-01,-27770.48,-32527.47,-32527.47,-28302.333333333332,-32610.087942004382,-32657.28427102248,-29750.600615234376
9e3ad32f-f27f-56f0-be43-68403e356d0e,2023-11-01,-23988.94,-27770.48,-27770.48,-28138.046666666665,-28185.745934900453,-28193.39342004014,-26179.874897460937
9e3ad32f-f27f-56f0-be43-68403e356d0e,2023-12-01,-16422.15,-23988.94,-23988.94,-28095.63,-24237.676642083195,-24268.796253562177,-22367.387509765624
9e3ad32f-f27f-56f0-be43-68403e356d0e,2024-01-01,-15326.35,-16422.15,-16422.15,-22727.19,-17133.0642284962,-17110.160039368267,-17433.88114013672
9e3ad32f-f27f-56f0-be43-68403e356d0e,2024-02-01,-24035.68,-15326.35,-15326.35,-18579.146666666667,-16133.555448064128,-16099.733818498427,-16755.206811523436
9e3ad32f-f27f-56f0-be43-68403e356d0e,2024-03-01,-22202.5,-24035.68,-24035.68,-18594.726666666666,-24324.34496511319,-24352.291659551138,-22245.840034179688
9e3ad32f-f27f-56f0-be43-68403e356d0e,2024-04-01,-21208.39,-22202.5,-22202.5,-20521.51,-22804.129175685463,-22791.515594831704,-21558.988159179688
9e3ad32f-f27f-56f0-be43-68403e356d0e,2024-05-01,-20801.16,-21208.39,-21208.39,-22482.190000000002,-21701.29477017555,-21700.437047421437,-21160.243843688964
9e3ad32f-f27f-56f0-be43-68403e356d0e,2024-06-01,-22328.95,-20801.16,-20801.16,-21404.016666666666,-21256.42571717223,-21260.929282044297,-21168.083706054687
9e3ad32f-f27f-56f0-be43-68403e356d0e,2024-07-01,-20026.59,-22328.95,-22328.95,-21446.166666666668,-22695.691922368263,-22708.796992154872,-21471.52830810547
9e3ad32f-f27f-56f0-be43-68403e356d0e,2024-08-01,-19883.7,-20026.59,-20026.59,-21052.233333333334,-20340.99613258319,-20364.352842132153,-19951.71018585205
9e3ad32f-f27f-56f0-be43-68403e356d0e,2024-09-01,-41489.05,-19883.7,-19883.7,-20746.413333333334,-20406.342264254316,-20401.22160995511,-20822.920825195313
9e3ad32f-f27f-56f0-be43-68403e356d0e,2024-10-01,-33567.16,-41489.05,-41489.05,-27133.11333333333,-41076.56370655588,-41186.50764270308,-40502.76215820313
9e3ad32f-f27f-56f0-be43-68403e356d0e,2024-11-01,-31232.4,-33567.16,-33567.16,-31646.63666666667,-33671.132123294454,-33716.64457471731,-33000.300747070316
a022d6cd-5599-5d9d-af8a-76a7325ff042,2022-01-01,-3135.13,,-13252.345000000001,-13252.345000000001,-599.9161128181978,-584.6049202465573,-976.0215454101562
a022d6cd-5599-5d9d-af8a-76a7325ff042,2022-02-01,-3576.46,-3135.13,-3135.13,-3135.13,-3631.9729296605187,-3630.2414672369723,-6789.351435546875
a022d6cd-5599-5d9d-af8a-76a7325ff042,2022-03-01,-7560.94,-3576.46,-3576.46,-3355.795,-4210.593474701602,-4192.029560950389,-5120.379921875
a022d6cd-5599-5d9d-af8a-76a7325ff042,2022-04-01,-12539.21,-7560.94,-7560.94,-4757.509999999999,-8123.683738640867,-8113.529237426579,-10205.066464843749
a022d6cd-5599-5d9d-af8a-76a7325ff042,2022-05-01,-12060.99,-12539.21,-12539.21,-7892.203333333332,-12946.695476528139,-12955.764212299808,-13758.719887695312
a022d6cd-5599-5d9d-af8a-76a7325ff042,2022-06-01,-13928.06,-12060.99,-12060.99,-10720.38,-12573.561821417827,-12569.573125179486,-12817.508005371094
a022d6cd-5599-5d9d-af8a-76a7325ff042,2022-07-01,-16923.23,-13928.06,-13928.06,-12842.753333333332,-14276.2618094527,-14292.85457690371,-14024.152391967773
a022d6cd-5599-5d9d-af8a-76a7325ff042,2022-08-01,-16064.8,-16923.23,-16923.23,-14304.093333333332,-17239.093386723118,-17256.420376786624,-17092.186100463867
a022d6cd-5599-5d9d-af8a-76a7325ff042,2022-09-01,-15143.86,-16064.8,-16064.8,-15638.696666666665,-16529.207612266408,-16528.17286797677,-16356.328076171874
a022d6cd-5599-5d9d-af8a-76a7325ff042,2022-10-01,-13467.22,-15143.86,-15143.86,-16043.963333333333,-15650.7152423961,-15646.021588493897,-15079.77537475586
a022d6cd-5599-5d9d-af8a-76a7325ff042,2022-11-01,-13491.33,-13467.22,-13467.22,-14891.960000000001,-14002.40270658953,-13996.91703086035,-13683.133635253906
a022d6cd-5599-5d9d-af8a-76a7325ff042,2022-12-01,-7089.21,-13491.33,-13491.33,-14034.136666666667,-14089.704499376956,-14075.789227343443,-13529.488332824707
a022d6cd-5599-5d9d-af8a-76a7325ff042,2023-01-01,-5879.37,-7089.21,-7089.21,-11349.253333333334,-7846.2521192805625,-7814.288714236025,-8598.034584960937
a022d6cd-5599-5d9d-af8a-76a7325ff042,2023-02-01,-3979.47,-5879.37,-5879.37,-8819.97,-6733.621004408124,-6692.261297043096,-7082.340581054687
a022d6cd-5599-5d9d-af8a-76a7325ff042,2023-03-01,-7374.76,-3979.47,-3979.47,-5649.349999999999,-4970.786396754751,-4912.786678067242,-5535.562895507812
a022d6cd-5599-5d9d-af8a-76a7325ff042,2023-04-01,-11183.79,-7374.76,-7374.76,-5744.533333333333,-7993.18589528908,-7980.373366551187,-8172.428640136719
a022d6cd-5599-5d9d-af8a-76a7325ff042,2023-05-01,-12454.34,-11183.79,-11183.79,-7512.673333333335,-11601.909680545028,-11612.922068168105,-11084.633727111817
a022d6cd-5599-5d9d-af8a-76a7325ff042,2023-06-01,-11907.22,-12454.34,-12454.34,-10337.63,-12670.69314543029,-12705.518926358798,-12924.23486694336
a022d6cd-5599-5d9d-af8a-76a7325ff042,2023-07-01,-13312.66,-11907.22,-11907.22,-11848.449999999999,-12317.490341772167,-12326.57821213622,-11974.701285095214
a022d6cd-5599-5d9d-af8a-76a7325ff042,2023-08-01,-14070.45,-13312.66,-13312.66,-12558.073333333334,-13671.640397015362,-13687.70337717262,-13197.956173095703
a022d6cd-5599-5d9d-af8a-76a7325ff042,2023-09-01,-12973.17,-14070.45,-14070.45,-13096.776666666667,-14544.23072619924,-14543.008859015756,-13765.899493408204
a022d6cd-5599-5d9d-af8a-76a7325ff042,2023-10-01,-13109.26,-12973.17,-12973.17,-13452.093333333332,-13494.980684832779,-13489.702515925,-12835.11337463379
a022d6cd-5599-5d9d-af8a-76a7325ff042,2023-11-01,-13261.42,-13109.26,-13109.26,-13384.293333333335,-13581.789550758203,-13583.517955224906,-12779.081075439453
a022d6cd-5599-5d9d-af8a-76a7325ff042,2023-12-01,-7701.0,-13261.42,-13261.42,-13114.616666666667,-13780.816133205395,-13777.080894909062,-12823.311845703125
a022d6cd-5599-5d9d-af8a-76a7325ff042,2024-01-01,-6430.59,-7701.0,-7701.0,-11357.226666666667,-8386.746975883925,-8364.768052888065,-8024.837127685547
a022d6cd-5599-5d9d-af8a-76a7325ff042,2024-02-01,-6749.71,-6430.59,-6430.59,-9131.003333333334,-7204.935079571612,-7172.638057829301,-7896.403110351563
a022d6cd-5599-5d9d-af8a-76a7325ff042,2024-03-01,-9462.02,-6749.71,-6749.71,-6960.433333333333,-7473.613505302615,-7447.310018186572,-8120.1664208984375
a022d6cd-5599-5d9d-af8a-76a7325ff042,2024-04-01,-12178.09,-9462.02,-9462.02,-7547.44,-10005.242770830702,-9999.73942323841,-10401.14078857422
a022d6cd-5599-5d9d-af8a-76a7325ff042,2024-05-01,-14657.8,-12178.09,-12178.09,-9463.273333333333,-12544.185923415027,-12559.675337475072,-11952.870639648438
a022d6cd-5599-5d9d-af8a-76a7325ff042,2024-06-01,-14657.8,-14657.8,-14657.8,-12099.303333333335,-14866.635541312633,-14897.995614175772,-15038.0314453125
a022d6cd-5599-5d9d-af8a-76a7325ff042,2024-07-01,-29585.83,-14657.8,-14657.8,-13831.230000000001,-15000.23843826069,-15014.494903385705,-15819.4171875
a022d6cd-5599-5d9d-af8a-76a7325ff042,2024-08-01,-29996.57,-29585.83,-29585.83,-19633.81,-29432.40095365004,-29506.833230716795,-30308.404829101564
a022d6cd-5599-5d9d-af8a-76a7325ff042,2024-09-01,-36435.0,-29996.57,-29996.57,-24746.733333333334,-29966.071637922803,-30023.843168268784,-31646.47869140625
a022d6cd-5599-5d9d-af8a-76a7325ff042,2024-10-01,-39518.28,-36435.0,-36435.0,-32005.800000000003,-36299.18513289194,-36364.971386216304,-38400.60852050781
a022d6cd-5599-5d9d-af8a-76a7325ff042,2024-11-01,-40069.62,-39518.28,-39518.28,-35316.61666666667,-39405.93823997047,-39469.56307824555,-40143.17239501953
a58ec4ef-270a-5a34-9b43-ba24a8518cfa,2022-01-01,-17279.95,,-13252.345000000001,-13252.345000000001,-599.9161128181978,-584.6049202465573,-976.0215454101562
a58ec4ef-270a-5a34-9b43-ba24a8518cfa,2022-02-01,-17338.42,-17279.95,-17279.95,-17279.95,-17835.700512089228,-17827.21392294453,-18949.84782714844
a58ec4ef-270a-5a34-9b43-ba24a8518cfa,2022-03-01,-15823.76,-17338.42,-17338.42,-17309.184999999998,-17934.647113479183,-17919.923222477697,-18300.597124023436
a58ec4ef-270a-5a34-9b43-ba24a8518cfa,2022-04-01,-17960.8,-15823.76,-15823.76,-16814.043333333335,-16296.219089549544,-16297.375210059468,-17553.284536132815
a58ec4ef-270a-5a34-9b43-ba24a8518cfa,2022-05-01,-17694.97,-17960.8,-17960.8,-17040.993333333332,-18409.288272599926,-18413.73901800926,-19082.263623046874
a58ec4ef-270a-5a34-9b43-ba24a8518cfa,2022-06-01,-12732.4,-17694.97,-17694.97,-17159.843333333334,-18139.514575507787,-18143.723645410297,-18747.261137695314
a58ec4ef-270a-5a34-9b43-ba24a8518cfa,2022-07-01,-16895.6,-12732.4,-12732.4,-16129.39,-13194.294903425156,-13195.208396194672,-14132.731176757812
a58ec4ef-270a-5a34-9b43-ba24a8518cfa,2022-08-01,-17017.93,-16895.6,-16895.6,-15774.323333333334,-17257.77405218344,-17271.184307346568,-17582.83742675781
a58ec4ef-270a-5a34-9b43-ba24a8518cfa,2022-09-01,-18055.84,-17017.93,-17017.93,-15548.643333333333,-17407.39061618304,-17416.498169672566,-17867.143623046875
a58ec4ef-270a-5a34-9b43-ba24a8518cfa,2022-10-01,-17281.35,-18055.84,-18055.84,-17323.123333333333,-18451.892670214464,-18459.399988903977,-18381.286716308594
a58ec4ef-270a-5a34-9b43-ba24a8518cfa,2022-11-01,-16490.7,-17281.35,-17281.35,-17451.70666666667,-17685.19264510402,-17692.611491350355,-17331.48809967041
a58ec4ef-270a-5a34-9b43-ba24a8518cfa,2022-12-01,-16847.17,-16490.7,-16490.7,-17275.963333333333,-16960.97164125192,-16960.553808946763,-16448.107623291016
a58ec4ef-270a-5a34-9b43-ba24a8518cfa,2023-01-01,-16688.49,-16847.17,-16847.17,-16873.07333333333,-17345.75001841901,-17341.608714788115,-17068.919923706053
a58ec4ef-270a-5a34-9b43-ba24a8518cfa,2023-02-01,-16995.26,-16688.49,-16688.49,-16675.453333333335,-17261.066087302763,-17248.885167241162,-16600.474039306642
a58ec4ef-270a-5a34-9b43-ba24a8518cfa,2023-03-01,-17090.79,-16995.26,-16995.26,-16843.64,-17513.603902672327,-17508.854079108823,-17003.4253137207
a58ec4ef-270a-5a34-9b43-ba24a8518cfa,2023-04-01,-17430.31,-17090.79,-17090.79,-16924.846666666668,-17614.226210790865,-17608.2143668149,-17046.813029327393
a58ec4ef-270a-5a34-9b43-ba24a8518cfa,2023-05-01,-16034.11,-17430.31,-17430.31,-17172.12,-17988.16581249657,-17978.409947812543,-17423.912794647218
a58ec4ef-270a-5a34-9b43-ba24a8518cfa,2023-06-01,-19344.74,-16034.11,-16034.11,-16851.736666666668,-16614.99933533222,-16602.710407547638,-16201.838820800782
a58ec4ef-270a-5a34-9b43-ba24a8518cfa,2023-07-01,-16563.49,-19344.74,-19344.74,-17603.053333333333,-19822.738208684157,-19822.30919856625,-17692.810556640627
a58ec4ef-270a-5a34-9b43-ba24a8518cfa,2023-08-01,-18473.22,-16563.49,-16563.49,-17314.113333333335,-17087.147020332814,-17081.325964864463,-16954.70127319336
a58ec4ef-270a-5a34-9b43-ba24a8518cfa,2023-09-01,-17665.52,-18473.22,-18473.22,-18127.150000000005,-18983.771539699803,-18980.162886880986,-17396.915922851564
a58ec4ef-270a-5a34-9b43-ba24a8518cfa,2023-10-01,-17561.03,-17665.52,-17665.52,-17567.410000000003,-18159.709593781427,-18158.663511988587,-17506.650950927735
a58ec4ef-270a-5a34-9b43-ba24a8518cfa,2023-11-01,-16677.29,-17561.03,-17561.03,-17899.923333333336,-18163.341224422336,-18149.26693946185,-17076.490327148436
a58ec4ef-270a-5a34-9b43-ba24a8518cfa,2023-12-01,-17830.61,-16677.29,-16677.29,-17301.28,-17279.674663620943,-17265.702005256466,-16830.045767822266
a58ec4ef-270a-5a34-9b43-ba24a8518cfa,2024-01-01,-17307.4,-17830.61,-17830.61,-17356.31,-18419.986966950913,-18407.667083961936,-17449.66044555664
a58ec4ef-270a-5a34-9b43-ba24a8518cfa,2024-02-01,-16589.67,-17307.4,-17307.4,-17271.766666666666,-17963.37539319417,-17943.386342954902,-17249.437128448488
a58ec4ef-270a-5a34-9b43-ba24a8518cfa,2024-03-01,-16166.15,-16589.67,-16589.67,-17242.56,-17230.214408158317,-17211.33290227411,-16551.348409576414
a58ec4ef-270a-5a34-9b43-ba24a8518cfa,2024-04-01,-16666.97,-16166.15,-16166.15,-16687.74,-16829.911195729783,-16809.111197796814,-16327.112158203125
a58ec4ef-270a-5a34-9b43-ba24a8518cfa,2024-05-01,-17090.48,-16666.97,-16666.97,-16474.263333333332,-17234.48703353818,-17224.28302678928,-16591.457327575685
a58ec4ef-270a-5a34-9b43-ba24a8518cfa,2024-06-01,-17202.75,-17090.48,-17090.48,-16641.2,-17619.09947786532,-17613.602840550247,-16915.17972229004
a58ec4ef-270a-5a34-9b43-ba24a8518cfa,2024-07-01,172043.45,-17202.75,-17202.75,-16986.733333333334,-17763.522513305554,-17753.871532243546,-17110.968505859375
a58ec4ef-270a-5a34-9b43-ba24a8518cfa,2024-08-01,265932.16,172043.45,172043.45,45916.74,168942.85351204363,169202.5260170471,174008.1949951172
a58ec4ef-270a-5a34-9b43-ba24a8518cfa,2024-09-01,282470.3,265932.16,265932.16,140257.62,260201.09817415045,260729.1785466183,269235.1990625
a58ec4ef-270a-5a34-9b43-ba24a8518cfa,2024-10-01,300174.02,282470.3,282470.3,240148.63666666663,275829.96347630944,276460.2196009103,285523.8266113281
a58ec4ef-270a-5a34-9b43-ba24a8518cfa,2024-11-01,341113.72,300174.02,300174.02,282858.82666666666,293766.5929888068,294375.40263580065,302412.1965136719
a66bc0b3-0a49-51de-a5bc-edadb20b1b76,2022-01-01,-1557.39,,-13252.345000000001,-13252.345000000001,-599.9161128181978,-584.6049202465573,-976.0215454101562
a66bc0b3-0a49-51de-a5bc-edadb20b1b76,2022-02-01,-12463.39,-1557.39,-1557.39,-1557.39,-2099.4157649353115,-2093.6745462117237,-5536.064560546875
a66bc0b3-0a49-51de-a5bc-edadb20b1b76,2022-03-01,-16237.32,-12463.39,-12463.39,-7010.389999999999,-12856.813956342658,-12868.810613448813,-14767.39048828125
a66bc0b3-0a49-51de-a5bc-edadb20b1b76,2022-04-01,-22439.48,-16237.32,-16237.32,-10086.033333333333,-16561.1388003722,-16582.69897270745,-20058.773857421875
a66bc0b3-0a49-51de-a5bc-edadb20b1b76,2022-05-01,-24677.44,-22439.48,-22439.48,-17046.73,-22689.216547246582,-22715.8374504621,-27802.84083984375
a66bc0b3-0a49-51de-a5bc-edadb20b1b76,2022-06-01,-28667.48,-24677.44,-24677.44,-21118.079999999998,-25120.13663284112,-25121.782603078263,-28590.968564453124
a66bc0b3-0a49-51de-a5bc-edadb20b1b76,2022-07-01,-34705.8,-28667.48,-28667.48,-25261.466666666664,-28811.959824445294,-28846.947717590992,-32348.145771484375
a66bc0b3-0a49-51de-a5bc-edadb20b1b76,2022-08-01,-32739.79,-34705.8,-34705.8,-29350.24,-34676.26593387312,-34733.970780754426,-37758.692578125
a66bc0b3-0a49-51de-a5bc-edadb20b1b76,2022-09-01,-41313.37,-32739.79,-32739.79,-32037.69,-33015.08574008951,-33034.39466606333,-33651.75295166016
a66bc0b3-0a49-51de-a5bc-edadb20b1b76,2022-10-01,-36517.51,-41313.37,-41313.37,-36252.98666666667,-41272.52190487602,-41332.09525792293,-39901.93970214844
a66bc0b3-0a49-51de-a5bc-edadb20b1b76,2022-11-01,-32557.66,-36517.51,-36517.51,-36856.89000000001,-36773.52159706074,-36797.75348018491,-35112.70519042969
a66bc0b3-0a49-51de-a5bc-edadb20b1b76,2022-12-01,-30755.07,-32557.66,-32557.66,-36796.18,-32818.22339267687,-32843.260329949466,-31091.130825195312
a66bc0b3-0a49-51de-a5bc-edadb20b1b76,2023-01-01,-29299.16,-30755.07,-30755.07,-33276.746666666666,-31115.32340751616,-31131.408735334753,-31139.095390625
a66bc0b3-0a49-51de-a5bc-edadb20b1b76,2023-02-01,-37631.72,-29299.16,-29299.16,-30870.63,-29853.311600702822,-29844.814347705687,-31252.936489257812
a66bc0b3-0a49-51de-a5bc-edadb20b1b76,2023-03-01,-35301.73,-37631.72,-37631.72,-32561.983333333337,-37778.54715387832,-37819.77831847209,-35688.424833984376
a66bc0b3-0a49-51de-a5bc-edadb20b1b76,2023-04-01,-33708.05,-35301.73,-35301.73,-34077.536666666674,-35735.61002707038,-35738.420473221544,-34692.45216796875
a66bc0b3-0a49-51de-a5bc-edadb20b1b76,2023-05-01,-34296.14,-33708.05,-33708.05,-35547.166666666664,-34074.342383683106,-34084.55755988138,-33361.01673583985
a66bc0b3-0a49-51de-a5bc-edadb20b1b76,2023-06-01,-34507.39,-34296.14,-34296.14,-34435.30666666667,-34531.95451804486,-34561.072867379786,-34733.70497192383
a66bc0b3-0a49-51de-a5bc-edadb20b1b76,2023-07-01,-33278.3,-34507.39,-34507.39,-34170.526666666665,-34798.32061330373,-34817.8217749011,-34765.8365637207
a66bc0b3-0a49-51de-a5bc-edadb20b1b76,2023-08-01,-33103.71,-33278.3,-33278.3,-34027.276666666665,-33627.61438928834,-33641.88985672384,-33354.23408966065
a66bc0b3-0a49-51de-a5bc-edadb20b1b76,2023-09-01,-41549.24,-33103.71,-33103.71,-33629.8,-33514.7038321147,-33520.631726899126,-33737.545998535155
a66bc0b3-0a49-51de-a5bc-edadb20b1b76,2023-10-01,-36961.55,-41549.24,-41549.24,-35977.083333333336,-41588.08919875558,-41640.80951642037,-38759.8259375
a66bc0b3-0a49-51de-a5bc-edadb20b1b76,2023-11-01,-31175.6,-36961.55,-36961.55,-37204.833333333336,-37183.384871881084,-37214.02843052915,-35311.16328125
a66bc0b3-0a49-51de-a5bc-edadb20b1b76,2023-12-01,-37792.72,-31175.6,-31175.6,-36562.13,-31588.389439799197,-31597.45712318653,-30019.083642578124
a66bc0b3-0a49-51de-a5bc-edadb20b1b76,2024-01-01,-35411.51,-37792.72,-37792.72,-35309.95666666667,-37925.036423856975,-37965.73000869249,-37659.038939208986
a66bc0b3-0a49-51de-a5bc-edadb20b1b76,2024-02-01,-42590.44,-35411.51,-35411.51,-34793.27666666667,-35666.2562738568,-35693.59376410561,-35458.27612854004
a66bc0b3-0a49-51de-a5bc-edadb20b1b76,2024-03-01,-37727.57,-42590.44,-42590.44,-38598.223333333335,-42608.590640940696,-42662.59975959199,-40430.98663085938
a66bc0b3-0a49-51de-a5bc-edadb20b1b76,2024-04-01,-34544.99,-37727.57,-37727.57,-38576.506666666675,-38036.89543494196,-38057.18370890223,-36497.140068359375
a66bc0b3-0a49-51de-a5bc-edadb20b1b76,2024-05-01,-33491.25,-34544.99,-34544.99,-38287.666666666664,-34782.62350469174,-34811.84191366112,-33748.74653076172
a66bc0b3-0a49-51de-a5bc-edadb20b1b76,2024-06-01,-32948.42,-33491.25,-33491.25,-35254.60333333333,-33828.72811806191,-33845.15948045652,-34537.482177734375
a66bc0b3-0a49-51de-a5bc-edadb20b1b76,2024-07-01,-31394.72,-32948.42,-32948.42,-33661.55333333334,-33383.97600920525,-33389.76019495912,-33904.08796875
a66bc0b3-0a49-51de-a5bc-edadb20b1b76,2024-08-01,-18561.7,-31394.72,-31394.72,-32611.463333333333,-31899.023421128804,-31895.954221146712,-31360.77950164795
a66bc0b3-0a49-51de-a5bc-edadb20b1b76,2024-09-01,-3414.1,-18561.7,-18561.7,-27634.946666666667,-19506.724855200482,-19457.98310213641,-18676.852397155762
a66bc0b3-0a49-51de-a5bc-edadb20b1b76,2024-10-01,2563.89,-3414.1,-3414.1,-17790.173333333336,-4732.203217997558,-4645.250809910858,-3003.0580993652343
a66bc0b3-0a49-51de-a5bc-edadb20b1b76,2024-11-01,6469.9,2563.89,2563.89,-6470.636666666666,1117.3379732838644,1217.2333532229354,2554.1188188934325
aa47a5a9-94f0-52e5-b6bb-8b3803d749f4,2022-01-01,-520.22,,-13252.345000000001,-13252.345000000001,-599.9161128181978,-584.6049202465573,-976.0215454101562
aa47a5a9-94f0-52e5-b6bb-8b3803d749f4,2022-02-01,-1685.56,-520.22,-520.22,-520.22,-1097.1542751492025,-1085.623955033491,-2767.1653125000003
aa47a5a9-94f0-52e5-b6bb-8b3803d749f4,2022-03-01,-10466.15,-1685.56,-1685.56,-1102.8899999999999,-2291.419069685001,-2276.3524547438083,-3264.7764306640624
aa47a5a9-94f0-52e5-b6bb-8b3803d749f4,2022-04-01,-13758.13,-10466.15,-10466.15,-4223.9766666666665,-10815.533356305998,-10834.849088004643,-13798.683935546875
aa47a5a9-94f0-52e5-b6bb-8b3803d749f4,2022-05-01,-13992.77,-13758.13,-13758.13,-8636.613333333333,-14179.2532376279,-14186.64627938637,-15385.154658203124
aa47a5a9-94f0-52e5-b6bb-8b3803d749f4,2022-06-01,-15592.58,-13992.77,-13992.77,-12739.016666666668,-14486.863145530962,-14484.065615298667,-15225.901713867188
aa47a5a9-94f0-52e5-b6bb-8b3803d749f4,2022-07-01,-15204.9,-15592.58,-15592.58,-14447.826666666666,-15843.20478111742,-15871.750070858321,-15243.202039794922
aa47a5a9-94f0-52e5-b6bb-8b3803d749f4,2022-08-01,-15657.03,-15204.9,-15204.9,-14930.083333333334,-15572.286272255884,-15584.802520225145,-15481.663427734375
aa47a5a9-94f0-52e5-b6bb-8b3803d749f4,2022-09-01,-14102.42,-15657.03,-15657.03,-15484.836666666668,-16137.478076572188,-16135.018314224113,-15720.07461669922
aa47a5a9-94f0-52e5-b6bb-8b3803d749f4,2022-10-01,-13835.18,-14102.42,-14102.42,-14988.116666666667,-14704.17927792661,-14689.169057750521,-14236.217821044922
aa47a5a9-94f0-52e5-b6bb-8b3803d749f4,2022-11-01,-13180.83,-13835.18,-13835.18,-14531.543333333333,-14430.533607978701,-14415.898726899512,-13872.90906112671
aa47a5a9-94f0-52e5-b6bb-8b3803d749f4,2022-12-01,-10923.19,-13180.83,-13180.83,-13706.143333333333,-13752.186323717786,-13743.246376922809,-12910.103895263672
aa47a5a9-94f0-52e5-b6bb-8b3803d749f4,2023-01-01,-11319.68,-10923.19,-10923.19,-12646.4,-11602.452995875756,-11579.010363925454,-11631.572751464844
aa47a5a9-94f0-52e5-b6bb-8b3803d749f4,2023-02-01,-9609.91,-11319.68,-11319.68,-11807.900000000001,-11944.573376877795,-11928.57796621351,-11895.641486816407
aa47a5a9-94f0-52e5-b6bb-8b3803d749f4,2023-03-01,-12352.61,-9609.91,-9609.91,-10617.593333333332,-10412.652567514717,-10373.68100056404,-11259.351162109375
aa47a5a9-94f0-52e5-b6bb-8b3803d749f4,2023-04-01,-13371.5,-12352.61,-12352.61,-11094.066666666666,-12851.535883216522,-12849.770532459446,-12697.644912109376
aa47a5a9-94f0-52e5-b6bb-8b3803d749f4,2023-05-01,-12584.44,-13371.5,-13371.5,-11778.006666666668,-13880.363645175641,-13877.75025876806,-13744.169921875
aa47a5a9-94f0-52e5-b6bb-8b3803d749f4,2023-06-01,-14084.25,-12584.44,-12584.44,-12769.516666666668,-13131.083429876684,-13122.981371614567,-12943.07119506836
aa47a5a9-94f0-52e5-b6bb-8b3803d749f4,2023-07-01,-13125.81,-14084.25,-14084.25,-13346.730000000001,-14563.738000181926,-14564.031767824463,-13954.384399414062
aa47a5a9-94f0-52e5-b6bb-8b3803d749f4,2023-08-01,-13627.86,-13125.81,-13125.81,-13264.833333333334,-13658.630324085008,-13653.660588092109,-13170.930407104492
aa47a5a9-94f0-52e5-b6bb-8b3803d749f4,2023-09-01,-12750.01,-13627.86,-13627.86,-13612.64,-14154.712838325513,-14150.29687952761,-13102.698134765626
aa47a5a9-94f0-52e5-b6bb-8b3803d749f4,2023-10-01,-13069.02,-12750.01,-12750.01,-13167.893333333333,-13338.826400793623,-13326.751579172496,-12663.477628479004
aa47a5a9-94f0-52e5-b6bb-8b3803d749f4,2023-11-01,-13375.12,-13069.02,-13069.02,-13148.963333333333,-13567.499577004743,-13566.521495684523,-12938.640498657227
aa47a5a9-94f0-52e5-b6bb-8b3803d749f4,2023-12-01,-10447.69,-13375.12,-13375.12,-13064.716666666667,-13923.927507904406,-13916.755655185094,-12527.112065429688
aa47a5a9-94f0-52e5-b6bb-8b3803d749f4,2024-01-01,-8647.0,-10447.69,-10447.69,-12297.276666666667,-11068.785482230169,-11052.31259023565,-10447.678549886272
aa47a5a9-94f0-52e5-b6bb-8b3803d749f4,2024-02-01,-9000.02,-8647.0,-8647.0,-10823.270000000002,-9384.527033979693,-9354.887740917457,-9887.432861328125
aa47a5a9-94f0-52e5-b6bb-8b3803d749f4,2024-03-01,-10048.12,-9000.02,-9000.02,-9364.903333333334,-9665.673755214331,-9645.223745106721,-10209.489116210938
aa47a5a9-94f0-52e5-b6bb-8b3803d749f4,2024-04-01,-13513.84,-10048.12,-10048.12,-9231.713333333333,-10651.281964681908,-10638.38149107627,-10841.845952148438
aa47a5a9-94f0-52e5-b6bb-8b3803d749f4,2024-05-01,-13513.84,-13513.84,-13513.84,-10853.993333333334,-13879.295897578646,-13893.460101233515,-13522.704074707031
aa47a5a9-94f0-52e5-b6bb-8b3803d749f4,2024-06-01,-13513.84,-13513.84,-13513.84,-12358.6,-13994.427453478822,-13994.154689509598,-13606.173000183106
aa47a5a9-94f0-52e5-b6bb-8b3803d749f4,2024-07-01,-11287.92,-13513.84,-13513.84,-13513.840000000002,-13989.584574250082,-13988.861700220938,-13666.258441772461
aa47a5a9-94f0-52e5-b6bb-8b3803d749f4,2024-08-01,-16782.77,-11287.92,-11287.92,-12771.866666666669,-11810.723824367933,-11805.447535484322,-12264.086870117188
aa47a5a9-94f0-52e5-b6bb-8b3803d749f4,2024-09-01,-26225.7,-16782.77,-16782.77,-13861.51,-17144.32081417686,-17157.827623698282,-17675.992595214844
aa47a5a9-94f0-52e5-b6bb-8b3803d749f4,2024-10-01,-14133.94,-26225.7,-26225.7,-18098.796666666665,-26291.926026402336,-26339.96873008988,-27144.382250976563
aa47a5a9-94f0-52e5-b6bb-8b3803d749f4,2024-11-01,1451.44,-14133.94,-14133.94,-19047.47,-14432.126753375642,-14458.271639660214,-13027.621640625
ad5d5f5b-33ab-5ad9-a550-831e09e37126,2022-01-01,-4511.27,,-13252.345000000001,-13252.345000000001,-599.9161128181978,-584.6049202465573,-976.0215454101562
ad5d5f5b-33ab-5ad9-a550-831e09e37126,2022-02-01,-7238.14,-4511.27,-4511.27,-4511.27,-5164.408819826318,-5142.277352913594,-5746.681987304688
ad5d5f5b-33ab-5ad9-a550-831e09e37126,2022-03-01,-7508.87,-7238.14,-7238.14,-5874.705,-7905.933310338889,-7882.1120316361275,-8020.403244628907
ad5d5f5b-33ab-5ad9-a550-831e09e37126,2022-04-01,-7508.87,-7508.87,-7508.87,-6419.426666666666,-8234.08444950022,-8203.038716377338,-7847.225316162109
ad5d5f5b-33ab-5ad9-a550-831e09e37126,2022-05-01,-7508.87,-7508.87,-7508.87,-7418.626666666667,-8255.91776764962,-8222.273949805505,-7545.27295791626
ad5d5f5b-33ab-5ad9-a550-831e09e37126,2022-06-01,-4570.18,-7508.87,-7508.87,-7508.87,-8272.501582588253,-8237.1548207362,-7506.619702692032
ad5d5f5b-33ab-5ad9-a550-831e09e37126,2022-07-01,-4570.18,-4570.18,-4570.18,-6529.306666666666,-5062.160385716574,-5061.591594826844,-4816.9229809570315
ad5d5f5b-33ab-5ad9-a550-831e09e37126,2022-08-01,-7377.19,-4570.18,-4570.18,-5549.743333333333,-5093.442273115621,-5091.807205486226,-4874.589210205078
ad5d5f5b-33ab-5ad9-a550-831e09e37126,2022-09-01,-4951.13,-7377.19,-7377.19,-5505.849999999999,-7818.4346411829865,-7825.1941651377065,-7204.095197143554
ad5d5f5b-33ab-5ad9-a550-831e09e37126,2022-10-01,-4951.13,-4951.13,-4951.13,-5632.833333333333,-5395.894995971785,-5403.639307456038,-5083.859370117188
ad5d5f5b-33ab-5ad9-a550-831e09e37126,2022-11-01,-4951.13,-4951.13,-4951.13,-5759.816666666667,-5387.252125316678,-5395.983377787967,-4972.682242279053
ad5d5f5b-33ab-5ad9-a550-831e09e37126,2022-12-01,-4951.13,-4951.13,-4951.13,-4951.13,-5396.742730096144,-5404.3692223505295,-5105.543970947266
ad5d5f5b-33ab-5ad9-a550-831e09e37126,2023-01-01,-4951.13,-4951.13,-4951.13,-4951.13,-5389.247028656275,-5398.759325528927,-4900.934832458496
ad5d5f5b-33ab-5ad9-a550-831e09e37126,2023-02-01,-4951.13,-4951.13,-4951.13,-4951.13,-5428.929973363301,-5433.429296927508,-5039.294741516113
ad5d5f5b-33ab-5ad9-a550-831e09e37126,2023-03-01,-4951.13,-4951.13,-4951.13,-4951.13,-5756.79975962398,-5716.953003777242,-4989.431162719727
ad5d5f5b-33ab-5ad9-a550-831e09e37126,2023-04-01,-4951.13,-4951.13,-4951.13,-4951.13,-5754.514844711861,-5714.9547179307365,-4989.431162719727
ad5d5f5b-33ab-5ad9-a550-831e09e37126,2023-05-01,-4951.13,-4951.13,-4951.13,-4951.13,-5751.6578982345745,-5712.461017618532,-4989.431162719727
ad5d5f5b-33ab-5ad9-a550-831e09e37126,2023-06-01,-4951.13,-4951.13,-4951.13,-4951.13,-5748.800951757288,-5709.967317306328,-4989.431162719727
ad5d5f5b-33ab-5ad9-a550-831e09e37126,2023-07-01,-4951.13,-4951.13,-4951.13,-4951.13,-5745.944005280002,-5707.473616994124,-4989.431162719727
ad5d5f5b-33ab-5ad9-a550-831e09e37126,2023-08-01,-4951.13,-4951.13,-4951.13,-4951.13,-5743.087058802716,-5704.97991668192,-4981.814549331665
ad5d5f5b-33ab-5ad9-a550-831e09e37126,2023-09-01,-4951.13,-4951.13,-4951.13,-4951.13,-5740.230112325429,-5702.486216369716,-4943.8105477142335
ad5d5f5b-33ab-5ad9-a550-831e09e37126,2023-10-01,-4951.13,-4951.13,-4951.13,-4951.13,-5737.373165848143,-5699.992516057511,-4926.681931381226
ad5d5f5b-33ab-5ad9-a550-831e09e37126,2023-11-01,-4951.13,-4951.13,-4951.13,-4951.13,-5734.516219370857,-5697.498815745308,-4912.054129486084
ad5d5f5b-33ab-5ad9-a550-831e09e37126,2023-12-01,-4951.13,-4951.13,-4951.13,-4951.13,-5731.65927289357,-5695.005115433103,-4901.973589782715
ad5d5f5b-33ab-5ad9-a550-831e09e37126,2024-01-01,-4951.13,-4951.13,-4951.13,-4951.13,-5728.802326416284,-5692.511415120899,-4901.973589782715
ad5d5f5b-33ab-5ad9-a550-831e09e37126,2024-02-01,-4951.13,-4951.13,-4951.13,-4951.13,-5725.945379938998,-5690.017714808695,-4931.338919525147
ad5d5f5b-33ab-5ad9-a550-831e09e37126,2024-03-01,-4951.13,-4951.13,-4951.13,-4951.13,-5723.088433461711,-5687.524014496491,-4931.338919525147
ad5d5f5b-33ab-5ad9-a550-831e09e37126,2024-04-01,-4951.13,-4951.13,-4951.13,-4951.13,-5720.231486984425,-5685.030314184287,-4929.452322845459
ad5d5f5b-33ab-5ad9-a550-831e09e37126,2024-05-01,-4951.13,-4951.13,-4951.13,-4951.13,-5717.374540507139,-5682.536613872083,-4929.452322845459
ad5d5f5b-33ab-5ad9-a550-831e09e37126,2024-06-01,-4951.13,-4951.13,-4951.13,-4951.13,-5714.517594029852,-5680.042913559879,-4929.452322845459
ad5d5f5b-33ab-5ad9-a550-831e09e37126,2024-07-01,225718.51,-4951.13,-4951.13,-4951.13,-5711.660647552567,-5677.549213247675,-4892.632624511719
ad5d5f5b-33ab-5ad9-a550-831e09e37126,2024-08-01,193846.13,225718.51,225718.51,71938.75,220150.42183952002,220666.73128547828,229029.35448242188
ad5d5f5b-33ab-5ad9-a550-831e09e37126,2024-09-01,209739.66,193846.13,193846.13,138204.50333333333,189916.8734427275,190259.90153087286,197129.86876953125
ad5d5f5b-33ab-5ad9-a550-831e09e37126,2024-10-01,197712.48,209739.66,209739.66,209768.1,204367.72465896222,204873.8987920061,212382.41244140625
ad5d5f5b-33ab-5ad9-a550-831e09e37126,2024-11-01,188574.9,197712.48,197712.48,200432.75666666668,193953.32229210896,194287.68316556752,201435.5473828125
ae7ffcc3-62c4-5d89-958f-4aad7880d8d4,2022-01-01,-5146.5,,-13252.345000000001,-13252.345000000001,-599.9161128181978,-584.6049202465573,-976.0215454101562
ae7ffcc3-62c4-5d89-958f-4aad7880d8d4,2022-02-01,-20401.41,-5146.5,-5146.5,-5146.5,-5616.911373516772,-5621.958026877761,-9377.83203125
ae7ffcc3-62c4-5d89-958f-4aad7880d8d4,2022-03-01,-26783.52,-20401.41,-20401.41,-12773.955,-20711.95233830897,-20735.51261239688,-25497.333828125
ae7ffcc3-62c4-5d89-958f-4aad7880d8d4,2022-04-01,-32382.99,-26783.52,-26783.52,-17443.81,-26999.957601639697,-27034.983271533496,-32578.81345703125
ae7ffcc3-62c4-5d89-958f-4aad7880d8d4,2022-05-01,-34342.18,-32382.99,-32382.99,-26522.64,-32529.601281114155,-32568.77809306974,-37877.208261718755
ae7ffcc3-62c4-5d89-958f-4aad7880d8d4,2022-06-01,-43103.89,-34342.18,-34342.18,-31169.563333333335,-34664.542295666164,-34680.96645773884,-38934.164375
ae7ffcc3-62c4-5d89-958f-4aad7880d8d4,2022-07-01,-47658.97,-43103.89,-43103.89,-36609.68666666667,-42947.77315615933,-43019.690305251104,-48453.50181640625
ae7ffcc3-62c4-5d89-958f-4aad7880d8d4,2022-08-01,-54448.01,-47658.97,-47658.97,-41701.68,-47585.64568345178,-47646.62542266257,-53103.1506640625
ae7ffcc3-62c4-5d89-958f-4aad7880d8d4,2022-09-01,-61920.18,-54448.01,-54448.01,-48403.62333333333,-54270.904742572115,-54343.07110836165,-58644.82298828125
ae7ffcc3-62c4-5d89-958f-4aad7880d8d4,2022-10-01,-63522.21,-61920.18,-61920.18,-54675.72,-61644.56214979941,-61727.17584610469,-65487.9133984375
ae7ffcc3-62c4-5d89-958f-4aad7880d8d4,2022-11-01,-67754.35,-63522.21,-63522.21,-59963.46666666667,-63355.101228736006,-63424.93602436664,-67008.01249023437
ae7ffcc3-62c4-5d89-958f-4aad7880d8d4,2022-12-01,-74099.49,-67754.35,-67754.35,-64398.91333333333,-67539.00623804456,-67613.5122108575,-69959.9720703125
ae7ffcc3-62c4-5d89-958f-4aad7880d8d4,2023-01-01,-74076.05,-74099.49,-74099.49,-68458.68333333333,-73812.18186172214,-73895.3609785593,-78184.06543945313
ae7ffcc3-62c4-5d89-958f-4aad7880d8d4,2023-02-01,-75330.99,-74076.05,-74076.05,-71976.63,-73939.18162193654,-74002.23158271097,-76709.54951171875
ae7ffcc3-62c4-5d89-958f-4aad7880d8d4,2023-03-01,-83175.81,-75330.99,-75330.99,-74502.17666666668,-75154.31166054127,-75224.0067432367,-78856.0495703125
ae7ffcc3-62c4-5d89-958f-4aad7880d8d4,2023-04-01,-87778.53,-83175.81,-83175.81,-77527.61666666665,-82726.15805021227,-82829.81672285861,-86565.66717773437
ae7ffcc3-62c4-5d89-958f-4aad7880d8d4,2023-05-01,-92660.1,-87778.53,-87778.53,-82095.11,-87452.83171058143,-87536.6560186892,-92188.1364453125
ae7ffcc3-62c4-5d89-958f-4aad7880d8d4,2023-06-01,-97634.53,-92660.1,-92660.1,-87871.48,-92245.35692145945,-92338.7877051755,-96610.07338867188
ae7ffcc3-62c4-5d89-958f-4aad7880d8d4,2023-07-01,-102128.57,-97634.53,-97634.53,-92691.05333333334,-97132.24890591594,-97237.22149814284,-102163.3971875
ae7ffcc3-62c4-5d89-958f-4aad7880d8d4,2023-08-01,-102458.5,-102128.57,-102128.57,-97474.40000000001,-101612.68356530584,-101716.88308353325,-105834.42473632813
ae7ffcc3-62c4-5d89-958f-4aad7880d8d4,2023-09-01,-101627.65,-102458.5,-102458.5,-100740.53333333333,-102008.42634753717,-102103.66657890509,-103260.79791259766
ae7ffcc3-62c4-5d89-958f-4aad7880d8d4,2023-10-01,-103373.28,-101627.65,-101627.65,-102071.57333333332,-101248.67911687666,-101337.03101470869,-102153.35959472656
ae7ffcc3-62c4-5d89-958f-4aad7880d8d4,2023-11-01,-101870.25,-103373.28,-103373.28,-102486.47666666667,-102937.31279369608,-103032.53374080233,-103940.03134277344
ae7ffcc3-62c4-5d89-958f-4aad7880d8d4,2023-12-01,-104359.42,-101870.25,-101870.25,-102290.39333333333,-101520.87724181829,-101607.0146296835,-102212.7087097168
ae7ffcc3-62c4-5d89-958f-4aad7880d8d4,2024-01-01,-101816.83,-104359.42,-104359.42,-103200.98333333332,-103907.03216452803,-104004.96103850551,-104666.34538452148
ae7ffcc3-62c4-5d89-958f-4aad7880d8d4,2024-02-01,-100278.7,-101816.83,-101816.83,-102682.16666666667,-101538.48791735529,-101617.86194799101,-101499.542890625
ae7ffcc3-62c4-5d89-958f-4aad7880d8d4,2024-03-01,-103454.09,-100278.7,-100278.7,-102151.65000000001,-99983.0422125782,-100065.03400741125,-100346.27591247558
ae7ffcc3-62c4-5d89-958f-4aad7880d8d4,2024-04-01,-103096.91,-103454.09,-103454.09,-101849.87333333334,-102907.34829929848,-103020.9373693016,-103162.3259008789
ae7ffcc3-62c4-5d89-958f-4aad7880d8d4,2024-05-01,-104212.91,-103096.91,-103096.91,-102276.56666666667,-102658.12994571235,-102757.94254503363,-103688.67483154297
ae7ffcc3-62c4-5d89-958f-4aad7880d8d4,2024-06-01,-103742.33,-104212.91,-104212.91,-103587.97000000002,-103744.83089255537,-103846.76053402912,-104591.44897094727
ae7ffcc3-62c4-5d89-958f-4aad7880d8d4,2024-07-01,-88917.75,-103742.33,-103742.33,-103684.05,-103386.91071584937,-103475.90709605058,-103971.90637023926
ae7ffcc3-62c4-5d89-958f-4aad7880d8d4,2024-08-01,-100764.79,-88917.75,-88917.75,-98957.66333333333,-88823.5476330217,-88885.30464854663,-91362.18774414062
ae7ffcc3-62c4-5d89-958f-4aad7880d8d4,2024-09-01,-96888.74,-100764.79,-100764.79,-97808.29,-100185.15194907496,-100301.89733112208,-101720.93654541015
ae7ffcc3-62c4-5d89-958f-4aad7880d8d4,2024-10-01,-115945.22,-96888.74,-96888.74,-95523.76000000001,-96437.96073598566,-96544.64919507556,-99745.089609375
ae7ffcc3-62c4-5d89-958f-4aad7880d8d4,2024-11-01,-124619.69,-115945.22,-115945.22,-104532.91666666667,-115086.32813147792,-115231.43431413651,-119851.08157226563
b14464a8-9282-5825-ab00-bf71dacc8109,2022-01-01,-1482.18,,-13252.345000000001,-13252.345000000001,-599.9161128181978,-584.6049202465573,-976.0215454101562
b14464a8-9282-5825-ab00-bf71dacc8109,2022-02-01,-2552.81,-1482.18,-1482.18,-1482.18,-2110.0082167427927,-2093.70899586925,-3099.2703320312503
b14464a8-9282-5825-ab00-bf71dacc8109,2022-03-01,-4999.91,-2552.81,-2552.81,-2017.495,-3130.4703335447766,-3119.5825655706176,-5321.5787988281245
b14464a8-9282-5825-ab00-bf71dacc8109,2022-04-01,-2500.61,-4999.91,-4999.91,-3011.633333333333,-5719.754903935416,-5692.48898577945,-5381.062801513672
b14464a8-9282-5825-ab00-bf71dacc8109,2022-05-01,-3837.73,-2500.61,-2500.61,-3351.11,-3073.561755270544,-3064.774636110057,-3639.0522607421876
b14464a8-9282-5825-ab00-bf71dacc8109,2022-06-01,-2364.69,-3837.73,-3837.73,-3779.4166666666665,-4474.857132862455,-4457.296020055257,-4537.333515625
b14464a8-9282-5825-ab00-bf71dacc8109,2022-07-01,-2368.98,-2364.69,-2364.69,-2901.01,-2807.6049515225113,-2816.2092081804904,-2795.320401611328
b14464a8-9282-5825-ab00-bf71dacc8109,2022-08-01,-3885.99,-2368.98,-2368.98,-2857.133333333333,-2953.606297454051,-2943.550970028643,-2951.9352001953125
b14464a8-9282-5825-ab00-bf71dacc8109,2022-09-01,-1722.13,-3885.99,-3885.99,-2873.22,-4522.5294620656705,-4506.481037425828,-3582.156809082031
b14464a8-9282-5825-ab00-bf71dacc8109,2022-10-01,111.69,-1722.13,-1722.13,-2659.0333333333333,-2388.0591328740693,-2368.469386221127,-1648.2354611206056
b14464a8-9282-5825-ab00-bf71dacc8109,2022-11-01,-6484.44,111.69,111.69,-1832.1433333333334,-467.83655327495154,-461.76098687975735,-787.0974145507812
b14464a8-9282-5825-ab00-bf71dacc8109,2022-12-01,2309.22,-6484.44,-6484.44,-2698.2933333333335,-6986.181124806006,-6991.658935359595,-4997.993833007812
b14464a8-9282-5825-ab00-bf71dacc8109,2023-01-01,-2674.13,2309.22,2309.22,-1354.5099999999998,1630.840672954261,1642.0078009339095,1183.0257861328123
b14464a8-9282-5825-ab00-bf71dacc8109,2023-02-01,-5823.64,-2674.13,-2674.13,-2283.116666666667,-3252.2784280060405,-3253.2092910226092,-2937.226130371094
b14464a8-9282-5825-ab00-bf71dacc8109,2023-03-01,-4636.52,-5823.64,-5823.64,-2062.8500000000004,-6351.3436142021565,-6357.621876252324,-5784.676117553711
b14464a8-9282-5825-ab00-bf71dacc8109,2023-04-01,-4628.71,-4636.52,-4636.52,-4378.096666666667,-5137.070536143123,-5144.2461453637725,-5027.38459350586
b14464a8-9282-5825-ab00-bf71dacc8109,2023-05-01,-5509.09,-4628.71,-4628.71,-5029.623333333333,-5107.67472708861,-5113.888957993832,-5259.345925292969
b14464a8-9282-5825-ab00-bf71dacc8109,2023-06-01,-4380.54,-5509.09,-5509.09,-4924.7733333333335,-5856.499416727021,-5881.213923734363,-5628.871616210938
b14464a8-9282-5825-ab00-bf71dacc8109,2023-07-01,-5589.84,-4380.54,-4380.54,-4839.446666666667,-4947.599070958196,-4937.946386108389,-4776.842307128906
b14464a8-9282-5825-ab00-bf71dacc8109,2023-08-01,-6251.89,-5589.84,-5589.84,-5159.823333333334,-6244.7487864312525,-6223.576106977773,-5200.498264160156
b14464a8-9282-5825-ab00-bf71dacc8109,2023-09-01,-3740.37,-6251.89,-6251.89,-5407.423333333333,-6920.434309956026,-6898.186370554346,-5983.453201904297
b14464a8-9282-5825-ab00-bf71dacc8109,2023-10-01,-3624.44,-3740.37,-3740.37,-5194.033333333334,-4396.453279144963,-4378.672987608097,-3396.9006701660155
b14464a8-9282-5825-ab00-bf71dacc8109,2023-11-01,-2286.62,-3624.44,-3624.44,-4538.900000000001,-4294.030886169189,-4274.406745290512,-3638.088425102234
b14464a8-9282-5825-ab00-bf71dacc8109,2023-12-01,4170.16,-2286.62,-2286.62,-3217.1433333333334,-2977.3152366013815,-2956.1669249666456,-2781.3807116699218
b14464a8-9282-5825-ab00-bf71dacc8109,2024-01-01,681.08,4170.16,4170.16,-580.3000000000001,3262.4355584445784,3304.1848949202513,2364.1896630859374
b14464a8-9282-5825-ab00-bf71dacc8109,2024-02-01,2632.25,681.08,681.08,854.8733333333333,-186.443434072817,-149.54078144864184,624.284387664795
b14464a8-9282-5825-ab00-bf71dacc8109,2024-03-01,514.33,2632.25,2632.25,2494.4966666666664,2242.690398937369,2215.1982679267144,1666.4691162109375
b14464a8-9282-5825-ab00-bf71dacc8109,2024-04-01,740.68,514.33,514.33,1275.8866666666665,189.21202352267028,158.203296281279,122.93195922851567
b14464a8-9282-5825-ab00-bf71dacc8109,2024-05-01,-243.42,740.68,740.68,1295.7533333333333,57.62951459208682,74.97096011226313,507.88520019531245
b14464a8-9282-5825-ab00-bf71dacc8109,2024-06-01,53.8,-243.42,-243.42,337.19666666666666,-876.8801621957235,-866.4992285158427,-435.80534545898433
b14464a8-9282-5825-ab00-bf71dacc8109,2024-07-01,-3479.12,53.8,53.8,183.68666666666664,-610.9308653590739,-596.1875936451809,-100.76245422363282
b14464a8-9282-5825-ab00-bf71dacc8109,2024-08-01,17805.67,-3479.12,-3479.12,-1222.9133333333332,-4023.0609493977636,-4022.9053506370915,-3004.643986816406
b14464a8-9282-5825-ab00-bf71dacc8109,2024-09-01,22939.69,17805.67,17805.67,4793.45,16836.65055448433,16871.032340970305,19339.853837890623
b14464a8-9282-5825-ab00-bf71dacc8109,2024-10-01,16928.29,22939.69,22939.69,12422.08,21775.171470405727,21832.759835970726,23068.75346130371
b14464a8-9282-5825-ab00-bf71dacc8109,2024-11-01,13037.41,16928.29,16928.29,19224.55,15718.345206548978,15787.462614887143,15369.0155859375
b26daa40-93ee-51c4-9717-b65932b692b8,2022-01-01,78.19,,-13252.345000000001,-13252.345000000001,-599.9161128181978,-584.6049202465573,-976.0215454101562
b26daa40-93ee-51c4-9717-b65932b692b8,2022-02-01,-559.62,78.19,78.19,78.19,-547.1968096640283,-532.0124771330538,-871.4403100585937
b26daa40-93ee-51c4-9717-b65932b692b8,2022-03-01,-2189.23,-559.62,-559.62,-240.715,-1214.4699446647476,-1195.2138684051256,-2224.3217822265624
b26daa40-93ee-51c4-9717-b65932b692b8,2022-04-01,-3895.47,-2189.23,-2189.23,-890.2199999999999,-2752.7379213275854,-2747.1301739521596,-3894.7591748046875
b26daa40-93ee-51c4-9717-b65932b692b8,2022-05-01,-4929.61,-3895.47,-3895.47,-2214.773333333333,-4543.057771618175,-4525.352926843622,-5013.846708984374
b26daa40-93ee-51c4-9717-b65932b692b8,2022-06-01,-4822.11,-4929.61,-4929.61,-3671.4366666666665,-5535.36992108337,-5522.915648755188,-6269.49720703125
b26daa40-93ee-51c4-9717-b65932b692b8,2022-07-01,-5782.84,-4822.11,-4822.11,-4549.063333333333,-5484.859646661127,-5465.151109755295,-5299.19056640625
b26daa40-93ee-51c4-9717-b65932b692b8,2022-08-01,-8778.37,-5782.84,-5782.84,-5178.186666666667,-6237.778612274193,-6243.150232901627,-6082.952976074219
b26daa40-93ee-51c4-9717-b65932b692b8,2022-09-01,-8039.27,-8778.37,-8778.37,-6461.106666666667,-9162.573425430017,-9176.110177417457,-9299.483403320313
b26daa40-93ee-51c4-9717-b65932b692b8,2022-10-01,-9668.2,-8039.27,-8039.27,-7533.493333333333,-8614.967947484774,-8603.534584199311,-8354.3412890625
b26daa40-93ee-51c4-9717-b65932b692b8,2022-11-01,-9358.6,-9668.2,-9668.2,-8828.613333333335,-10134.901497614599,-10138.545126948346,-9407.386950683594
b26daa40-93ee-51c4-9717-b65932b692b8,2022-12-01,-8573.9,-9358.6,-9358.6,-9022.023333333334,-9922.82295486091,-9914.475471525771,-9483.923516845703
b26daa40-93ee-51c4-9717-b65932b692b8,2023-01-01,-12795.15,-8573.9,-8573.9,-9200.233333333334,-9105.799162062343,-9101.989107859574,-8789.07008972168
b26daa40-93ee-51c4-9717-b65932b692b8,2023-02-01,-12261.95,-12795.15,-12795.15,-10242.550000000001,-13258.995972667708,-13262.553016720198,-11867.157507324218
b26daa40-93ee-51c4-9717-b65932b692b8,2023-03-01,-12033.25,-12261.95,-12261.95,-11210.333333333334,-12812.648633687026,-12805.08425564086,-12405.431765747071
b26daa40-93ee-51c4-9717-b65932b692b8,2023-04-01,-12899.08,-12033.25,-12033.25,-12363.449999999999,-12550.839398279666,-12547.446855443972,-12482.73013305664
b26daa40-93ee-51c4-9717-b65932b692b8,2023-05-01,-12697.86,-12899.08,-12899.08,-12398.093333333332,-13426.288414492425,-13421.87259904539,-13369.047590332031
b26daa40-93ee-51c4-9717-b65932b692b8,2023-06-01,-13610.78,-12697.86,-12697.86,-12543.396666666667,-13229.079264506323,-13224.725000705253,-12922.165557250977
b26daa40-93ee-51c4-9717-b65932b692b8,2023-07-01,-14859.31,-13610.78,-13610.78,-13069.24,-14144.086450536672,-14138.045739999137,-13973.002290039063
b26daa40-93ee-51c4-9717-b65932b692b8,2023-08-01,-16334.12,-14859.31,-14859.31,-13722.65,-15347.778747299164,-15347.766559544607,-15535.06
b26daa40-93ee-51c4-9717-b65932b692b8,2023-09-01,-17737.02,-16334.12,-16334.12,-14934.736666666666,-16811.563048865995,-16811.73307391007,-16816.36774169922
b26daa40-93ee-51c4-9717-b65932b692b8,2023-10-01,-18174.5,-17737.02,-17737.02,-16310.15,-18186.647041699787,-18188.89886676166,-18645.328654785157
b26daa40-93ee-51c4-9717-b65932b692b8,2023-11-01,-18938.43,-18174.5,-18174.5,-17415.213333333337,-18633.06556885656,-18634.247185493805,-18842.824340820312
b26daa40-93ee-51c4-9717-b65932b692b8,2023-12-01,-17500.62,-18938.43,-18938.43,-18283.316666666666,-19393.957700847004,-19396.104486610115,-18836.863479309082
b26daa40-93ee-51c4-9717-b65932b692b8,2024-01-01,-16861.09,-17500.62,-17500.62,-18204.516666666666,-17970.02561612627,-17971.36322284523,-17724.122365112304
b26daa40-93ee-51c4-9717-b65932b692b8,2024-02-01,-16872.05,-16861.09,-16861.09,-17766.713333333333,-17371.685388347418,-17368.637301789277,-17303.64926513672
b26daa40-93ee-51c4-9717-b65932b692b8,2024-03-01,-17353.92,-16872.05,-16872.05,-17077.92,-17447.819054187716,-17436.89191721851,-17391.49396972656
b26daa40-93ee-51c4-9717-b65932b692b8,2024-04-01,-17380.43,-17353.92,-17353.92,-17029.02,-17910.692878241127,-17901.408828658892,-17770.92680541992
b26daa40-93ee-51c4-9717-b65932b692b8,2024-05-01,-18803.69,-17380.43,-17380.43,-17202.13333333333,-17880.80260911991,-17879.774442847647,-17962.410590820313
b26daa40-93ee-51c4-9717-b65932b692b8,2024-06-01,-18768.39,-18803.69,-18803.69,-17846.013333333332,-19301.700405233158,-19298.98461312493,-19246.76678222656
b26daa40-93ee-51c4-9717-b65932b692b8,2024-07-01,92304.02,-18768.39,-18768.39,-18317.503333333334,-19268.04051317214,-19266.317358167114,-18752.02761138916
b26daa40-93ee-51c4-9717-b65932b692b8,2024-08-01,52683.64,92304.02,92304.02,18243.98,92291.69865007907,92185.40761821537,98649.61912109375
b26daa40-93ee-51c4-9717-b65932b692b8,2024-09-01,66623.85,52683.64,52683.64,42073.090000000004,53322.62829084349,53150.312034677125,58750.431015625
b26daa40-93ee-51c4-9717-b65932b692b8,2024-10-01,160376.52,66623.85,66623.85,70537.17,64846.149098694426,64972.496843985544,73498.824609375
b26daa40-93ee-51c4-9717-b65932b692b8,2024-11-01,520101.81,160376.52,160376.52,93228.00333333334,156951.8792090556,157242.24305778192,162846.69626953124
b2843547-9b8c-51a0-8e65-429aef61c3ea,2022-01-01,-2236.46,,-13252.345000000001,-13252.345000000001,-599.9161128181978,-584.6049202465573,-976.0215454101562
b2843547-9b8c-51a0-8e65-429aef61c3ea,2022-02-01,-23367.07,-2236.46,-2236.46,-2236.46,-2741.623053836122,-2740.143386988385,-5762.39994140625
b2843547-9b8c-51a0-8e65-429aef61c3ea,2022-03-01,-26452.76,-23367.07,-23367.07,-12801.765,-23989.190780738125,-23955.86481753212,-25412.462578125
b2843547-9b8c-51a0-8e65-429aef61c3ea,2022-04-01,-30566.14,-26452.76,-26452.76,-17352.096666666668,-26823.92412680804,-26836.334418874954,-30878.70091796875
b2843547-9b8c-51a0-8e65-429aef61c3ea,2022-05-01,-35012.39,-30566.14,-30566.14,-26795.323333333334,-30794.410898042468,-30819.904659693813,-34645.024765625
b2843547-9b8c-51a0-8e65-429aef61c3ea,2022-06-01,-36392.1,-35012.39,-35012.39,-30677.096666666665,-35238.72617486997,-35269.320438394156,-35485.12504638672
b2843547-9b8c-51a0-8e65-429aef61c3ea,2022-07-01,-39066.34,-36392.1,-36392.1,-33990.21,-36398.22874153611,-36450.83416611953,-37938.93850097656
b2843547-9b8c-51a0-8e65-429aef61c3ea,2022-08-01,-40069.24,-39066.34,-39066.34,-36823.61,-39140.65990758168,-39185.93488309839,-40774.07937988281
b2843547-9b8c-51a0-8e65-429aef61c3ea,2022-09-01,-46031.43,-40069.24,-40069.24,-38509.22666666666,-40263.436495426395,-40292.63439440664,-42281.7790625
b2843547-9b8c-51a0-8e65-429aef61c3ea,2022-10-01,-45232.17,-46031.43,-46031.43,-41722.33666666666,-46081.780942195815,-46127.48408991633,-45328.68769042969
b2843547-9b8c-51a0-8e65-429aef61c3ea,2022-11-01,-49121.0,-45232.17,-45232.17,-43777.613333333335,-45468.74748406287,-45490.68295919039,-46329.40876953125
b2843547-9b8c-51a0-8e65-429aef61c3ea,2022-12-01,-55260.68,-49121.0,-49121.0,-46794.86666666667,-49192.93318554014,-49235.611018739466,-51551.068115234375
b2843547-9b8c-51a0-8e65-429aef61c3ea,2023-01-01,-55339.01,-55260.68,-55260.68,-49871.283333333326,-55176.23279277262,-55238.413486059915,-57582.77619140625
b2843547-9b8c-51a0-8e65-429aef61c3ea,2023-02-01,-61574.9,-55339.01,-55339.01,-53240.23,-55333.585627790104,-55384.069128379,-57509.80956054688
b2843547-9b8c-51a0-8e65-429aef61c3ea,2023-03-01,-63486.26,-61574.9,-61574.9,-57391.53,-61396.01026023068,-61467.94148023497,-61062.01627197266
b2843547-9b8c-51a0-8e65-429aef61c3ea,2023-04-01,-66302.93,-63486.26,-63486.26,-60133.39000000001,-63406.6189297155,-63464.738577048185,-66114.94188476563
b2843547-9b8c-51a0-8e65-429aef61c3ea,2023-05-01,-67197.67,-66302.93,-66302.93,-63788.03,-66161.20620711145,-66225.16545407716,-67909.63471191406
b2843547-9b8c-51a0-8e65-429aef61c3ea,2023-06-01,-70132.53,-67197.67,-67197.67,-65662.28666666667,-67103.28389052175,-67161.78037843591,-68578.38984863281
b2843547-9b8c-51a0-8e65-429aef61c3ea,2023-07-01,-72031.64,-70132.53,-70132.53,-67877.71,-69957.84200560367,-70026.81616258436,-72427.49728515625
b2843547-9b8c-51a0-8e65-429aef61c3ea,2023-08-01,-75615.94,-72031.64,-72031.64,-69787.27999999998,-71848.43108030982,-71917.5081246136,-74056.81199707031
b2843547-9b8c-51a0-8e65-429aef61c3ea,2023-09-01,-80779.67,-75615.94,-75615.94,-72593.37000000001,-75403.30698132148,-75475.10352650814,-77598.35735839844
b2843547-9b8c-51a0-8e65-429aef61c3ea,2023-10-01,-77136.75,-80779.67,-80779.67,-76142.41666666667,-80441.58347760286,-80528.83408841646,-79517.98652832031
b2843547-9b8c-51a0-8e65-429aef61c3ea,2023-11-01,-75315.25,-77136.75,-77136.75,-77844.12,-77026.36149922514,-77085.84721609787,-76678.15686035156
b2843547-9b8c-51a0-8e65-429aef61c3ea,2023-12-01,-76683.45,-75315.25,-75315.25,-77743.89,-75260.30613357035,-75313.94260254847,-74834.98165893555
b2843547-9b8c-51a0-8e65-429aef61c3ea,2024-01-01,-74825.31,-76683.45,-76683.45,-76378.48333333334,-76561.60259101265,-76624.20190824139,-77276.26243896484
b2843547-9b8c-51a0-8e65-429aef61c3ea,2024-02-01,-80084.95,-74825.31,-74825.31,-75608.00333333334,-74806.75642396361,-74858.18005489543,-75733.73541503906
b2843547-9b8c-51a0-8e65-429aef61c3ea,2024-03-01,-77389.38,-80084.95,-80084.95,-77197.90333333334,-79799.37142229697,-79883.23349162545,-78285.34489746093
b2843547-9b8c-51a0-8e65-429aef61c3ea,2024-04-01,-76608.1,-77389.38,-77389.38,-77433.21333333333,-77376.25294728728,-77426.90662017388,-76974.85619628907
b2843547-9b8c-51a0-8e65-429aef61c3ea,2024-05-01,-77016.24,-76608.1,-76608.1,-78027.47666666667,-76436.43539599121,-76506.96111286303,-76848.31343994141
b2843547-9b8c-51a0-8e65-429aef61c3ea,2024-06-01,-76701.25,-77016.24,-77016.24,-77004.57333333335,-76726.82866409735,-76813.21509953703,-77379.0373022461
b2843547-9b8c-51a0-8e65-429aef61c3ea,2024-07-01,-85786.51,-76701.25,-76701.25,-76775.19666666667,-76487.31963740692,-76563.13797846677,-77899.85461425781
b2843547-9b8c-51a0-8e65-429aef61c3ea,2024-08-01,-90083.84,-85786.51,-85786.51,-79834.66666666667,-85230.79973654324,-85347.61727323756,-87994.1652734375
b2843547-9b8c-51a0-8e65-429aef61c3ea,2024-09-01,-102828.88,-90083.84,-90083.84,-84190.53333333333,-89600.60394753938,-89705.7837451979,-93386.16250976562
b2843547-9b8c-51a0-8e65-429aef61c3ea,2024-10-01,-89806.46,-102828.88,-102828.88,-92899.74333333333,-102104.1626648459,-102233.39461682591,-105221.72692382813
b2843547-9b8c-51a0-8e65-429aef61c3ea,2024-11-01,-96191.22,-89806.46,-89806.46,-94239.72666666668,-89457.92993419922,-89546.70149255067,-91119.2948388672
b2edcce5-2f16-5fef-8dd5-14a8d195a6e8,2022-01-01,-819.04,,-13252.345000000001,-13252.345000000001,-599.9161128181978,-584.6049202465573,-976.0215454101562
b2edcce5-2f16-5fef-8dd5-14a8d195a6e8,2022-02-01,-5993.24,-819.04,-819.04,-819.04,-1448.202624822466,-1430.8687559982977,-2689.0215673828125
b2edcce5-2f16-5fef-8dd5-14a8d195a6e8,2022-03-01,-16487.2,-5993.24,-5993.24,-3406.14,-6442.187709004216,-6447.742076300937,-9973.124765625
b2edcce5-2f16-5fef-8dd5-14a8d195a6e8,2022-04-01,-17943.27,-16487.2,-16487.2,-7766.493333333335,-16912.514346617376,-16916.580442013794,-21810.1853515625
b2edcce5-2f16-5fef-8dd5-14a8d195a6e8,2022-05-01,-23497.35,-17943.27,-17943.27,-13474.57,-18388.49598969424,-18391.81849803927,-20546.45359375
b2edcce5-2f16-5fef-8dd5-14a8d195a6e8,2022-06-01,-29591.88,-23497.35,-23497.35,-19309.27333333333,-23816.436267794877,-23835.044337314026,-27265.002099609374
b2edcce5-2f16-5fef-8dd5-14a8d195a6e8,2022-07-01,-32620.86,-29591.88,-29591.88,-23677.5,-29645.927987934112,-29692.842319751846,-30688.447016601564
b2edcce5-2f16-5fef-8dd5-14a8d195a6e8,2022-08-01,-31903.7,-32620.86,-32620.86,-28570.03,-32632.996657776494,-32683.90280065209,-33507.98799072266
b2edcce5-2f16-5fef-8dd5-14a8d195a6e8,2022-09-01,-28431.02,-31903.7,-31903.7,-31372.146666666667,-32018.459357573593,-32059.671635699637,-31965.127474975587
b2edcce5-2f16-5fef-8dd5-14a8d195a6e8,2022-10-01,-28205.86,-28431.02,-28431.02,-30985.193333333333,-28807.141729645202,-28817.937508025363,-28088.724376220704
b2edcce5-2f16-5fef-8dd5-14a8d195a6e8,2022-11-01,-28945.26,-28205.86,-28205.86,-29513.52666666667,-28616.54305056466,-28623.506696484925,-29147.68568359375
b2edcce5-2f16-5fef-8dd5-14a8d195a6e8,2022-12-01,-25028.89,-28945.26,-28945.26,-28527.38,-29364.231057355777,-29369.912379775324,-29313.125753173827
b2edcce5-2f16-5fef-8dd5-14a8d195a6e8,2023-01-01,-22595.25,-25028.89,-25028.89,-27393.336666666666,-25558.695366543732,-25552.115785976017,-26014.11314453125
b2edcce5-2f16-5fef-8dd5-14a8d195a6e8,2023-02-01,-24102.86,-22595.25,-22595.25,-25523.13333333333,-23229.660966254887,-23211.572979095192,-24169.305786132812
b2edcce5-2f16-5fef-8dd5-14a8d195a6e8,2023-03-01,-24731.49,-24102.86,-24102.86,-23909.0,-24634.584578650196,-24630.03347152644,-25254.750014648438
b2edcce5-2f16-5fef-8dd5-14a8d195a6e8,2023-04-01,-26766.14,-24731.49,-24731.49,-23809.86666666667,-25258.508469282526,-25251.073968055025,-26120.13440917969
b2edcce5-2f16-5fef-8dd5-14a8d195a6e8,2023-05-01,-26270.75,-26766.14,-26766.14,-25200.163333333334,-27152.11339339828,-27161.87999745008,-27680.27018798828
b2edcce5-2f16-5fef-8dd5-14a8d195a6e8,2023-06-01,-30382.19,-26270.75,-26270.75,-25922.793333333335,-26749.932286161726,-26747.549727131976,-27241.41619873047
b2edcce5-2f16-5fef-8dd5-14a8d195a6e8,2023-07-01,-28541.73,-30382.19,-30382.19,-27806.36,-30653.773086389967,-30676.334189009143,-29325.0112890625
b2edcce5-2f16-5fef-8dd5-14a8d195a6e8,2023-08-01,-28036.0,-28541.73,-28541.73,-28398.22333333333,-28979.777957480408,-28981.315969360563,-28522.36502883911
b2edcce5-2f16-5fef-8dd5-14a8d195a6e8,2023-09-01,-27655.15,-28036.0,-28036.0,-28986.64,-28388.255057084545,-28402.728778254324,-28218.341598510742
b2edcce5-2f16-5fef-8dd5-14a8d195a6e8,2023-10-01,-27680.46,-27655.15,-27655.15,-28077.626666666667,-28006.743353368507,-28022.119624649247,-28068.49475708008
b2edcce5-2f16-5fef-8dd5-14a8d195a6e8,2023-11-01,-28364.39,-27680.46,-27680.46,-27790.536666666667,-27923.41076537878,-27953.57535906506,-28186.23001953125
b2edcce5-2f16-5fef-8dd5-14a8d195a6e8,2023-12-01,-22125.91,-28364.39,-28364.39,-27900.0,-28812.395137259588,-28813.658169004895,-28755.19795288086
b2edcce5-2f16-5fef-8dd5-14a8d195a6e8,2024-01-01,-21971.88,-22125.91,-22125.91,-26056.920000000002,-22697.219165056762,-22687.070543124268,-22886.09780517578
b2edcce5-2f16-5fef-8dd5-14a8d195a6e8,2024-02-01,-22338.76,-21971.88,-21971.88,-24154.059999999998,-22662.255507464775,-22639.261651928042,-22845.98095214844
b2edcce5-2f16-5fef-8dd5-14a8d195a6e8,2024-03-01,-25679.08,-22338.76,-22338.76,-22145.516666666666,-23017.235159360196,-22994.67696076897,-23934.686635742186
b2edcce5-2f16-5fef-8dd5-14a8d195a6e8,2024-04-01,-29957.04,-25679.08,-25679.08,-23329.906666666666,-26199.992686047914,-26195.03866787313,-26386.757551269533
b2edcce5-2f16-5fef-8dd5-14a8d195a6e8,2024-05-01,-28736.4,-29957.04,-29957.04,-25991.626666666667,-30298.198384864663,-30309.746101034787,-30154.077551879884
b2edcce5-2f16-5fef-8dd5-14a8d195a6e8,2024-06-01,-30753.87,-28736.4,-28736.4,-28124.173333333336,-29115.56415570971,-29125.883729713572,-29031.91599121094
b2edcce5-2f16-5fef-8dd5-14a8d195a6e8,2024-07-01,-23861.35,-30753.87,-30753.87,-29815.77,-31079.843511460433,-31095.405314305517,-29594.782109375
b2edcce5-2f16-5fef-8dd5-14a8d195a6e8,2024-08-01,-25884.85,-23861.35,-23861.35,-27783.873333333333,-24183.87475409709,-24199.927529329998,-25750.25087890625
b2edcce5-2f16-5fef-8dd5-14a8d195a6e8,2024-09-01,-27932.4,-25884.85,-25884.85,-26833.356666666663,-26216.204090314757,-26230.32916192954,-27344.45021972656
b2edcce5-2f16-5fef-8dd5-14a8d195a6e8,2024-10-01,-20712.76,-27932.4,-27932.4,-25892.86666666667,-28231.91705009224,-28248.655847441318,-29134.714208984376
b2edcce5-2f16-5fef-8dd5-14a8d195a6e8,2024-11-01,-19819.12,-20712.76,-20712.76,-24843.33666666667,-21159.496370856785,-21164.44918853834,-22145.758901367186
b3152fe4-0504-54cd-a481-c09a93ae5508,2022-01-01,98.14,,-13252.345000000001,-13252.345000000001,-599.9161128181978,-584.6049202465573,-976.0215454101562
b3152fe4-0504-54cd-a481-c09a93ae5508,2022-02-01,1131.5,98.14,98.14,98.14,-514.9541382087822,-499.9116683498306,-1015.3232568359375
b3152fe4-0504-54cd-a481-c09a93ae5508,2022-03-01,-1477.38,1131.5,1131.5,614.82,465.4638392231866,485.92312517170706,228.6226806640625
b3152fe4-0504-54cd-a481-c09a93ae5508,2022-04-01,-3433.53,-1477.38,-1477.38,-82.58000000000004,-2117.4835160759185,-2100.5412580433817,-2923.1225537109376
b3152fe4-0504-54cd-a481-c09a93ae5508,2022-05-01,-3935.23,-3433.53,-3433.53,-1259.8033333333333,-4051.734307570313,-4037.4890002085103,-4537.680756835938
b3152fe4-0504-54cd-a481-c09a93ae5508,2022-06-01,-6235.49,-3935.23,-3935.23,-2948.713333333333,-4556.44492714093,-4541.005457432744,-5314.511005859375
b3152fe4-0504-54cd-a481-c09a93ae5508,2022-07-01,-10760.03,-6235.49,-6235.49,-4534.75,-6641.309219053346,-6654.2478153487,-7207.05982421875
b3152fe4-0504-54cd-a481-c09a93ae5508,2022-08-01,-11777.78,-10760.03,-10760.03,-6976.916666666667,-11011.98990910634,-11044.480470987448,-11995.483857421876
b3152fe4-0504-54cd-a481-c09a93ae5508,2022-09-01,-13464.08,-11777.78,-11777.78,-9591.1,-12125.092254271125,-12141.804198034524,-13263.069916992188
b3152fe4-0504-54cd-a481-c09a93ae5508,2022-10-01,-14842.59,-13464.08,-13464.08,-12000.63,-13766.864244374721,-13788.935767479406,-14728.299848632812
b3152fe4-0504-54cd-a481-c09a93ae5508,2022-11-01,-14210.0,-14842.59,-14842.59,-13361.483333333332,-15145.842959121037,-15167.211400631844,-16023.5597265625
b3152fe4-0504-54cd-a481-c09a93ae5508,2022-12-01,-15922.59,-14210.0,-14210.0,-14172.223333333333,-14659.977172240442,-14663.622050149392,-14589.352813720703
b3152fe4-0504-54cd-a481-c09a93ae5508,2023-01-01,-14687.31,-15922.59,-15922.59,-14991.726666666667,-16358.944419482534,-16363.587308183602,-16421.602420654297
b3152fe4-0504-54cd-a481-c09a93ae5508,2023-02-01,-14298.29,-14687.31,-14687.31,-14939.966666666667,-15256.680044710793,-15245.837094676714,-14680.5790410614
b3152fe4-0504-54cd-a481-c09a93ae5508,2023-03-01,-16391.53,-14298.29,-14298.29,-14969.396666666667,-14870.975388828316,-14859.957611473714,-14770.096701660157
b3152fe4-0504-54cd-a481-c09a93ae5508,2023-04-01,-16930.99,-16391.53,-16391.53,-15125.71,-16911.15885010958,-16906.92132300033,-16937.64047363281
b3152fe4-0504-54cd-a481-c09a93ae5508,2023-05-01,-16379.48,-16930.99,-16930.99,-15873.603333333334,-17393.557697176122,-17394.10349364152,-17511.49750732422
b3152fe4-0504-54cd-a481-c09a93ae5508,2023-06-01,-18563.43,-16379.48,-16379.48,-16567.333333333332,-16882.99735581247,-16878.783214261908,-16977.220234375
b3152fe4-0504-54cd-a481-c09a93ae5508,2023-07-01,-20183.52,-18563.43,-18563.43,-17291.300000000003,-18974.881323950143,-18980.977618677447,-19548.993842773438
b3152fe4-0504-54cd-a481-c09a93ae5508,2023-08-01,-20875.35,-20183.52,-20183.52,-18375.476666666666,-20575.019993561385,-20584.28157311006,-21376.2651171875
b3152fe4-0504-54cd-a481-c09a93ae5508,2023-09-01,-19640.08,-20875.35,-20875.35,-19874.1,-21211.873617115933,-21227.810658450286,-22071.01516113281
b3152fe4-0504-54cd-a481-c09a93ae5508,2023-10-01,-23953.84,-19640.08,-19640.08,-20232.983333333334,-20083.829828233615,-20087.073340456885,-19734.154119567873
b3152fe4-0504-54cd-a481-c09a93ae5508,2023-11-01,-24560.26,-23953.84,-23953.84,-21489.756666666664,-24209.931381594393,-24237.716274359365,-23719.103748168945
b3152fe4-0504-54cd-a481-c09a93ae5508,2023-12-01,-25588.6,-24560.26,-24560.26,-22718.059999999998,-24912.46172992823,-24926.25375316233,-25363.68724609375
b3152fe4-0504-54cd-a481-c09a93ae5508,2024-01-01,-25373.78,-25588.6,-25588.6,-24700.899999999998,-25901.06900921873,-25919.57148657361,-26349.762353515624
b3152fe4-0504-54cd-a481-c09a93ae5508,2024-02-01,-25065.82,-25373.78,-25373.78,-25174.213333333333,-25736.565515443806,-25749.084679519092,-25976.39779785156
b3152fe4-0504-54cd-a481-c09a93ae5508,2024-03-01,-26617.47,-25065.82,-25065.82,-25342.733333333334,-25455.7404141917,-25465.193598817965,-25548.519798583984
b3152fe4-0504-54cd-a481-c09a93ae5508,2024-04-01,-26276.16,-26617.47,-26617.47,-25685.690000000002,-26986.3114594686,-26997.672869449638,-26815.818266601564
b3152fe4-0504-54cd-a481-c09a93ae5508,2024-05-01,-26338.69,-26276.16,-26276.16,-25986.483333333337,-26715.460064646595,-26718.49503515947,-26543.024166259765
b3152fe4-0504-54cd-a481-c09a93ae5508,2024-06-01,-26129.48,-26338.69,-26338.69,-26410.773333333334,-26777.11538013396,-26779.31071055019,-26713.46746582031
b3152fe4-0504-54cd-a481-c09a93ae5508,2024-07-01,-32458.95,-26129.48,-26129.48,-26248.11,-26457.018030180883,-26474.441204113016,-26372.65562866211
b3152fe4-0504-54cd-a481-c09a93ae5508,2024-08-01,-25766.85,-32458.95,-32458.95,-28309.039999999997,-32726.044909220294,-32750.85140944337,-32616.78088684082
b3152fe4-0504-54cd-a481-c09a93ae5508,2024-09-01,-33126.92,-25766.85,-25766.85,-28118.426666666666,-26228.73598549459,-26232.83746367255,-27266.10158691406
b3152fe4-0504-54cd-a481-c09a93ae5508,2024-10-01,-37054.67,-33126.92,-33126.92,-30450.906666666666,-33226.98183936995,-33273.49501058115,-34356.611772460936
b3152fe4-0504-54cd-a481-c09a93ae5508,2024-11-01,-46199.82,-37054.67,-37054.67,-31982.813333333335,-37249.7704754595,-37280.99396864232,-37625.92860595703
bc4d5fc1-04db-52a7-a8c3-8ba10af00869,2022-01-01,-3295.0,,-13252.345000000001,-13252.345000000001,-599.9161128181978,-584.6049202465573,-976.0215454101562
bc4d5fc1-04db-52a7-a8c3-8ba10af00869,2022-02-01,-3868.05,-3295.0,-3295.0,-3295.0,-3975.1403417046668,-3950.113259673055,-4110.03857421875
bc4d5fc1-04db-52a7-a8c3-8ba10af00869,2022-03-01,-5468.87,-3868.05,-3868.05,-3581.525,-4581.644022389367,-4553.262143216367,-4454.699169921875
bc4d5fc1-04db-52a7-a8c3-8ba10af00869,2022-04-01,-5119.9,-5468.87,-5468.87,-4210.64,-6204.525071217621,-6173.723749232484,-5744.135380859375
bc4d5fc1-04db-52a7-a8c3-8ba10af00869,2022-05-01,-5119.64,-5119.9,-5119.9,-4818.94,-5885.147872512756,-5850.753551489041,-5266.443746948242
bc4d5fc1-04db-52a7-a8c3-8ba10af00869,2022-06-01,-4546.81,-5119.64,-5119.64,-5236.136666666666,-5890.773614843458,-5855.560724185434,-5112.218988552094
bc4d5fc1-04db-52a7-a8c3-8ba10af00869,2022-07-01,-3728.04,-4546.81,-4546.81,-4928.783333333334,-5021.77743544498,-5021.523524173231,-4740.102144775391
bc4d5fc1-04db-52a7-a8c3-8ba10af00869,2022-08-01,-3728.04,-3728.04,-3728.04,-4464.830000000001,-4237.793291406936,-4234.459006516918,-3848.9571829223632
bc4d5fc1-04db-52a7-a8c3-8ba10af00869,2022-09-01,-3727.65,-3728.04,-3728.04,-4000.963333333333,-4257.3552424922755,-4253.364909371472,-3863.7906713867187
bc4d5fc1-04db-52a7-a8c3-8ba10af00869,2022-10-01,-5461.48,-3727.65,-3727.65,-3727.91,-4240.760270991415,-4241.443701868323,-3824.680830383301
bc4d5fc1-04db-52a7-a8c3-8ba10af00869,2022-11-01,-5461.3,-5461.48,-5461.48,-4305.723333333332,-5904.692150535537,-5912.930862626393,-5345.999813537597
bc4d5fc1-04db-52a7-a8c3-8ba10af00869,2022-12-01,-5461.23,-5461.3,-5461.3,-4883.4766666666665,-5915.01674514999,-5921.612278107531,-5379.319546508789
bc4d5fc1-04db-52a7-a8c3-8ba10af00869,2023-01-01,-5507.94,-5461.23,-5461.23,-5461.336666666666,-5871.149628992111,-5887.082367667657,-5384.934383850097
bc4d5fc1-04db-52a7-a8c3-8ba10af00869,2023-02-01,-5488.36,-5507.94,-5507.94,-5476.823333333333,-5908.601655832322,-5925.776184404378,-5519.2527136230465
bc4d5fc1-04db-52a7-a8c3-8ba10af00869,2023-03-01,-5506.59,-5488.36,-5488.36,-5485.843333333333,-5903.408452624736,-5918.49793692806,-5544.575297698974
bc4d5fc1-04db-52a7-a8c3-8ba10af00869,2023-04-01,-5494.74,-5506.59,-5506.59,-5500.963333333333,-5952.846974621766,-5963.910112209785,-5555.073646392822
bc4d5fc1-04db-52a7-a8c3-8ba10af00869,2023-05-01,-5495.18,-5494.74,-5494.74,-5496.563333333333,-6279.695253110442,-6243.082114129296,-5533.041162719726
bc4d5fc1-04db-52a7-a8c3-8ba10af00869,2023-06-01,-5498.62,-5495.18,-5495.18,-5498.836666666667,-6280.4283451580695,-6243.752225904359,-5533.481162719727
bc4d5fc1-04db-52a7-a8c3-8ba10af00869,2023-07-01,-5516.32,-5498.62,-5498.62,-5496.18,-6281.384460758427,-6245.025518958878,-5536.921162719726
bc4d5fc1-04db-52a7-a8c3-8ba10af00869,2023-08-01,-5513.93,-5516.32,-5516.32,-5503.373333333333,-6295.980371348922,-6260.010966922332,-5544.250097579956
bc4d5fc1-04db-52a7-a8c3-8ba10af00869,2023-09-01,-5511.74,-5513.93,-5513.93,-5509.623333333333,-6290.838620102724,-6255.21902778323,-5506.610547714234
bc4d5fc1-04db-52a7-a8c3-8ba10af00869,2023-10-01,-5511.74,-5511.74,-5511.74,-5513.996666666666,-6285.765281347225,-6250.510875882676,-5491.33783744812
bc4d5fc1-04db-52a7-a8c3-8ba10af00869,2023-11-01,-5511.74,-5511.74,-5511.74,-5512.47,-6286.255171705286,-6250.90817473368,-5476.710027923584
bc4d5fc1-04db-52a7-a8c3-8ba10af00869,2023-12-01,-5506.28,-5511.74,-5511.74,-5511.740000000001,-6283.47274050528,-6248.479643900858,-5462.583589782715
bc4d5fc1-04db-52a7-a8c3-8ba10af00869,2024-01-01,-5504.69,-5506.28,-5506.28,-5509.920000000001,-6272.183473594122,-6237.9647137479715,-5457.123589782715
bc4d5fc1-04db-52a7-a8c3-8ba10af00869,2024-02-01,-5503.21,-5504.69,-5504.69,-5507.57,-6267.751609807185,-6233.89475692813,-5484.898919525146
bc4d5fc1-04db-52a7-a8c3-8ba10af00869,2024-03-01,-5501.92,-5503.21,-5503.21,-5504.7266666666665,-6263.449786465717,-6229.952348057872,-5483.4189195251465
bc4d5fc1-04db-52a7-a8c3-8ba10af00869,2024-04-01,-5500.62,-5501.92,-5501.92,-5503.2733333333335,-6259.311798786265,-6226.176691858347,-5480.242322845459
bc4d5fc1-04db-52a7-a8c3-8ba10af00869,2024-05-01,-5499.45,-5500.62,-5500.62,-5501.916666666667,-6255.165618415885,-6222.39260517285,-5478.942322845459
bc4d5fc1-04db-52a7-a8c3-8ba10af00869,2024-06-01,-5498.31,-5499.45,-5499.45,-5500.663333333333,-6251.140156287942,-6218.730034149223,-5477.772322845459
bc4d5fc1-04db-52a7-a8c3-8ba10af00869,2024-07-01,-2726.94,-5498.31,-5498.31,-5499.46,-6247.15332193347,-6215.1053778668265,-5439.812624511719
bc4d5fc1-04db-52a7-a8c3-8ba10af00869,2024-08-01,-3456.15,-2726.94,-2726.94,-4574.900000000001,-3498.944186769849,-3464.9635677564593,-3199.7018103027344
bc4d5fc1-04db-52a7-a8c3-8ba10af00869,2024-09-01,-3341.14,-3456.15,-3456.15,-3893.8000000000006,-3840.775112230889,-3860.3191003188786,-3872.1269287109376
bc4d5fc1-04db-52a7-a8c3-8ba10af00869,2024-10-01,-3418.01,-3341.14,-3341.14,-3174.7433333333333,-3748.8652410196732,-3765.4275426919357,-3770.4694982910155
bc4d5fc1-04db-52a7-a8c3-8ba10af00869,2024-11-01,-4022.98,-3418.01,-3418.01,-3405.1,-3815.2770838694105,-3832.254051558785,-3700.4585168457033
be300810-0efd-515f-92a5-ebb103b89431,2022-01-01,-4117.27,,-13252.345000000001,-13252.345000000001,-599.9161128181978,-584.6049202465573,-976.0215454101562
be300810-0efd-515f-92a5-ebb103b89431,2022-02-01,-8896.18,-4117.27,-4117.27,-4117.27,-4616.655221899338,-4615.705837436787,-8274.06931640625
be300810-0efd-515f-92a5-ebb103b89431,2022-03-01,-13138.44,-8896.18,-8896.18,-6506.725,-9416.638374534576,-9413.123238371832,-13240.93732421875
be300810-0efd-515f-92a5-ebb103b89431,2022-04-01,-25916.4,-13138.44,-13138.44,-8717.296666666667,-13599.756204997324,-13604.560030882334,-18761.023984375002
be300810-0efd-515f-92a5-ebb103b89431,2022-05-01,-35764.61,-25916.4,-25916.4,-15983.673333333334,-26134.126998848915,-26165.36723397268,-31720.093359375
be300810-0efd-515f-92a5-ebb103b89431,2022-06-01,-45253.1,-35764.61,-35764.61,-24939.816666666666,-36127.586870550345,-36131.40135596176,-41215.92005859375
be300810-0efd-515f-92a5-ebb103b89431,2022-07-01,-54139.44,-45253.1,-45253.1,-35644.70333333333,-44890.73821999281,-44987.42209558287,-50430.01455078125
be300810-0efd-515f-92a5-ebb103b89431,2022-08-01,-63052.87,-54139.44,-54139.44,-45052.38333333334,-53826.71874039925,-53912.879658170525,-59069.05669921875
be300810-0efd-515f-92a5-ebb103b89431,2022-09-01,-62141.33,-63052.87,-63052.87,-54148.47,-62607.82303990936,-62710.14487679738,-66917.77551757812
be300810-0efd-515f-92a5-ebb103b89431,2022-10-01,-60706.56,-62141.33,-62141.33,-59777.880000000005,-61940.680360252394,-62013.63555825596,-62856.52323730469
be300810-0efd-515f-92a5-ebb103b89431,2022-11-01,-61652.02,-60706.56,-60706.56,-61966.920000000006,-60673.29640575694,-60725.95044498999,-61630.33996826172
be300810-0efd-515f-92a5-ebb103b89431,2022-12-01,-53056.6,-61652.02,-61652.02,-61499.969999999994,-61609.00901822402,-61663.91866907649,-61549.89677001953
be300810-0efd-515f-92a5-ebb103b89431,2023-01-01,-54739.1,-53056.6,-53056.6,-58471.72666666666,-53315.53699982114,-53337.41396328389,-54303.425561523436
be300810-0efd-515f-92a5-ebb103b89431,2023-02-01,-54708.23,-54739.1,-54739.1,-56482.573333333334,-54972.741627660995,-54997.872711602,-55919.03579101562
be300810-0efd-515f-92a5-ebb103b89431,2023-03-01,-55948.84,-54708.23,-54708.23,-54167.97666666666,-55042.7178355675,-55056.53949172306,-56665.80104492188
be300810-0efd-515f-92a5-ebb103b89431,2023-04-01,-56605.2,-55948.84,-55948.84,-55132.05666666667,-56190.76696008995,-56213.25024454812,-57138.85147460937
be300810-0efd-515f-92a5-ebb103b89431,2023-05-01,-58010.08,-56605.2,-56605.2,-55754.09,-56761.56572051456,-56795.74641877518,-57777.94267578125
be300810-0efd-515f-92a5-ebb103b89431,2023-06-01,-57744.75,-58010.08,-58010.08,-56854.706666666665,-58090.6380168722,-58133.00637934257,-58602.33024414063
be300810-0efd-515f-92a5-ebb103b89431,2023-07-01,-59015.24,-57744.75,-57744.75,-57453.34333333333,-57890.44053628823,-57923.36667168461,-58432.42980957031
be300810-0efd-515f-92a5-ebb103b89431,2023-08-01,-58690.21,-59015.24,-59015.24,-58256.69,-59043.51522309111,-59091.16997501449,-59632.16742919922
be300810-0efd-515f-92a5-ebb103b89431,2023-09-01,-60804.22,-58690.21,-58690.21,-58483.4,-58826.188752367234,-58860.76669246887,-58845.7863092041
be300810-0efd-515f-92a5-ebb103b89431,2023-10-01,-61247.24,-60804.22,-60804.22,-59503.22333333333,-60844.12153427102,-60887.75417247354,-62087.53042480469
be300810-0efd-515f-92a5-ebb103b89431,2023-11-01,-62140.92,-61247.24,-61247.24,-60247.22333333333,-61310.90639062459,-61353.23685694152,-61834.20997070312
be300810-0efd-515f-92a5-ebb103b89431,2023-12-01,-53745.06,-62140.92,-62140.92,-61397.46,-62129.82456070711,-62181.08284953956,-62802.407854003905
be300810-0efd-515f-92a5-ebb103b89431,2024-01-01,-54987.05,-53745.06,-53745.06,-59044.40666666667,-53911.045112900894,-53947.713910033555,-54455.5570703125
be300810-0efd-515f-92a5-ebb103b89431,2024-02-01,-54908.4,-54987.05,-54987.05,-56957.676666666666,-55140.90535887856,-55177.8268572301,-56242.19013671875
be300810-0efd-515f-92a5-ebb103b89431,2024-03-01,-57732.03,-54908.4,-54908.4,-54546.83666666667,-55140.72589368903,-55166.68539981294,-56608.660864257814
be300810-0efd-515f-92a5-ebb103b89431,2024-04-01,-58258.1,-57732.03,-57732.03,-55875.82666666666,-57850.536404487946,-57888.07841794036,-58456.006623535155
be300810-0efd-515f-92a5-ebb103b89431,2024-05-01,-60020.08,-58258.1,-58258.1,-56966.176666666666,-58401.48266397932,-58436.79661545809,-58711.98195800781
be300810-0efd-515f-92a5-ebb103b89431,2024-06-01,-59290.63,-60020.08,-60020.08,-58670.07,-60024.898242356845,-60077.49802125135,-60166.206251220705
be300810-0efd-515f-92a5-ebb103b89431,2024-07-01,-52570.38,-59290.63,-59290.63,-59189.60333333333,-59384.34239980591,-59423.17430866137,-60182.66662109375
be300810-0efd-515f-92a5-ebb103b89431,2024-08-01,-55311.85,-52570.38,-52570.38,-57293.69666666666,-52746.86592965614,-52780.389972852216,-54707.82482421875
be300810-0efd-515f-92a5-ebb103b89431,2024-09-01,-61226.42,-55311.85,-55311.85,-55724.28666666666,-55427.049208543445,-55467.74475787453,-57475.61025390625
be300810-0efd-515f-92a5-ebb103b89431,2024-10-01,-67576.18,-61226.42,-61226.42,-56369.549999999996,-61129.98347630351,-61195.16731370675,-62918.1778125
be300810-0efd-515f-92a5-ebb103b89431,2024-11-01,-72141.02,-67576.18,-67576.18,-61371.48333333333,-67391.27879085256,-67464.07120994714,-69985.53180664062
be78858d-401b-50f2-9db8-6c3b91b199f7,2022-01-01,48862.94,,-13252.345000000001,-13252.345000000001,-599.9161128181978,-584.6049202465573,-976.0215454101562
be78858d-401b-50f2-9db8-6c3b91b199f7,2022-02-01,23170.64,48862.94,48862.94,48862.94,48061.32305872288,48086.28120570749,47955.52062744141
be78858d-401b-50f2-9db8-6c3b91b199f7,2022-03-01,25710.34,23170.64,23170.64,36016.79,22786.60790164119,22765.0939918404,22034.55015625
be78858d-401b-50f2-9db8-6c3b91b199f7,2022-04-01,171043.82,25710.34,25710.34,32581.306666666667,24789.05020779591,24813.30467606564,25735.463765945435
be78858d-401b-50f2-9db8-6c3b91b199f7,2022-05-01,183131.52,171043.82,171043.82,73308.26666666666,167967.24669293352,168218.2184970396,167829.22307617188
be78858d-401b-50f2-9db8-6c3b91b199f7,2022-06-01,149415.35,183131.52,183131.52,126628.56,180565.05078426164,180750.52055831515,178743.9028125
be78858d-401b-50f2-9db8-6c3b91b199f7,2022-07-01,143494.31,149415.35,149415.35,167863.56333333332,145732.62623887692,146040.9873797964,144687.00380859376
be78858d-401b-50f2-9db8-6c3b91b199f7,2022-08-01,114351.59,143494.31,143494.31,158680.39333333334,140702.72263933806,140916.48917588659,144540.13897949219
be78858d-401b-50f2-9db8-6c3b91b199f7,2022-09-01,65940.85,114351.59,114351.59,135753.75,112582.83766196136,112685.8796148497,116531.61075195312
be78858d-401b-50f2-9db8-6c3b91b199f7,2022-10-01,42325.07,65940.85,65940.85,107928.91666666667,65405.19720790942,65374.113261489714,68507.55629882813
be78858d-401b-50f2-9db8-6c3b91b199f7,2022-11-01,70333.3,42325.07,42325.07,74205.83666666667,41912.515166855745,41883.31871987951,47519.96501953125
be78858d-401b-50f2-9db8-6c3b91b199f7,2022-12-01,168802.69,70333.3,70333.3,59533.073333333334,69206.29693467589,69256.03322053302,77121.036328125
be78858d-401b-50f2-9db8-6c3b91b199f7,2023-01-01,75743.53,168802.69,168802.69,93820.35333333333,165839.97711261042,166063.21808310816,164468.660703125
be78858d-401b-50f2-9db8-6c3b91b199f7,2023-02-01,86578.94,75743.53,75743.53,104959.84000000001,74345.43335830257,74408.1943819392,76054.85192993164
be78858d-401b-50f2-9db8-6c3b91b199f7,2023-03-01,49842.35,86578.94,86578.94,110375.05333333334,84395.62498367162,84549.10190072664,87418.39129394531
be78858d-401b-50f2-9db8-6c3b91b199f7,2023-04-01,99300.86,49842.35,49842.35,70721.60666666667,49441.234813267074,49404.21296589555,57733.2005859375
be78858d-401b-50f2-9db8-6c3b91b199f7,2023-05-01,112410.22,99300.86,99300.86,78574.05,96891.67464787394,97074.12411390271,94949.32142578125
be78858d-401b-50f2-9db8-6c3b91b199f7,2023-06-01,109542.56,112410.22,112410.22,87184.47666666667,110334.57482719659,110477.48696174151,107661.74685546875
be78858d-401b-50f2-9db8-6c3b91b199f7,2023-07-01,127832.17,109542.56,109542.56,107084.54666666668,107272.67787346,107430.77222715571,109723.09210449219
be78858d-401b-50f2-9db8-6c3b91b199f7,2023-08-01,159266.19,127832.17,127832.17,116594.98333333332,125363.08573296595,125549.56754240439,122910.0830859375
be78858d-401b-50f2-9db8-6c3b91b199f7,2023-09-01,108660.85,159266.19,159266.19,132213.63999999998,156232.87143709452,156472.49690894788,153958.69341796875
be78858d-401b-50f2-9db8-6c3b91b199f7,2023-10-01,84125.72,108660.85,108660.85,131919.73666666666,106902.77764618311,107006.75274237836,108633.66467819214
be78858d-401b-50f2-9db8-6c3b91b199f7,2023-11-01,154697.23,84125.72,84125.72,117350.92,82815.70855778165,82875.71876878526,91110.9826953125
be78858d-401b-50f2-9db8-6c3b91b199f7,2023-12-01,127894.26,154697.23,154697.23,115827.93333333335,152314.91929755424,152489.25874330685,154888.41118286134
be78858d-401b-50f2-9db8-6c3b91b199f7,2024-01-01,52036.72,127894.26,127894.26,122239.06999999999,126313.15328004284,126388.65812498455,125145.82909179687
be78858d-401b-50f2-9db8-6c3b91b199f7,2024-02-01,34669.08,52036.72,52036.72,111542.73666666665,51214.555734781985,51219.067559263465,57940.9807421875
be78858d-401b-50f2-9db8-6c3b91b199f7,2024-03-01,79760.69,34669.08,34669.08,71533.35333333333,34297.80229530147,34259.31438026369,41712.9159375
be78858d-401b-50f2-9db8-6c3b91b199f7,2024-04-01,88486.91,79760.69,79760.69,55488.829999999994,78598.5493539043,78648.71248046661,87449.85064453125
be78858d-401b-50f2-9db8-6c3b91b199f7,2024-05-01,120981.18,88486.91,88486.91,67638.89333333333,87203.04497498253,87256.30576686029,86839.17049804688
be78858d-401b-50f2-9db8-6c3b91b199f7,2024-06-01,64051.76,120981.18,120981.18,96409.59333333334,118559.39743149083,118733.34339341242,120417.48291748046
be78858d-401b-50f2-9db8-6c3b91b199f7,2024-07-01,251081.41,64051.76,64051.76,91173.28333333333,62912.86298756915,62951.85096151496,69616.91966796876
be78858d-401b-50f2-9db8-6c3b91b199f7,2024-08-01,306929.0,251081.41,251081.41,145371.44999999998,245717.7952035291,246207.185987795,247452.63607421875
be78858d-401b-50f2-9db8-6c3b91b199f7,2024-09-01,320235.99,306929.0,306929.0,207354.05666666667,301533.64340229804,302010.46736633853,302241.56494140625
be78858d-401b-50f2-9db8-6c3b91b199f7,2024-10-01,351759.14,320235.99,320235.99,292748.8,313596.4734809744,314209.2588795339,315518.55494140624
be78858d-401b-50f2-9db8-6c3b91b199f7,2024-11-01,393219.24,351759.14,351759.14,326308.04333333333,345614.44176487107,346176.03623829124,347047.93345703126
c525bde1-999c-50c6-b248-639705498d4f,2022-01-01,100.83,,-13252.345000000001,-13252.345000000001,-599.9161128181978,-584.6049202465573,-976.0215454101562
c525bde1-999c-50c6-b248-639705498d4f,2022-02-01,201.88,100.83,100.83,100.83,-648.5398690328416,-614.8608184844687,-57.98797790527344
c525bde1-999c-50c6-b248-639705498d4f,2022-03-01,303.16,201.88,201.88,151.355,-570.3927118456369,-534.4363926104303,17.02193725585937
c525bde1-999c-50c6-b248-639705498d4f,2022-04-01,-2221.51,303.16,303.16,201.95666666666668,-527.4959657972727,-485.2581537403178,83.25045410156253
c525bde1-999c-50c6-b248-639705498d4f,2022-05-01,-16885.91,-2221.51,-2221.51,-572.1566666666668,-2967.47004104536,-2936.134263890128,-2235.395992050171
c525bde1-999c-50c6-b248-639705498d4f,2022-06-01,-16822.23,-16885.91,-16885.91,-6268.086666666666,-17719.025383854074,-17657.448748734638,-17107.79914489746
c525bde1-999c-50c6-b248-639705498d4f,2022-07-01,-16758.41,-16822.23,-16822.23,-11976.550000000001,-16981.681770210704,-17024.73071356618,-16928.738880615234
c525bde1-999c-50c6-b248-639705498d4f,2022-08-01,-16694.45,-16758.41,-16758.41,-16822.183333333334,-16905.864840839637,-16948.589951519854,-16832.255779418945
c525bde1-999c-50c6-b248-639705498d4f,2022-09-01,-16630.35,-16694.45,-16694.45,-16758.36333333333,-16938.723544840344,-16971.017181976098,-16611.59818572998
c525bde1-999c-50c6-b248-639705498d4f,2022-10-01,-16566.11,-16630.35,-16630.35,-16694.403333333335,-16897.16936331887,-16925.051757142995,-16546.17633972168
c525bde1-999c-50c6-b248-639705498d4f,2022-11-01,-16501.72,-16566.11,-16566.11,-16630.303333333333,-16972.538013593356,-16984.2969134165,-16414.574096069337
c525bde1-999c-50c6-b248-639705498d4f,2022-12-01,-21357.24,-16501.72,-16501.72,-16566.06,-17209.55917278716,-17179.408680411645,-16527.419323654176
c525bde1-999c-50c6-b248-639705498d4f,2023-01-01,-21303.39,-21357.24,-21357.24,-18141.690000000002,-21567.79222027572,-21604.878333107612,-21000.074289550783
c525bde1-999c-50c6-b248-639705498d4f,2023-02-01,-21249.43,-21303.39,-21303.39,-19720.783333333336,-21586.588931437436,-21613.89520061234,-21315.73007549286
c525bde1-999c-50c6-b248-639705498d4f,2023-03-01,-21195.35,-21249.43,-21249.43,-21303.353333333333,-21516.69727935028,-21545.40779982537,-21285.807906799317
c525bde1-999c-50c6-b248-639705498d4f,2023-04-01,-21141.15,-21195.35,-21195.35,-21249.39,-21489.800688257932,-21515.732939215366,-21195.314690562336
c525bde1-999c-50c6-b248-639705498d4f,2023-05-01,-26893.11,-21141.15,-21141.15,-21195.31,-21437.53001471633,-21463.3121121733,-21228.93015136719
c525bde1-999c-50c6-b248-639705498d4f,2023-06-01,-26851.44,-26893.11,-26893.11,-23076.536666666667,-27174.19055544228,-27187.4281301801,-26998.663520202637
c525bde1-999c-50c6-b248-639705498d4f,2023-07-01,-26809.68,-26851.44,-26851.44,-24961.900000000005,-27054.567736377656,-27090.737867203952,-26951.60851043701
c525bde1-999c-50c6-b248-639705498d4f,2023-08-01,-26767.83,-26809.68,-26809.68,-26851.41,-26994.710527126816,-27032.434095395332,-26952.854758911133
c525bde1-999c-50c6-b248-639705498d4f,2023-09-01,-26725.89,-26767.83,-26767.83,-26809.649999999998,-26985.531466489247,-27019.88994746678,-26868.41489227295
c525bde1-999c-50c6-b248-639705498d4f,2023-10-01,-26683.86,-26725.89,-26725.89,-26767.8,-26946.40151958552,-26980.507253895616,-26827.250984802246
c525bde1-999c-50c6-b248-639705498d4f,2023-11-01,-26641.73,-26683.86,-26683.86,-26725.86,-26925.528055024297,-26957.005632854012,-26741.590434417725
c525bde1-999c-50c6-b248-639705498d4f,2023-12-01,-26599.51,-26641.73,-26641.73,-26683.826666666664,-27213.925428861923,-27198.5117167162,-26706.035320739746
c525bde1-999c-50c6-b248-639705498d4f,2024-01-01,-26557.2,-26599.51,-26599.51,-26641.7,-27169.272498670613,-27154.178606275345,-26646.686719665526
c525bde1-999c-50c6-b248-639705498d4f,2024-02-01,-26514.79,-26557.2,-26557.2,-26599.48,-27124.536162751217,-27109.76134972991,-26589.74889678955
c525bde1-999c-50c6-b248-639705498d4f,2024-03-01,-30624.72,-26514.79,-26514.79,-26557.166666666668,-27079.700357444144,-27065.244614831645,-26537.25833229065
c525bde1-999c-50c6-b248-639705498d4f,2024-04-01,-30591.26,-30624.72,-30624.72,-27898.903333333335,-30846.611773367717,-30875.37525725311,-30565.327681274415
c525bde1-999c-50c6-b248-639705498d4f,2024-05-01,-31739.68,-30591.26,-30591.26,-29243.589999999997,-30747.53507291992,-30788.73796458006,-30643.811525115965
c525bde1-999c-50c6-b248-639705498d4f,2024-06-01,-31708.68,-31739.68,-31739.68,-30985.22,-31872.405232462268,-31911.733702020476,-31932.891654663086
c525bde1-999c-50c6-b248-639705498d4f,2024-07-01,24833.94,-31708.68,-31708.68,-31346.539999999997,-31856.98611359534,-31896.75035940411,-31769.645747833252
c525bde1-999c-50c6-b248-639705498d4f,2024-08-01,128850.18,24833.94,24833.94,-12871.473333333333,25425.217200794013,25273.322175151832,27180.709775390624
c525bde1-999c-50c6-b248-639705498d4f,2024-09-01,250561.56,128850.18,128850.18,40658.48,125105.01336270403,125419.34855656342,132134.11237304687
c525bde1-999c-50c6-b248-639705498d4f,2024-10-01,140347.49,250561.56,250561.56,134748.56,243765.23265880227,244411.72154322304,253870.0199609375
c525bde1-999c-50c6-b248-639705498d4f,2024-11-01,153363.57,140347.49,140347.49,173253.07666666666,137255.13550264074,137504.1203535278,143355.69581054687
c55386f7-31bb-534b-8157-b4b9cf9b53a3,2022-01-01,-2287.56,,-13252.345000000001,-13252.345000000001,-599.9161128181978,-584.6049202465573,-976.0215454101562
c55386f7-31bb-534b-8157-b4b9cf9b53a3,2022-02-01,-4364.95,-2287.56,-2287.56,-2287.56,-2810.4588006913436,-2808.176989876373,-4966.5543847656245
c55386f7-31bb-534b-8157-b4b9cf9b53a3,2022-03-01,-5533.4,-4364.95,-4364.95,-3326.255,-4924.125987249592,-4917.5422833465955,-6949.426318359375
c55386f7-31bb-534b-8157-b4b9cf9b53a3,2022-04-01,-9810.27,-5533.4,-5533.4,-4061.9699999999993,-6115.936536453697,-6107.729693179035,-7883.7193359375
c55386f7-31bb-534b-8157-b4b9cf9b53a3,2022-05-01,-13274.7,-9810.27,-9810.27,-6569.54,-10343.056878603637,-10337.113416658241,-12300.10203125
c55386f7-31bb-534b-8157-b4b9cf9b53a3,2022-06-01,-16698.47,-13274.7,-13274.7,-9539.456666666667,-13807.18192532025,-13802.021810203138,-15946.693896484376
c55386f7-31bb-534b-8157-b4b9cf9b53a3,2022-07-01,-19830.11,-16698.47,-16698.47,-13261.146666666667,-16953.43732014424,-16980.34825124767,-19601.494658203126
c55386f7-31bb-534b-8157-b4b9cf9b53a3,2022-08-01,-21335.5,-19830.11,-19830.11,-16601.093333333334,-20009.27328012779,-20046.25368177961,-22080.449111328126
c55386f7-31bb-534b-8157-b4b9cf9b53a3,2022-09-01,-23207.99,-21335.5,-21335.5,-19288.02666666667,-21593.802305856054,-21619.185276116223,-23380.133666992188
c55386f7-31bb-534b-8157-b4b9cf9b53a3,2022-10-01,-29137.9,-23207.99,-23207.99,-21457.86666666667,-23479.733418653028,-23504.804465198682,-25305.935556640627
c55386f7-31bb-534b-8157-b4b9cf9b53a3,2022-11-01,-31382.55,-29137.9,-29137.9,-24560.463333333333,-29246.790463784815,-29291.525948171333,-30800.7369140625
c55386f7-31bb-534b-8157-b4b9cf9b53a3,2022-12-01,-32996.76,-31382.55,-31382.55,-27909.48,-31605.170542621574,-31632.698849607357,-33486.14423828125
c55386f7-31bb-534b-8157-b4b9cf9b53a3,2023-01-01,-33394.12,-32996.76,-32996.76,-31172.403333333332,-33206.84355485873,-33234.72516423284,-34496.941762695315
c55386f7-31bb-534b-8157-b4b9cf9b53a3,2023-02-01,-33668.63,-33394.12,-33394.12,-32591.143333333337,-33641.959736548,-33666.7490381327,-34012.757023925784
c55386f7-31bb-534b-8157-b4b9cf9b53a3,2023-03-01,-35446.19,-33668.63,-33668.63,-33353.170000000006,-33961.2053062445,-33981.358105794025,-35092.73803222656
c55386f7-31bb-534b-8157-b4b9cf9b53a3,2023-04-01,-39492.18,-35446.19,-35446.19,-34169.64666666667,-35707.256500553485,-35730.27968596474,-37077.08916992188
c55386f7-31bb-534b-8157-b4b9cf9b53a3,2023-05-01,-42268.33,-39492.18,-39492.18,-36202.333333333336,-39654.50968773317,-39690.18917696077,-41783.593818359375
c55386f7-31bb-534b-8157-b4b9cf9b53a3,2023-06-01,-44024.1,-42268.33,-42268.33,-39068.9,-42442.84137266572,-42475.54486878326,-44307.69560058594
c55386f7-31bb-534b-8157-b4b9cf9b53a3,2023-07-01,-48158.75,-44024.1,-44024.1,-41928.20333333333,-44145.76103190746,-44185.02921779221,-46468.2142578125
c55386f7-31bb-534b-8157-b4b9cf9b53a3,2023-08-01,-50893.52,-48158.75,-48158.75,-44817.06,-48172.91562623041,-48224.92314654323,-50358.533203125
c55386f7-31bb-534b-8157-b4b9cf9b53a3,2023-09-01,-52031.19,-50893.52,-50893.52,-47692.12333333333,-50934.34720960103,-50979.16317470131,-52626.275859375
c55386f7-31bb-534b-8157-b4b9cf9b53a3,2023-10-01,-56073.38,-52031.19,-52031.19,-50361.15333333333,-52089.06844153112,-52132.587212530205,-53881.185727539065
c55386f7-31bb-534b-8157-b4b9cf9b53a3,2023-11-01,-58421.4,-56073.38,-56073.38,-52999.363333333335,-56044.42734039041,-56097.55505566781,-57975.73083007812
c55386f7-31bb-534b-8157-b4b9cf9b53a3,2023-12-01,-57223.99,-58421.4,-58421.4,-55508.65666666667,-58391.78202195833,-58445.00301665206,-59799.73618164063
c55386f7-31bb-534b-8157-b4b9cf9b53a3,2024-01-01,-56304.61,-57223.99,-57223.99,-57239.59,-57235.61521726706,-57285.52743673323,-58574.59913085937
c55386f7-31bb-534b-8157-b4b9cf9b53a3,2024-02-01,-56744.27,-56304.61,-56304.61,-57316.666666666664,-56424.89739227921,-56461.287560638935,-56347.827350006104
c55386f7-31bb-534b-8157-b4b9cf9b53a3,2024-03-01,-59565.07,-56744.27,-56744.27,-56757.62333333333,-56868.82213893438,-56905.36622930674,-57657.81260253906
c55386f7-31bb-534b-8157-b4b9cf9b53a3,2024-04-01,-60757.96,-59565.07,-59565.07,-57537.98333333334,-59579.46866239592,-59629.039610701344,-60728.366875
c55386f7-31bb-534b-8157-b4b9cf9b53a3,2024-05-01,-61850.21,-60757.96,-60757.96,-59022.43333333333,-60790.35640148337,-60836.414814783806,-61829.15140625
c55386f7-31bb-534b-8157-b4b9cf9b53a3,2024-06-01,-62552.71,-61850.21,-61850.21,-60724.41333333333,-61856.88922454835,-61906.6765748314,-62196.023385009765
c55386f7-31bb-534b-8157-b4b9cf9b53a3,2024-07-01,-64393.26,-62552.71,-62552.71,-61720.293333333335,-62548.16900159266,-62598.68809450726,-63870.89273925781
c55386f7-31bb-534b-8157-b4b9cf9b53a3,2024-08-01,-68134.69,-64393.26,-64393.26,-62932.06,-64320.666068828934,-64378.65109419994,-66375.49730468751
c55386f7-31bb-534b-8157-b4b9cf9b53a3,2024-09-01,-68830.05,-68134.69,-68134.69,-65026.886666666665,-67965.8817891326,-68035.73665696818,-70159.0718359375
c55386f7-31bb-534b-8157-b4b9cf9b53a3,2024-10-01,-58021.29,-68830.05,-68830.05,-67119.33333333333,-68662.9329598305,-68732.14557720548,-70740.12592773438
c55386f7-31bb-534b-8157-b4b9cf9b53a3,2024-11-01,-59530.97,-58021.29,-58021.29,-64995.34333333333,-58060.07826455894,-58110.80206220632,-59503.927451171876
c8255ff9-0dc8-583c-8545-99a75b55fd15,2022-01-01,-3301.32,,-13252.345000000001,-13252.345000000001,-599.9161128181978,-584.6049202465573,-976.0215454101562
c8255ff9-0dc8-583c-8545-99a75b55fd15,2022-02-01,-4129.87,-3301.32,-3301.32,-3301.32,-3805.044387011303,-3805.2062183499415,-6244.39275390625
c8255ff9-0dc8-583c-8545-99a75b55fd15,2022-03-01,-6489.74,-4129.87,-4129.87,-3715.5950000000003,-4722.367366404122,-4710.552437907486,-6578.823857421875
c8255ff9-0dc8-583c-8545-99a75b55fd15,2022-04-01,-9768.78,-6489.74,-6489.74,-4640.31,-7010.1750067671,-7007.956611465871,-9086.055185546875
c8255ff9-0dc8-583c-8545-99a75b55fd15,2022-05-01,-10842.79,-9768.78,-9768.78,-6796.13,-10291.248650159661,-10287.375622939031,-11392.693208007813
c8255ff9-0dc8-583c-8545-99a75b55fd15,2022-06-01,-11727.33,-10842.79,-10842.79,-9033.769999999999,-11391.57828171509,-11384.91795744866,-11470.97621826172
c8255ff9-0dc8-583c-8545-99a75b55fd15,2022-07-01,-12883.63,-11727.33,-11727.33,-10779.633333333333,-12125.473617287205,-12135.19222031302,-13163.915327148437
c8255ff9-0dc8-583c-8545-99a75b55fd15,2022-08-01,-13319.12,-12883.63,-12883.63,-11817.916666666666,-13263.92598625106,-13275.826222418857,-13778.365778808593
c8255ff9-0dc8-583c-8545-99a75b55fd15,2022-09-01,-14072.17,-13319.12,-13319.12,-12643.36,-13815.114581697066,-13812.024561317146,-13922.423527832032
c8255ff9-0dc8-583c-8545-99a75b55fd15,2022-10-01,-19217.68,-14072.17,-14072.17,-13424.973333333333,-14581.907005923375,-14577.688526745611,-15224.591264648438
c8255ff9-0dc8-583c-8545-99a75b55fd15,2022-11-01,-20090.84,-19217.68,-19217.68,-15536.323333333334,-19495.333817148003,-19519.967033738325,-18850.740913085938
c8255ff9-0dc8-583c-8545-99a75b55fd15,2022-12-01,-24329.61,-20090.84,-20090.84,-17793.563333333335,-20479.853576279143,-20489.05098491779,-21149.161166992188
c8255ff9-0dc8-583c-8545-99a75b55fd15,2023-01-01,-24183.65,-24329.61,-24329.61,-21212.71,-24575.31435936055,-24599.50361234438,-25817.954360351563
c8255ff9-0dc8-583c-8545-99a75b55fd15,2023-02-01,-25942.39,-24183.65,-24183.65,-22868.033333333336,-24515.65001666787,-24531.546832623022,-24945.355139160158
c8255ff9-0dc8-583c-8545-99a75b55fd15,2023-03-01,-25953.41,-25942.39,-25942.39,-24818.55,-26221.788659306232,-26243.339192431155,-27214.790268554687
c8255ff9-0dc8-583c-8545-99a75b55fd15,2023-04-01,-27947.45,-25953.41,-25953.41,-25359.81666666667,-26360.365194411403,-26365.886230184587,-26725.867153320312
c8255ff9-0dc8-583c-8545-99a75b55fd15,2023-05-01,-29333.72,-27947.45,-27947.45,-26614.416666666668,-28309.33553099281,-28320.182218238708,-28139.832095336915
c8255ff9-0dc8-583c-8545-99a75b55fd15,2023-06-01,-31753.56,-29333.72,-29333.72,-27744.86,-29678.658064837964,-29692.13958198508,-30901.72830078125
c8255ff9-0dc8-583c-8545-99a75b55fd15,2023-07-01,-34948.09,-31753.56,-31753.56,-29678.243333333332,-32017.781701599884,-32040.620491990612,-33370.671206054685
c8255ff9-0dc8-583c-8545-99a75b55fd15,2023-08-01,-34627.8,-34948.09,-34948.09,-32011.789999999997,-35125.59849286655,-35158.12502534398,-36609.79129394531
c8255ff9-0dc8-583c-8545-99a75b55fd15,2023-09-01,-34571.23,-34627.8,-34627.8,-33776.48333333333,-34923.669753741175,-34940.750556861865,-35190.03571777344
c8255ff9-0dc8-583c-8545-99a75b55fd15,2023-10-01,-36335.12,-34571.23,-34571.23,-34715.706666666665,-34855.87746512731,-34874.95513314515,-35049.23286865235
c8255ff9-0dc8-583c-8545-99a75b55fd15,2023-11-01,-36453.16,-36335.12,-36335.12,-35178.05,-36572.66069157491,-36597.951792519394,-37450.190922851565
c8255ff9-0dc8-583c-8545-99a75b55fd15,2023-12-01,-38456.89,-36453.16,-36453.16,-35786.503333333334,-36771.370353174985,-36785.6726838828,-36988.877590332035
c8255ff9-0dc8-583c-8545-99a75b55fd15,2024-01-01,-38483.76,-38456.89,-38456.89,-37081.723333333335,-38694.776605672065,-38718.545115416644,-39366.573654785156
c8255ff9-0dc8-583c-8545-99a75b55fd15,2024-02-01,-39389.99,-38483.76,-38483.76,-37797.93666666667,-38729.900062197936,-38754.48688673808,-39560.664296875
c8255ff9-0dc8-583c-8545-99a75b55fd15,2024-03-01,-44732.94,-39389.99,-39389.99,-38776.88,-39623.09046768054,-39647.066763144496,-40409.23163818359
c8255ff9-0dc8-583c-8545-99a75b55fd15,2024-04-01,-46869.79,-44732.94,-44732.94,-40868.89666666667,-44745.61209977895,-44798.67594719481,-44757.40992111206
c8255ff9-0dc8-583c-8545-99a75b55fd15,2024-05-01,-48440.06,-46869.79,-46869.79,-43664.24,-46907.26537458336,-46954.962596274825,-47611.47786621094
c8255ff9-0dc8-583c-8545-99a75b55fd15,2024-06-01,-49831.85,-48440.06,-48440.06,-46680.93,-48481.07488198308,-48527.48121942421,-50257.17145019531
c8255ff9-0dc8-583c-8545-99a75b55fd15,2024-07-01,198615.89,-49831.85,-49831.85,-48380.56666666667,-49859.62192978109,-49907.519760452786,-51348.240502929686
c8255ff9-0dc8-583c-8545-99a75b55fd15,2024-08-01,225479.24,198615.89,198615.89,33447.99333333334,194621.05016528774,194947.69221266048,201932.938828125
c8255ff9-0dc8-583c-8545-99a75b55fd15,2024-09-01,307465.32,225479.24,225479.24,124754.42666666668,220365.80666431077,220822.44465022325,228607.39454101562
c8255ff9-0dc8-583c-8545-99a75b55fd15,2024-10-01,303806.03,307465.32,307465.32,243853.48333333337,299696.4570679093,300446.30891481653,307267.9302600098
c8255ff9-0dc8-583c-8545-99a75b55fd15,2024-11-01,340083.17,303806.03,303806.03,278916.86333333334,298529.98938724905,298988.0587280987,305765.36227539065
c8ed6dd5-8ed0-53b7-9a5e-3e04d2d0917e,2022-01-01,-305.21,,-13252.345000000001,-13252.345000000001,-599.9161128181978,-584.6049202465573,-976.0215454101562
c8ed6dd5-8ed0-53b7-9a5e-3e04d2d0917e,2022-02-01,-1751.05,-305.21,-305.21,-305.21,-827.0487236079227,-823.4911111966783,-2770.7959375
c8ed6dd5-8ed0-53b7-9a5e-3e04d2d0917e,2022-03-01,-3469.68,-1751.05,-1751.05,-1028.1299999999999,-2335.109050769235,-2322.5545306417707,-3893.974072265625
c8ed6dd5-8ed0-53b7-9a5e-3e04d2d0917e,2022-04-01,-6592.17,-3469.68,-3469.68,-1841.9799999999998,-4029.639365869414,-4019.362219833803,-4878.149360351563
c8ed6dd5-8ed0-53b7-9a5e-3e04d2d0917e,2022-05-01,-10247.7,-6592.17,-6592.17,-3937.633333333333,-7125.415308518356,-7117.577771351825,-8946.450029296875
c8ed6dd5-8ed0-53b7-9a5e-3e04d2d0917e,2022-06-01,-9390.61,-10247.7,-10247.7,-6769.850000000001,-10763.450618226481,-10757.563847963887,-11286.902758789063
c8ed6dd5-8ed0-53b7-9a5e-3e04d2d0917e,2022-07-01,-11434.96,-9390.61,-9390.61,-8743.493333333334,-9770.741286296108,-9781.98477346239,-10311.120986328126
c8ed6dd5-8ed0-53b7-9a5e-3e04d2d0917e,2022-08-01,-12190.63,-11434.96,-11434.96,-10357.756666666666,-11651.094757914296,-11681.669538204316,-12328.70932861328
c8ed6dd5-8ed0-53b7-9a5e-3e04d2d0917e,2022-09-01,-13065.37,-12190.63,-12190.63,-11005.4,-12501.552272581028,-12519.891848830524,-12792.181635742187
c8ed6dd5-8ed0-53b7-9a5e-3e04d2d0917e,2022-10-01,-10873.05,-13065.37,-13065.37,-12230.32,-13487.124601084588,-13491.8687123244,-13482.93005859375
c8ed6dd5-8ed0-53b7-9a5e-3e04d2d0917e,2022-11-01,-9657.16,-10873.05,-10873.05,-12043.016666666665,-11446.070586939522,-11434.517633846957,-10794.194981384277
c8ed6dd5-8ed0-53b7-9a5e-3e04d2d0917e,2022-12-01,-13154.17,-9657.16,-9657.16,-11198.526666666667,-10259.724672627333,-10245.68259600173,-9930.870662841797
c8ed6dd5-8ed0-53b7-9a5e-3e04d2d0917e,2023-01-01,-10273.63,-13154.17,-13154.17,-11228.126666666669,-13656.078306489537,-13650.73199190889,-12813.788377685547
c8ed6dd5-8ed0-53b7-9a5e-3e04d2d0917e,2023-02-01,-9961.29,-10273.63,-10273.63,-11028.32,-10866.848809008887,-10855.491462601012,-9958.398615722655
c8ed6dd5-8ed0-53b7-9a5e-3e04d2d0917e,2023-03-01,-9983.77,-9961.29,-9961.29,-11129.696666666665,-10568.61366582575,-10554.832575202101,-10083.348830261231
c8ed6dd5-8ed0-53b7-9a5e-3e04d2d0917e,2023-04-01,-9420.77,-9983.77,-9983.77,-10072.896666666667,-10650.802879977231,-10629.117227025505,-10022.199893493653
c8ed6dd5-8ed0-53b7-9a5e-3e04d2d0917e,2023-05-01,-11988.94,-9420.77,-9420.77,-9788.61,-10088.845299646335,-10066.171437015011,-9587.9135546875
c8ed6dd5-8ed0-53b7-9a5e-3e04d2d0917e,2023-06-01,-13538.42,-11988.94,-11988.94,-10464.493333333334,-12424.589831499761,-12433.569428776942,-10552.511655273438
c8ed6dd5-8ed0-53b7-9a5e-3e04d2d0917e,2023-07-01,-11408.5,-13538.42,-13538.42,-11649.376666666669,-13997.24905776618,-14000.92652064441,-13455.483247680664
c8ed6dd5-8ed0-53b7-9a5e-3e04d2d0917e,2023-08-01,-12485.38,-11408.5,-11408.5,-12311.953333333333,-11886.332375973225,-11889.537572375033,-11119.39077758789
c8ed6dd5-8ed0-53b7-9a5e-3e04d2d0917e,2023-09-01,-10825.76,-12485.38,-12485.38,-12477.433333333332,-12919.189978808308,-12926.679934397978,-12275.092936401366
c8ed6dd5-8ed0-53b7-9a5e-3e04d2d0917e,2023-10-01,-10193.59,-10825.76,-10825.76,-11573.213333333333,-11386.058504538374,-11377.638030612588,-10848.250077972412
c8ed6dd5-8ed0-53b7-9a5e-3e04d2d0917e,2023-11-01,-11774.31,-10193.59,-10193.59,-11168.243333333332,-10815.934057460858,-10799.399949516666,-10336.043704833985
c8ed6dd5-8ed0-53b7-9a5e-3e04d2d0917e,2023-12-01,-12698.79,-11774.31,-11774.31,-10931.220000000001,-12319.146390497537,-12313.808599234451,-11748.360712585449
c8ed6dd5-8ed0-53b7-9a5e-3e04d2d0917e,2024-01-01,-11125.5,-12698.79,-12698.79,-11555.563333333334,-13148.748759817341,-13155.826946954337,-12037.51119140625
c8ed6dd5-8ed0-53b7-9a5e-3e04d2d0917e,2024-02-01,-9238.64,-11125.5,-11125.5,-11866.199999999999,-11684.802401295137,-11676.250201284145,-10699.25161743164
c8ed6dd5-8ed0-53b7-9a5e-3e04d2d0917e,2024-03-01,-10510.12,-9238.64,-9238.64,-11020.976666666667,-9896.49154017847,-9877.517762898577,-9258.847599639892
c8ed6dd5-8ed0-53b7-9a5e-3e04d2d0917e,2024-04-01,-11003.03,-10510.12,-10510.12,-10291.42,-10912.558127782762,-10925.201221433737,-10620.879757995606
c8ed6dd5-8ed0-53b7-9a5e-3e04d2d0917e,2024-05-01,-13121.66,-11003.03,-11003.03,-10250.596666666666,-11460.285439213356,-11464.274572545282,-11063.809426574708
c8ed6dd5-8ed0-53b7-9a5e-3e04d2d0917e,2024-06-01,-10943.65,-13121.66,-13121.66,-11544.936666666668,-13530.235311068194,-13541.206516347165,-11982.22005859375
c8ed6dd5-8ed0-53b7-9a5e-3e04d2d0917e,2024-07-01,-16622.75,-10943.65,-10943.65,-11689.446666666665,-11525.497478119885,-11515.509241964895,-10886.490423583984
c8ed6dd5-8ed0-53b7-9a5e-3e04d2d0917e,2024-08-01,-46909.03,-16622.75,-16622.75,-13562.686666666666,-17134.67918380807,-17133.955909183842,-17736.187622070312
c8ed6dd5-8ed0-53b7-9a5e-3e04d2d0917e,2024-09-01,-42423.94,-46909.03,-46909.03,-24825.14333333333,-46122.53689371026,-46281.603851634136,-46620.54739501953
c8ed6dd5-8ed0-53b7-9a5e-3e04d2d0917e,2024-10-01,-41796.97,-42423.94,-42423.94,-35318.573333333334,-42205.85643308951,-42288.82249264876,-42358.70139068604
c8ed6dd5-8ed0-53b7-9a5e-3e04d2d0917e,2024-11-01,-39748.3,-41796.97,-41796.97,-43709.98,-41596.52983853084,-41673.15672033262,-41873.53649017334
ca5207a0-0540-5515-9357-3707c7e00e69,2022-01-01,-0.18,,-13252.345000000001,-13252.345000000001,-599.9161128181978,-584.6049202465573,-976.0215454101562
ca5207a0-0540-5515-9357-3707c7e00e69,2022-02-01,-0.18,-0.18,-0.18,-0.18,-734.5953722420958,-703.0442828217218,-167.14409606933594
ca5207a0-0540-5515-9357-3707c7e00e69,2022-03-01,-0.18,-0.18,-0.18,-0.18,-774.3055819748007,-738.051370846372,-173.91614501953126
ca5207a0-0540-5515-9357-3707c7e00e69,2022-04-01,-0.27,-0.18,-0.18,-0.18000000000000002,-830.5547739449815,-788.2278831960763,-208.30380981445313
ca5207a0-0540-5515-9357-3707c7e00e69,2022-05-01,-0.25,-0.27,-0.27,-0.21,-826.8209823238349,-785.0726710706522,-3.3581032943725586
ca5207a0-0540-5515-9357-3707c7e00e69,2022-06-01,-0.24,-0.25,-0.25,-0.2333333333333333,-823.9447561661664,-782.5596066604131,-3.3381032943725586
ca5207a0-0540-5515-9357-3707c7e00e69,2022-07-01,-0.24,-0.24,-0.24,-0.25333333333333335,-866.9306219117542,-820.6522078308433,28.82933403015137
ca5207a0-0540-5515-9357-3707c7e00e69,2022-08-01,-0.24,-0.24,-0.24,-0.24333333333333332,-867.3514112500899,-820.9880727172808,28.82933403015137
ca5207a0-0540-5515-9357-3707c7e00e69,2022-09-01,-0.21,-0.24,-0.24,-0.24,-864.4945438641219,-818.494442264539,28.82933403015137
ca5207a0-0540-5515-9357-3707c7e00e69,2022-10-01,-0.19,-0.21,-0.21,-0.22999999999999998,-858.330967225004,-813.1421677106471,28.859334030151366
ca5207a0-0540-5515-9357-3707c7e00e69,2022-11-01,-0.19,-0.19,-0.19,-0.21333333333333335,-855.4542107505672,-810.6286393465252,28.879334030151366
ca5207a0-0540-5515-9357-3707c7e00e69,2022-12-01,-0.18,-0.19,-0.19,-0.19666666666666666,-855.8744594643656,-810.9640199646883,54.30892807006836
ca5207a0-0540-5515-9357-3707c7e00e69,2023-01-01,-0.11,-0.18,-0.18,-0.18666666666666668,-849.7305683249605,-805.6314610319562,54.31892807006836
ca5207a0-0540-5515-9357-3707c7e00e69,2023-02-01,-0.16,-0.11,-0.11,-0.16,-839.8594019242629,-797.1076680445659,13.638164176940919
ca5207a0-0540-5515-9357-3707c7e00e69,2023-03-01,-0.16,-0.16,-0.16,-0.15,-843.996836370061,-800.6242099227348,0.9779709243774414
ca5207a0-0540-5515-9357-3707c7e00e69,2023-04-01,-0.15,-0.16,-0.16,-0.14333333333333334,-841.1399952454084,-798.1306023146665,0.9779709243774414
ca5207a0-0540-5515-9357-3707c7e00e69,2023-05-01,-0.15,-0.15,-0.15,-0.15666666666666665,-838.2728354450793,-795.6267074977501,0.9879709243774414
ca5207a0-0540-5515-9357-3707c7e00e69,2023-06-01,-0.13,-0.15,-0.15,-0.15333333333333332,-835.4158852469646,-793.1330045890683,0.9879709243774414
ca5207a0-0540-5515-9357-3707c7e00e69,2023-07-01,-0.13,-0.13,-0.13,-0.14333333333333334,-832.5390792030989,-790.6194308978941,1.0079709243774415
ca5207a0-0540-5515-9357-3707c7e00e69,2023-08-01,-0.13,-0.13,-0.13,-0.1366666666666667,-832.9592944137613,-790.9547828917649,2.7201615524291993
ca5207a0-0540-5515-9357-3707c7e00e69,2023-09-01,-0.12,-0.13,-0.13,-0.13,-826.8253466341358,-785.6321727623903,28.146914596557618
ca5207a0-0540-5515-9357-3707c7e00e69,2023-10-01,-0.12,-0.12,-0.12,-0.12666666666666668,-823.9584319595111,-783.1285015367541,45.285506134033206
ca5207a0-0540-5515-9357-3707c7e00e69,2023-11-01,-0.11,-0.12,-0.12,-0.12333333333333334,-824.3785358610952,-783.4637538954497,59.9133251953125
ca5207a0-0540-5515-9357-3707c7e00e69,2023-12-01,-0.11,-0.11,-0.11,-0.11666666666666665,-818.2346089246452,-778.1311638681008,70.00388397216797
ca5207a0-0540-5515-9357-3707c7e00e69,2024-01-01,-0.11,-0.11,-0.11,-0.11333333333333333,-818.6547232617327,-778.4664254537612,70.00388397216797
ca5207a0-0540-5515-9357-3707c7e00e69,2024-02-01,-0.11,-0.11,-0.11,-0.11,-808.8528385591327,-770.0119838485392,40.638523712158204
ca5207a0-0540-5515-9357-3707c7e00e69,2024-03-01,-0.11,-0.11,-0.11,-0.11,-809.6637263294273,-770.6500237084149,40.638523712158204
ca5207a0-0540-5515-9357-3707c7e00e69,2024-04-01,-0.11,-0.11,-0.11,-0.11,-806.8067626699927,-768.1563080329823,42.525120391845704
ca5207a0-0540-5515-9357-3707c7e00e69,2024-05-01,-0.11,-0.11,-0.11,-0.11,-803.949776155714,-765.6625719134535,42.525120391845704
ca5207a0-0540-5515-9357-3707c7e00e69,2024-06-01,-0.11,-0.11,-0.11,-0.11,-804.3699001613495,-765.9978420360451,42.525120391845704
ca5207a0-0540-5515-9357-3707c7e00e69,2024-07-01,145773.23,-0.11,-0.11,-0.11,-801.5129536840633,-763.5041417238409,92.79080261230469
ca5207a0-0540-5515-9357-3707c7e00e69,2024-08-01,174158.49,145773.23,145773.23,48591.00333333335,141674.36468426348,142028.50226503055,148945.2658886719
ca5207a0-0540-5515-9357-3707c7e00e69,2024-09-01,163733.38,174158.49,174158.49,106643.87,170463.96401076135,170778.0828602132,177108.7956640625
ca5207a0-0540-5515-9357-3707c7e00e69,2024-10-01,201942.36,163733.38,163733.38,161221.69999999998,159481.1449852002,159869.47781140794,166204.52965820313
ca5207a0-0540-5515-9357-3707c7e00e69,2024-11-01,-4144248.26,201942.36,201942.36,179944.74333333332,197045.57076529827,197507.31464449462,204820.32850585936
ca6389a1-f815-59d2-82f7-42adaecfd189,2022-01-01,-4938.58,,-13252.345000000001,-13252.345000000001,-599.9161128181978,-584.6049202465573,-976.0215454101562
ca6389a1-f815-59d2-82f7-42adaecfd189,2022-02-01,-16609.92,-4938.58,-4938.58,-4938.58,-5406.019216477833,-5411.043430129423,-9228.29435546875
ca6389a1-f815-59d2-82f7-42adaecfd189,2022-03-01,-27178.1,-16609.92,-16609.92,-10774.25,-16975.631460756016,-16991.94493286023,-21637.66658203125
ca6389a1-f815-59d2-82f7-42adaecfd189,2022-04-01,-36293.19,-27178.1,-27178.1,-16242.199999999999,-27446.687169383797,-27471.999286245165,-33090.16005859375
ca6389a1-f815-59d2-82f7-42adaecfd189,2022-05-01,-43380.1,-36293.19,-36293.19,-26693.736666666664,-36349.39420285545,-36397.874855131166,-42307.660703125
ca6389a1-f815-59d2-82f7-42adaecfd189,2022-06-01,-48504.84,-43380.1,-43380.1,-35617.130000000005,-43429.89734127288,-43479.28404166686,-49328.5501953125
ca6389a1-f815-59d2-82f7-42adaecfd189,2022-07-01,-51722.53,-48504.84,-48504.84,-42726.043333333335,-48280.77861200586,-48358.97267706735,-50572.43301757812
ca6389a1-f815-59d2-82f7-42adaecfd189,2022-08-01,-52002.45,-51722.53,-51722.53,-47869.15666666667,-51646.0840049904,-51698.79198469595,-52955.53732421875
ca6389a1-f815-59d2-82f7-42adaecfd189,2022-09-01,-54541.25,-52002.45,-52002.45,-50743.27333333334,-51953.540875271116,-52010.572668120716,-52942.45872802734
ca6389a1-f815-59d2-82f7-42adaecfd189,2022-10-01,-51173.25,-54541.25,-54541.25,-52755.409999999996,-54518.164080661205,-54571.26712822668,-53455.10339355469
ca6389a1-f815-59d2-82f7-42adaecfd189,2022-11-01,-49393.13,-51173.25,-51173.25,-52572.31666666667,-51381.054709827346,-51406.40215008837,-50453.64422607422
ca6389a1-f815-59d2-82f7-42adaecfd189,2022-12-01,-45177.32,-49393.13,-49393.13,-51702.543333333335,-49624.26914507325,-49649.15853529078,-49387.25012195587
ca6389a1-f815-59d2-82f7-42adaecfd189,2023-01-01,-46981.27,-45177.32,-45177.32,-48581.23333333334,-45612.94453543132,-45612.618413850585,-46651.970146484375
ca6389a1-f815-59d2-82f7-42adaecfd189,2023-02-01,-51887.55,-46981.27,-46981.27,-47183.90666666667,-47234.65141015703,-47260.71147958661,-48551.82126953125
ca6389a1-f815-59d2-82f7-42adaecfd189,2023-03-01,-48302.68,-51887.55,-51887.55,-48015.380000000005,-51981.98353846029,-52026.440111717326,-50541.97028808594
ca6389a1-f815-59d2-82f7-42adaecfd189,2023-04-01,-47766.53,-48302.68,-48302.68,-49057.166666666664,-48651.94371183206,-48663.97510263258,-47908.97254150391
ca6389a1-f815-59d2-82f7-42adaecfd189,2023-05-01,-49884.56,-47766.53,-47766.53,-49318.920000000006,-48016.17503923667,-48040.83095583247,-48005.08307006836
ca6389a1-f815-59d2-82f7-42adaecfd189,2023-06-01,-47655.93,-49884.56,-49884.56,-48651.25666666666,-49874.87805234372,-49931.85097053396,-50305.51617675781
ca6389a1-f815-59d2-82f7-42adaecfd189,2023-07-01,-45725.74,-47655.93,-47655.93,-48435.67333333333,-47842.35889985289,-47875.14759515788,-47512.92833679199
ca6389a1-f815-59d2-82f7-42adaecfd189,2023-08-01,-45914.24,-45725.74,-45725.74,-47755.409999999996,-46043.88818834162,-46060.16914351632,-46371.178537597654
ca6389a1-f815-59d2-82f7-42adaecfd189,2023-09-01,-49164.29,-45914.24,-45914.24,-46431.97,-46234.30218293873,-46251.437388155704,-47235.51172851562
ca6389a1-f815-59d2-82f7-42adaecfd189,2023-10-01,-47237.55,-49164.29,-49164.29,-46934.75666666666,-49319.75234065235,-49355.898817272624,-46921.8202734375
ca6389a1-f815-59d2-82f7-42adaecfd189,2023-11-01,-53495.37,-47237.55,-47237.55,-47438.69333333333,-47310.52681664538,-47358.75230101014,-47672.70274047852
ca6389a1-f815-59d2-82f7-42adaecfd189,2023-12-01,-47305.03,-53495.37,-53495.37,-49965.73666666667,-53419.443876831276,-53484.799453405845,-51831.52161132813
ca6389a1-f815-59d2-82f7-42adaecfd189,2024-01-01,-44541.89,-47305.03,-47305.03,-49345.98333333334,-47459.51471798765,-47499.27530214125,-46672.60904052734
ca6389a1-f815-59d2-82f7-42adaecfd189,2024-02-01,-46248.76,-44541.89,-44541.89,-48447.43,-44769.01654128022,-44797.90061053532,-44743.36138977051
ca6389a1-f815-59d2-82f7-42adaecfd189,2024-03-01,-44309.78,-46248.76,-46248.76,-46031.89333333333,-46342.60675510231,-46390.409131682616,-45716.424489746096
ca6389a1-f815-59d2-82f7-42adaecfd189,2024-04-01,-46743.59,-44309.78,-44309.78,-45033.47666666666,-44694.91740426838,-44703.30309599894,-45222.346467285155
ca6389a1-f815-59d2-82f7-42adaecfd189,2024-05-01,-50588.96,-46743.59,-46743.59,-45767.37666666667,-46784.659883217355,-46837.416652570435,-48554.58182128906
ca6389a1-f815-59d2-82f7-42adaecfd189,2024-06-01,-54201.44,-50588.96,-50588.96,-47214.10999999999,-50582.39016493569,-50638.440624059716,-52042.15934082031
ca6389a1-f815-59d2-82f7-42adaecfd189,2024-07-01,-53096.7,-54201.44,-54201.44,-50511.329999999994,-54140.26769105895,-54197.877593563295,-55122.812985839846
ca6389a1-f815-59d2-82f7-42adaecfd189,2024-08-01,-36008.43,-53096.7,-53096.7,-52629.03333333333,-52979.60817339302,-53046.09382032029,-54329.37724609375
ca6389a1-f815-59d2-82f7-42adaecfd189,2024-09-01,-46342.32,-36008.43,-36008.43,-47768.85666666667,-37499.70186836856,-37396.42867692452,-34060.810859375
ca6389a1-f815-59d2-82f7-42adaecfd189,2024-10-01,25013.33,-46342.32,-46342.32,-45149.15,-47059.890484715135,-47041.017766126,-44904.98064453125
ca6389a1-f815-59d2-82f7-42adaecfd189,2024-11-01,27372.35,25013.33,25013.33,-19112.47333333333,22979.89335205643,23133.21180469762,27920.19328125
ca8ab6de-a1aa-558f-a33e-c59e9c098bf9,2022-01-01,1900.47,,-13252.345000000001,-13252.345000000001,-599.9161128181978,-584.6049202465573,-976.0215454101562
ca8ab6de-a1aa-558f-a33e-c59e9c098bf9,2022-02-01,3330.0,1900.47,1900.47,1900.47,1291.604996604156,1306.2479392027692,1427.750517578125
ca8ab6de-a1aa-558f-a33e-c59e9c098bf9,2022-03-01,2065.72,3330.0,3330.0,2615.235,2677.7388486566488,2697.3179814745304,2312.727783203125
ca8ab6de-a1aa-558f-a33e-c59e9c098bf9,2022-04-01,1807.76,2065.72,2065.72,2432.063333333333,1334.163471065256,1361.9765145871384,1536.225432128906
ca8ab6de-a1aa-558f-a33e-c59e9c098bf9,2022-05-01,1090.05,1807.76,1807.76,2401.16,1119.2904173773954,1142.501248027327,1560.2652490234375
ca8ab6de-a1aa-558f-a33e-c59e9c098bf9,2022-06-01,2099.34,1090.05,1090.05,1654.51,408.571815674105,431.3630491386332,811.1715209960937
ca8ab6de-a1aa-558f-a33e-c59e9c098bf9,2022-07-01,1712.0,2099.34,2099.34,1665.716666666667,1334.6471230316874,1364.7031143457561,2147.673080291748
ca8ab6de-a1aa-558f-a33e-c59e9c098bf9,2022-08-01,1554.01,1712.0,1712.0,1633.7966666666669,960.7318004313588,989.5799047401588,1864.0135803222656
ca8ab6de-a1aa-558f-a33e-c59e9c098bf9,2022-09-01,818.9,1554.01,1554.01,1788.45,901.1747872308616,918.6051169022552,1662.0602090454101
ca8ab6de-a1aa-558f-a33e-c59e9c098bf9,2022-10-01,640.22,818.9,818.9,1361.6366666666665,70.48551758191161,100.59562092751241,1252.4370483398438
ca8ab6de-a1aa-558f-a33e-c59e9c098bf9,2022-11-01,3188.42,640.22,640.22,1004.3766666666667,-141.04006366180965,-107.78020821461371,1039.683592529297
ca8ab6de-a1aa-558f-a33e-c59e9c098bf9,2022-12-01,9779.39,3188.42,3188.42,1549.18,2405.8111180849155,2439.1335560190905,2711.575059814453
ca8ab6de-a1aa-558f-a33e-c59e9c098bf9,2023-01-01,3571.74,9779.39,9779.39,4536.009999999999,8815.53915626191,8864.628512610165,7817.170151367187
ca8ab6de-a1aa-558f-a33e-c59e9c098bf9,2023-02-01,3142.83,3571.74,3571.74,5513.183333333333,2699.5642694671155,2739.5825560768294,3223.042825927734
ca8ab6de-a1aa-558f-a33e-c59e9c098bf9,2023-03-01,214.4,3142.83,3142.83,5497.986666666667,2331.4483339504495,2363.9438211864986,2495.296064453125
ca8ab6de-a1aa-558f-a33e-c59e9c098bf9,2023-04-01,3215.37,214.4,214.4,2309.6566666666663,-491.0301493334956,-468.5693845631356,34.93878784179688
ca8ab6de-a1aa-558f-a33e-c59e9c098bf9,2023-05-01,1364.9,3215.37,3215.37,2190.866666666667,2562.3921240441196,2577.5405953385075,2260.1682788085936
ca8ab6de-a1aa-558f-a33e-c59e9c098bf9,2023-06-01,2801.97,1364.9,1364.9,1598.2233333333334,689.1516270427,707.3339365094974,1580.026419067383
ca8ab6de-a1aa-558f-a33e-c59e9c098bf9,2023-07-01,2675.64,2801.97,2801.97,2460.7466666666664,2088.1978028425083,2113.3566823027395,2330.824064941406
ca8ab6de-a1aa-558f-a33e-c59e9c098bf9,2023-08-01,2524.17,2675.64,2675.64,2280.8366666666666,2005.950905443633,2026.095863432175,2486.8288732910155
ca8ab6de-a1aa-558f-a33e-c59e9c098bf9,2023-09-01,2700.08,2524.17,2524.17,2667.2599999999998,1848.836540679616,1869.1193921918725,2757.149507446289
ca8ab6de-a1aa-558f-a33e-c59e9c098bf9,2023-10-01,2267.62,2700.08,2700.08,2633.2966666666666,1983.1375800196179,2008.586675241341,2894.31388671875
ca8ab6de-a1aa-558f-a33e-c59e9c098bf9,2023-11-01,3536.66,2267.62,2267.62,2497.29,1408.2325931986427,1451.058251900622,2890.3843432617186
ca8ab6de-a1aa-558f-a33e-c59e9c098bf9,2023-12-01,5651.99,3536.66,3536.66,2834.786666666667,2712.118557158736,2750.100517283132,3492.0510942077635
ca8ab6de-a1aa-558f-a33e-c59e9c098bf9,2024-01-01,2923.24,5651.99,5651.99,3818.7566666666667,4803.886041526272,4842.9019611678705,4298.491586914062
ca8ab6de-a1aa-558f-a33e-c59e9c098bf9,2024-02-01,3047.78,2923.24,2923.24,4037.2966666666666,2088.7040542026916,2126.2657391533858,2777.2557470703123
ca8ab6de-a1aa-558f-a33e-c59e9c098bf9,2024-03-01,2967.41,3047.78,3047.78,3874.3366666666666,2148.495692823308,2194.0962891932068,3011.401883392334
ca8ab6de-a1aa-558f-a33e-c59e9c098bf9,2024-04-01,2619.61,2967.41,2967.41,2979.476666666667,2130.130703610037,2168.001850280557,2798.66959777832
ca8ab6de-a1aa-558f-a33e-c59e9c098bf9,2024-05-01,2987.95,2619.61,2619.61,2878.266666666667,1797.378304430681,1834.829513403329,2675.884284362793
ca8ab6de-a1aa-558f-a33e-c59e9c098bf9,2024-06-01,2502.55,2987.95,2987.95,2858.3233333333333,2177.7034432535816,2213.887263290141,2914.2372085571287
ca8ab6de-a1aa-558f-a33e-c59e9c098bf9,2024-07-01,1477.46,2502.55,2502.55,2703.3700000000003,1754.721994536239,1783.819043617406,2513.082621383667
ca8ab6de-a1aa-558f-a33e-c59e9c098bf9,2024-08-01,-4427.47,1477.46,1477.46,2322.653333333333,877.9225816409825,889.4607674160053,489.85074707031254
ca8ab6de-a1aa-558f-a33e-c59e9c098bf9,2024-09-01,-8252.44,-4427.47,-4427.47,-149.15333333333334,-4722.174963063213,-4748.992443866502,-4938.63488647461
ca8ab6de-a1aa-558f-a33e-c59e9c098bf9,2024-10-01,-7380.65,-8252.44,-8252.44,-3734.15,-8191.138082255476,-8263.861130889589,-8695.777982177735
ca8ab6de-a1aa-558f-a33e-c59e9c098bf9,2024-11-01,-10885.98,-7380.65,-7380.65,-6686.8533333333335,-7608.419489696007,-7640.661706609477,-8469.705053710937
cc06014b-bde4-5777-91e3-67e7dbc5ab98,2022-01-01,4912.0,,-13252.345000000001,-13252.345000000001,-599.9161128181978,-584.6049202465573,-976.0215454101562
cc06014b-bde4-5777-91e3-67e7dbc5ab98,2022-02-01,-76955.18,4912.0,4912.0,4912.0,4415.332848341193,4409.722226270454,4080.5953979492188
cc06014b-bde4-5777-91e3-67e7dbc5ab98,2022-03-01,-37320.8,-76955.18,-76955.18,-36021.59,-76626.2298147112,-76725.32220607938,-76570.44113891601
cc06014b-bde4-5777-91e3-67e7dbc5ab98,2022-04-01,-38881.97,-37320.8,-37320.8,-36454.659999999996,-37766.815499708275,-37784.41015540093,-37811.56879882813
cc06014b-bde4-5777-91e3-67e7dbc5ab98,2022-05-01,-2082.28,-38881.97,-38881.97,-51052.65,-38813.12955930719,-38885.23694455554,-38581.600859375
cc06014b-bde4-5777-91e3-67e7dbc5ab98,2022-06-01,-23153.59,-2082.28,-2082.28,-26095.016666666666,-3114.0353636378873,-3071.0500159446387,-7214.148652343751
cc06014b-bde4-5777-91e3-67e7dbc5ab98,2022-07-01,44025.47,-23153.59,-23153.59,-21372.61333333333,-23416.054700446748,-23466.264522749512,-21897.275302734375
cc06014b-bde4-5777-91e3-67e7dbc5ab98,2022-08-01,16866.98,44025.47,44025.47,6263.200000000001,42253.258161160215,42359.39272457196,37499.26296875
cc06014b-bde4-5777-91e3-67e7dbc5ab98,2022-09-01,-68754.11,16866.98,16866.98,12579.62,16187.089477462718,16177.232484407843,10876.02541015625
cc06014b-bde4-5777-91e3-67e7dbc5ab98,2022-10-01,-4196.93,-68754.11,-68754.11,-2620.5533333333346,-68095.75111439856,-68257.35734991223,-60847.8512109375
cc06014b-bde4-5777-91e3-67e7dbc5ab98,2022-11-01,6023.55,-4196.93,-4196.93,-18694.686666666672,-4219.041824062269,-4307.837627639581,-615.2212597656253
cc06014b-bde4-5777-91e3-67e7dbc5ab98,2022-12-01,-35888.15,6023.55,6023.55,-22309.163333333334,6172.7355944794535,6058.9057829525555,7112.67353515625
cc06014b-bde4-5777-91e3-67e7dbc5ab98,2023-01-01,-63951.81,-35888.15,-35888.15,-11353.843333333332,-35563.15064509651,-35699.78797306644,-36859.75009765625
cc06014b-bde4-5777-91e3-67e7dbc5ab98,2023-02-01,-57138.03,-63951.81,-63951.81,-31272.13666666666,-63549.39240333664,-63668.15142054083,-57257.57416015625
cc06014b-bde4-5777-91e3-67e7dbc5ab98,2023-03-01,-23474.93,-57138.03,-57138.03,-52325.996666666666,-56832.407813302845,-56938.93145492555,-48786.31125
cc06014b-bde4-5777-91e3-67e7dbc5ab98,2023-04-01,-27647.49,-23474.93,-23474.93,-48188.25666666666,-23798.013838085288,-23835.985093017247,-27065.104072265625
cc06014b-bde4-5777-91e3-67e7dbc5ab98,2023-05-01,55172.71,-27647.49,-27647.49,-36086.816666666666,-27960.286825508625,-28000.980551795765,-26631.714365234377
cc06014b-bde4-5777-91e3-67e7dbc5ab98,2023-06-01,31352.42,55172.71,55172.71,1350.0966666666657,52870.388599907164,53037.5272966918,48879.46341796875
cc06014b-bde4-5777-91e3-67e7dbc5ab98,2023-07-01,75748.11,31352.42,31352.42,19625.88,29942.87174787705,30008.017103014507,27099.66951171875
cc06014b-bde4-5777-91e3-67e7dbc5ab98,2023-08-01,22103.12,75748.11,75748.11,54091.079999999994,73111.62105503242,73309.86971246716,69018.65736328125
cc06014b-bde4-5777-91e3-67e7dbc5ab98,2023-09-01,-85.18,22103.12,22103.12,43067.88333333333,21365.448004304486,21358.797220211825,24556.783330078124
cc06014b-bde4-5777-91e3-67e7dbc5ab98,2023-10-01,-54412.0,-85.18,-85.18,32588.683333333334,-542.7294058205741,-579.1064549088538,2667.14373046875
cc06014b-bde4-5777-91e3-67e7dbc5ab98,2023-11-01,-12408.07,-54412.0,-54412.0,-10798.02,-53347.09485992729,-53538.36858139566,-45935.9384765625
cc06014b-bde4-5777-91e3-67e7dbc5ab98,2023-12-01,81686.1,-12408.07,-12408.07,-22301.75,-12615.035117791962,-12665.748050964687,-3985.2526171874997
cc06014b-bde4-5777-91e3-67e7dbc5ab98,2024-01-01,-20760.94,81686.1,81686.1,4955.343333333333,80047.61423767495,80130.88172389718,75594.93203125
cc06014b-bde4-5777-91e3-67e7dbc5ab98,2024-02-01,-76674.5,-20760.94,-20760.94,16172.363333333335,-19789.441601656603,-20012.445213865998,-21971.5718359375
cc06014b-bde4-5777-91e3-67e7dbc5ab98,2024-03-01,-9693.86,-76674.5,-76674.5,-5249.779999999999,-75960.73719397247,-76127.13251460894,-71064.30615234375
cc06014b-bde4-5777-91e3-67e7dbc5ab98,2024-04-01,-41023.68,-9693.86,-9693.86,-35709.76666666667,-9828.010531808624,-9892.681042356367,-1419.8521875000006
cc06014b-bde4-5777-91e3-67e7dbc5ab98,2024-05-01,-37153.28,-41023.68,-41023.68,-42464.013333333336,-40343.16171785323,-40505.71650926333,-36641.127265625
cc06014b-bde4-5777-91e3-67e7dbc5ab98,2024-06-01,-36036.53,-37153.28,-37153.28,-29290.27333333333,-37428.091873800135,-37475.003210020404,-36163.94033935547
cc06014b-bde4-5777-91e3-67e7dbc5ab98,2024-07-01,-24503.17,-36036.53,-36036.53,-38071.16333333333,-36931.221565568914,-36905.432505941244,-30391.1051953125
cc06014b-bde4-5777-91e3-67e7dbc5ab98,2024-08-01,-7172.99,-24503.17,-24503.17,-32564.326666666664,-25131.789827181525,-25139.084880264705,-29011.39265625
cc06014b-bde4-5777-91e3-67e7dbc5ab98,2024-09-01,-12925.89,-7172.99,-7172.99,-22570.896666666667,-8211.246766030821,-8170.071451100753,-12399.83619140625
cc06014b-bde4-5777-91e3-67e7dbc5ab98,2024-10-01,-12685.85,-12925.89,-12925.89,-14867.349999999999,-13544.391062580797,-13546.002099480276,-15492.0384375
cc06014b-bde4-5777-91e3-67e7dbc5ab98,2024-11-01,-128875.65,-12685.85,-12685.85,-10928.243333333332,-13427.998263965306,-13423.507283222563,-17614.22939453125
cc651ef5-531e-57ec-b0a1-8222437221b2,2022-01-01,2914.5,,-13252.345000000001,-13252.345000000001,-599.9161128181978,-584.6049202465573,-976.0215454101562
cc651ef5-531e-57ec-b0a1-8222437221b2,2022-02-01,2669.65,2914.5,2914.5,2914.5,2220.2671322626275,2244.569847485633,2570.269805908203
cc651ef5-531e-57ec-b0a1-8222437221b2,2022-03-01,2514.43,2669.65,2669.65,2792.075,2033.7397936961304,2050.8491545092897,2032.7890991210938
cc651ef5-531e-57ec-b0a1-8222437221b2,2022-04-01,2577.26,2514.43,2514.43,2699.5266666666666,1681.9042036594287,1720.2258347945792,2206.193671875
cc651ef5-531e-57ec-b0a1-8222437221b2,2022-05-01,2473.97,2577.26,2577.26,2587.1133333333332,1726.4972161528983,1767.9460355088431,2677.597829589844
cc651ef5-531e-57ec-b0a1-8222437221b2,2022-06-01,-1037.95,2473.97,2473.97,2521.8866666666668,1724.0717812302626,1753.9899724153229,2380.033262939453
cc651ef5-531e-57ec-b0a1-8222437221b2,2022-07-01,2305.69,-1037.95,-1037.95,1337.76,-2276.528269053856,-2197.682439861478,79.97517089843745
cc651ef5-531e-57ec-b0a1-8222437221b2,2022-08-01,2191.65,2305.69,2305.69,1247.2366666666667,1372.2614818707962,1413.3670640031355,2244.8912939453126
cc651ef5-531e-57ec-b0a1-8222437221b2,2022-09-01,2586.87,2191.65,2191.65,1153.13,1069.0710058997952,1132.903481352112,2812.5878051757813
cc651ef5-531e-57ec-b0a1-8222437221b2,2022-10-01,2098.06,2586.87,2586.87,2361.4033333333336,1409.8522895999322,1481.208068075186,2259.392521972656
cc651ef5-531e-57ec-b0a1-8222437221b2,2022-11-01,3037.39,2098.06,2098.06,2292.193333333333,1019.7216616646656,1079.0714888088903,2395.8111596679687
cc651ef5-531e-57ec-b0a1-8222437221b2,2022-12-01,5568.83,3037.39,3037.39,2574.1066666666666,1769.4782557444785,1854.9427880724143,3048.7514931106566
cc651ef5-531e-57ec-b0a1-8222437221b2,2023-01-01,6226.54,5568.83,5568.83,3568.093333333333,4295.779822339311,4381.734913669844,4619.505659179687
cc651ef5-531e-57ec-b0a1-8222437221b2,2023-02-01,1449.46,6226.54,6226.54,4944.253333333333,4681.24759647662,4797.167983050753,4350.627158203125
cc651ef5-531e-57ec-b0a1-8222437221b2,2023-03-01,1603.95,1449.46,1449.46,4414.943333333334,70.1898923209792,168.05212589640723,2152.201638183594
cc651ef5-531e-57ec-b0a1-8222437221b2,2023-04-01,1335.54,1603.95,1603.95,3093.316666666667,410.57349987688826,487.41700569469776,1766.2848541259766
cc651ef5-531e-57ec-b0a1-8222437221b2,2023-05-01,1428.27,1335.54,1335.54,1462.9833333333333,266.10103697864315,329.4931602156878,1068.40181640625
cc651ef5-531e-57ec-b0a1-8222437221b2,2023-06-01,1442.35,1428.27,1428.27,1455.92,407.0903557408069,464.9196166461827,1194.2887530517578
cc651ef5-531e-57ec-b0a1-8222437221b2,2023-07-01,1235.12,1442.35,1442.35,1402.0533333333333,537.3675968102491,582.4322978918586,1430.8050104141234
cc651ef5-531e-57ec-b0a1-8222437221b2,2023-08-01,995.68,1235.12,1235.12,1368.58,273.2237815091171,326.8306528358743,1348.03593170166
cc651ef5-531e-57ec-b0a1-8222437221b2,2023-09-01,1022.45,995.68,995.68,1224.3833333333332,118.55861247325572,162.94660668093286,945.7952725219726
cc651ef5-531e-57ec-b0a1-8222437221b2,2023-10-01,938.7,1022.45,1022.45,1084.4166666666667,136.36417199768016,181.3668325498238,1167.8869659423829
cc651ef5-531e-57ec-b0a1-8222437221b2,2023-11-01,1565.4,938.7,938.7,985.61,72.6309826024144,115.68984522662731,1043.791766357422
cc651ef5-531e-57ec-b0a1-8222437221b2,2023-12-01,3252.11,1565.4,1565.4,1175.5166666666667,677.9034433900069,723.5054393767002,1587.9755462646485
cc651ef5-531e-57ec-b0a1-8222437221b2,2024-01-01,1215.62,3252.11,3252.11,1918.7366666666667,2309.119696743245,2358.6024033740377,2319.1032861328126
cc651ef5-531e-57ec-b0a1-8222437221b2,2024-02-01,1158.49,1215.62,1215.62,2011.043333333333,277.50282256549247,326.711850859431,1576.8935290527343
cc651ef5-531e-57ec-b0a1-8222437221b2,2024-03-01,1024.21,1158.49,1158.49,1875.4066666666665,184.90083677795724,238.06181801375305,1363.3931066894531
cc651ef5-531e-57ec-b0a1-8222437221b2,2024-04-01,1218.79,1024.21,1024.21,1132.7733333333333,116.42450529695475,161.80626139970855,1080.4832696533203
cc651ef5-531e-57ec-b0a1-8222437221b2,2024-05-01,1006.71,1218.79,1218.79,1133.83,159.03399673011927,222.21137699080737,1470.3612890625
cc651ef5-531e-57ec-b0a1-8222437221b2,2024-06-01,1248.12,1006.71,1006.71,1083.2366666666667,-106.4125654798986,-37.52300016725303,1437.414833984375
cc651ef5-531e-57ec-b0a1-8222437221b2,2024-07-01,12001.79,1248.12,1248.12,1157.8733333333332,127.79083103665562,198.4040480781846,1590.6677600097655
cc651ef5-531e-57ec-b0a1-8222437221b2,2024-08-01,25372.29,12001.79,12001.79,4752.206666666666,10497.494907740242,10604.478749108648,13071.47310546875
cc651ef5-531e-57ec-b0a1-8222437221b2,2024-09-01,25581.62,25372.29,25372.29,12874.066666666668,23378.13044929077,23535.415355214744,26701.05257324219
cc651ef5-531e-57ec-b0a1-8222437221b2,2024-10-01,38274.37,25581.62,25581.62,20985.233333333334,23655.716987564898,23806.491280251215,26124.808415527343
cc651ef5-531e-57ec-b0a1-8222437221b2,2024-11-01,41840.02,38274.37,38274.37,29742.76,35997.40393107979,36187.313919834545,37736.13123046875
cc8c1f2f-9e19-52d7-8ca4-7d49fbfba513,2022-01-01,-3796.53,,-13252.345000000001,-13252.345000000001,-599.9161128181978,-584.6049202465573,-976.0215454101562
cc8c1f2f-9e19-52d7-8ca4-7d49fbfba513,2022-02-01,-9795.37,-3796.53,-3796.53,-3796.53,-4329.9590297365085,-4324.168153800659,-7938.709199218751
cc8c1f2f-9e19-52d7-8ca4-7d49fbfba513,2022-03-01,-15417.57,-9795.37,-9795.37,-6795.950000000001,-10219.626724718048,-10228.841379604262,-14647.2576953125
cc8c1f2f-9e19-52d7-8ca4-7d49fbfba513,2022-04-01,-20682.44,-15417.57,-15417.57,-9669.823333333334,-15893.678555344677,-15894.4963177478,-20452.07732421875
cc8c1f2f-9e19-52d7-8ca4-7d49fbfba513,2022-05-01,-25125.9,-20682.44,-20682.44,-15298.46,-21042.129888786916,-21057.855591119285,-25684.8491796875
cc8c1f2f-9e19-52d7-8ca4-7d49fbfba513,2022-06-01,-33472.92,-25125.9,-25125.9,-20408.636666666665,-25467.521714948947,-25484.214635368717,-30865.9869140625
cc8c1f2f-9e19-52d7-8ca4-7d49fbfba513,2022-07-01,-39027.01,-33472.92,-33472.92,-26427.086666666666,-33347.26639723113,-33418.828394590186,-38499.859453125
cc8c1f2f-9e19-52d7-8ca4-7d49fbfba513,2022-08-01,-50794.57,-39027.01,-39027.01,-32541.94333333333,-38962.16332040359,-39022.46601116675,-44466.2023828125
cc8c1f2f-9e19-52d7-8ca4-7d49fbfba513,2022-09-01,-52706.77,-50794.57,-50794.57,-41098.166666666664,-50425.05759974877,-50521.83900098393,-53966.8795703125
cc8c1f2f-9e19-52d7-8ca4-7d49fbfba513,2022-10-01,-55127.18,-52706.77,-52706.77,-47509.450000000004,-52564.70476122088,-52633.44496846736,-56536.28025390625
cc8c1f2f-9e19-52d7-8ca4-7d49fbfba513,2022-11-01,-61164.86,-55127.18,-55127.18,-52876.17333333333,-54995.99943914259,-55062.68343308056,-59506.34650390625
cc8c1f2f-9e19-52d7-8ca4-7d49fbfba513,2022-12-01,-65864.49,-61164.86,-61164.86,-56332.93666666667,-60995.89494136257,-61066.371721037896,-65835.82923828125
cc8c1f2f-9e19-52d7-8ca4-7d49fbfba513,2023-01-01,-66666.6,-65864.49,-65864.49,-60718.84333333333,-65741.88467081478,-65803.04717124389,-67540.9127294922
cc8c1f2f-9e19-52d7-8ca4-7d49fbfba513,2023-02-01,-66154.88,-66666.6,-66666.6,-64565.31666666667,-66573.1148308541,-66632.29138651739,-67230.32613525391
cc8c1f2f-9e19-52d7-8ca4-7d49fbfba513,2023-03-01,-66344.94,-66154.88,-66154.88,-66228.65666666668,-66148.78021759866,-66197.17649934896,-66652.55233276368
cc8c1f2f-9e19-52d7-8ca4-7d49fbfba513,2023-04-01,-65461.42,-66344.94,-66344.94,-66388.80666666667,-66296.72088000191,-66350.23118732541,-67100.53918212891
cc8c1f2f-9e19-52d7-8ca4-7d49fbfba513,2023-05-01,-67485.28,-65461.42,-65461.42,-65987.08,-65452.77405201089,-65502.414638246206,-66189.76509277344
cc8c1f2f-9e19-52d7-8ca4-7d49fbfba513,2023-06-01,-69690.0,-67485.28,-67485.28,-66430.54666666668,-67384.60908576276,-67446.36882371068,-68888.41989257812
cc8c1f2f-9e19-52d7-8ca4-7d49fbfba513,2023-07-01,-72582.39,-69690.0,-69690.0,-67545.56666666667,-69636.12676073772,-69691.12872488411,-71578.37731933594
cc8c1f2f-9e19-52d7-8ca4-7d49fbfba513,2023-08-01,-71268.31,-72582.39,-72582.39,-69919.22333333334,-72428.05980111915,-72493.70510306193,-73339.12718261719
cc8c1f2f-9e19-52d7-8ca4-7d49fbfba513,2023-09-01,-69733.36,-71268.31,-71268.31,-71180.23333333334,-71241.63295153405,-71291.96985759656,-70910.40680175781
cc8c1f2f-9e19-52d7-8ca4-7d49fbfba513,2023-10-01,-69934.36,-69733.36,-69733.36,-71194.68666666666,-69767.76333827426,-69811.60551239246,-69720.28943382263
cc8c1f2f-9e19-52d7-8ca4-7d49fbfba513,2023-11-01,-70993.08,-69934.36,-69934.36,-70312.01,-69928.20828831165,-69977.19444756267,-70396.84046875
cc8c1f2f-9e19-52d7-8ca4-7d49fbfba513,2023-12-01,-71448.43,-70993.08,-70993.08,-70220.26666666666,-70903.83336088259,-70962.12201534127,-71760.42899902344
cc8c1f2f-9e19-52d7-8ca4-7d49fbfba513,2024-01-01,-69168.32,-71448.43,-71448.43,-70791.95666666667,-71326.53275743489,-71390.04611228939,-71783.37451904296
cc8c1f2f-9e19-52d7-8ca4-7d49fbfba513,2024-02-01,-69410.96,-69168.32,-69168.32,-70536.61,-69240.76399044224,-69281.58592264807,-69252.045730896
cc8c1f2f-9e19-52d7-8ca4-7d49fbfba513,2024-03-01,-68248.57,-69410.96,-69410.96,-70009.23666666668,-69362.76049794703,-69419.71689216318,-69551.12641235352
cc8c1f2f-9e19-52d7-8ca4-7d49fbfba513,2024-04-01,-70148.79,-68248.57,-68248.57,-68942.61666666668,-68278.51307620342,-68325.14076218622,-69025.06530029298
cc8c1f2f-9e19-52d7-8ca4-7d49fbfba513,2024-05-01,-69330.57,-70148.79,-70148.79,-69269.44,-70022.16975912984,-70087.59879773566,-70637.96391967773
cc8c1f2f-9e19-52d7-8ca4-7d49fbfba513,2024-06-01,-69358.78,-69330.57,-69330.57,-69242.64333333333,-69352.92927414218,-69400.99896972424,-69650.44384033204
cc8c1f2f-9e19-52d7-8ca4-7d49fbfba513,2024-07-01,-68753.26,-69358.78,-69358.78,-69612.71333333333,-69356.94606890024,-69407.26850216702,-70096.8844921875
cc8c1f2f-9e19-52d7-8ca4-7d49fbfba513,2024-08-01,-72218.66,-68753.26,-68753.26,-69147.53666666667,-68835.3958270652,-68878.0516941976,-70135.10252929687
cc8c1f2f-9e19-52d7-8ca4-7d49fbfba513,2024-09-01,-82316.59,-72218.66,-72218.66,-70110.23333333332,-72154.18498027377,-72212.25994635173,-74303.4168359375
cc8c1f2f-9e19-52d7-8ca4-7d49fbfba513,2024-10-01,-88713.65,-82316.59,-82316.59,-74429.50333333334,-82007.22135040906,-82091.57491070204,-84445.97891601562
cc8c1f2f-9e19-52d7-8ca4-7d49fbfba513,2024-11-01,-101569.22,-88713.65,-88713.65,-81082.96666666666,-88265.60075958417,-88364.75596791544,-90888.66049804687
cd1bf6a0-1a5d-51e3-a33c-b9ef796a60d5,2022-01-01,-8016.41,,-13252.345000000001,-13252.345000000001,-599.9161128181978,-584.6049202465573,-976.0215454101562
cd1bf6a0-1a5d-51e3-a33c-b9ef796a60d5,2022-02-01,126669.35,-8016.41,-8016.41,-8016.41,-8531.851259477025,-8531.454847408797,-8151.360057983398
cd1bf6a0-1a5d-51e3-a33c-b9ef796a60d5,2022-03-01,50488.9,126669.35,126669.35,59326.47,124829.06897205707,124962.60613385796,124856.23256835938
cd1bf6a0-1a5d-51e3-a33c-b9ef796a60d5,2022-04-01,82276.84,50488.9,50488.9,56380.613333333335,50108.51920700735,50056.164458197,51397.29990234375
cd1bf6a0-1a5d-51e3-a33c-b9ef796a60d5,2022-05-01,86554.26,82276.84,82276.84,86478.36333333333,80263.17419308363,80394.98844628695,77447.39615234375
cd1bf6a0-1a5d-51e3-a33c-b9ef796a60d5,2022-06-01,67058.92,86554.26,86554.26,73106.66666666666,85601.53158598224,85625.48625037845,86228.45619750976
cd1bf6a0-1a5d-51e3-a33c-b9ef796a60d5,2022-07-01,183524.02,67058.92,67058.92,78630.00666666667,65383.63354850813,65476.65896326105,60921.529375
cd1bf6a0-1a5d-51e3-a33c-b9ef796a60d5,2022-08-01,136499.84,183524.02,183524.02,112379.06666666667,179827.504317022,180132.53945378217,177400.21921875
cd1bf6a0-1a5d-51e3-a33c-b9ef796a60d5,2022-09-01,92029.28,136499.84,136499.84,129027.59333333332,134293.29483623354,134431.84740462282,130565.77359375
cd1bf6a0-1a5d-51e3-a33c-b9ef796a60d5,2022-10-01,-47536.3,92029.28,92029.28,137351.04666666666,89939.9864639124,90072.08638958873,85603.43087890625
cd1bf6a0-1a5d-51e3-a33c-b9ef796a60d5,2022-11-01,60609.96,-47536.3,-47536.3,60330.94,-46074.87265769531,-46325.044734301606,-42174.471875
cd1bf6a0-1a5d-51e3-a33c-b9ef796a60d5,2022-12-01,8276.81,60609.96,60609.96,35034.31333333333,59439.60899925516,59479.05958702935,66101.03666015624
cd1bf6a0-1a5d-51e3-a33c-b9ef796a60d5,2023-01-01,41605.87,8276.81,8276.81,7116.823333333334,8841.539112456187,8686.813543471964,16119.226015625
cd1bf6a0-1a5d-51e3-a33c-b9ef796a60d5,2023-02-01,37337.28,41605.87,41605.87,36830.88,39843.60921044749,39953.12175232552,42339.71283447266
cd1bf6a0-1a5d-51e3-a33c-b9ef796a60d5,2023-03-01,79674.9,37337.28,37337.28,29073.319999999996,36472.42739037039,36488.08423650203,43932.1442578125
cd1bf6a0-1a5d-51e3-a33c-b9ef796a60d5,2023-04-01,85998.06,79674.9,79674.9,52872.68333333333,77546.09605161427,77686.86206174697,80258.08621826171
cd1bf6a0-1a5d-51e3-a33c-b9ef796a60d5,2023-05-01,186333.84,85998.06,85998.06,67670.08,84004.88100540185,84140.48608032863,81658.604921875
cd1bf6a0-1a5d-51e3-a33c-b9ef796a60d5,2023-06-01,19604.2,186333.84,186333.84,117335.60000000002,181979.88956506233,182361.49914373294,181365.61294921875
cd1bf6a0-1a5d-51e3-a33c-b9ef796a60d5,2023-07-01,41399.54,19604.2,19604.2,97312.03333333333,19574.723485915893,19472.65615805917,22944.54619140625
cd1bf6a0-1a5d-51e3-a33c-b9ef796a60d5,2023-08-01,2807.97,41399.54,41399.54,82445.86,39945.36950208101,40011.01088540867,43927.73091796875
cd1bf6a0-1a5d-51e3-a33c-b9ef796a60d5,2023-09-01,-11032.91,2807.97,2807.97,21270.570000000003,3465.2546362533494,3310.820735316987,9129.12380859375
cd1bf6a0-1a5d-51e3-a33c-b9ef796a60d5,2023-10-01,-238.16,-11032.91,-11032.91,11058.199999999999,-11274.114438012406,-11327.50500076174,-4422.923671875
cd1bf6a0-1a5d-51e3-a33c-b9ef796a60d5,2023-11-01,6144.01,-238.16,-238.16,-2821.0333333333333,-449.1851750911974,-501.606627368025,7428.04751953125
cd1bf6a0-1a5d-51e3-a33c-b9ef796a60d5,2023-12-01,124037.88,6144.01,6144.01,-1709.0199999999998,5641.486649044891,5611.583947714901,11357.01830078125
cd1bf6a0-1a5d-51e3-a33c-b9ef796a60d5,2024-01-01,28948.64,124037.88,124037.88,43314.57666666667,120977.93819127437,121207.61604546495,118680.034296875
cd1bf6a0-1a5d-51e3-a33c-b9ef796a60d5,2024-02-01,-26322.21,28948.64,28948.64,53043.51000000001,28272.317430956413,28244.527509260308,29285.602890625
cd1bf6a0-1a5d-51e3-a33c-b9ef796a60d5,2024-03-01,-25579.82,-26322.21,-26322.21,42221.43666666667,-26700.169235653935,-26753.756112276642,-19064.59720703125
cd1bf6a0-1a5d-51e3-a33c-b9ef796a60d5,2024-04-01,44069.35,-25579.82,-25579.82,-7651.13,-25035.60470154542,-25180.147394726184,-17756.052421875
cd1bf6a0-1a5d-51e3-a33c-b9ef796a60d5,2024-05-01,29144.97,44069.35,44069.35,-2610.8933333333334,42861.562109215214,42909.15471002075,39739.180078125
cd1bf6a0-1a5d-51e3-a33c-b9ef796a60d5,2024-06-01,33881.38,29144.97,29144.97,15878.16666666667,28346.886238311537,28339.392309605264,26054.92068359375
cd1bf6a0-1a5d-51e3-a33c-b9ef796a60d5,2024-07-01,148427.43,33881.38,33881.38,35698.566666666666,32442.575757649844,32512.025651045722,34352.265955810544
cd1bf6a0-1a5d-51e3-a33c-b9ef796a60d5,2024-08-01,202221.41,148427.43,148427.43,70484.59333333334,144693.59978280592,145008.4905552357,144422.46173828124
cd1bf6a0-1a5d-51e3-a33c-b9ef796a60d5,2024-09-01,69811.21,202221.41,202221.41,128176.73999999999,197630.50785908362,198032.90404251483,197637.84017578125
cd1bf6a0-1a5d-51e3-a33c-b9ef796a60d5,2024-10-01,115256.05,69811.21,69811.21,140153.35,67924.29159641212,68031.27018010995,65319.09525390626
cd1bf6a0-1a5d-51e3-a33c-b9ef796a60d5,2024-11-01,69953.15,115256.05,115256.05,129096.22333333334,112505.8938773234,112733.50058405721,115169.06285552979
d0ed93ef-1a78-5269-b966-f0a026bcb781,2022-01-01,373.88,,-13252.345000000001,-13252.345000000001,-599.9161128181978,-584.6049202465573,-976.0215454101562
d0ed93ef-1a78-5269-b966-f0a026bcb781,2022-02-01,363.64,373.88,373.88,373.88,-245.93334051952672,-231.33300138948448,-367.7016650390625
d0ed93ef-1a78-5269-b966-f0a026bcb781,2022-03-01,-3054.85,363.64,363.64,368.76,-289.4318028535473,-270.49640594322284,-663.861220703125
d0ed93ef-1a78-5269-b966-f0a026bcb781,2022-04-01,-4443.19,-3054.85,-3054.85,-772.4433333333333,-3649.821217091928,-3639.06779669543,-3989.7351318359374
d0ed93ef-1a78-5269-b966-f0a026bcb781,2022-05-01,-3465.46,-4443.19,-4443.19,-2378.1333333333328,-4999.86515224946,-4993.740338828864,-5646.253110351562
d0ed93ef-1a78-5269-b966-f0a026bcb781,2022-06-01,-2592.73,-3465.46,-3465.46,-3654.5,-4179.179857383791,-4152.542792148505,-3503.090958557129
d0ed93ef-1a78-5269-b966-f0a026bcb781,2022-07-01,-5798.19,-2592.73,-2592.73,-3500.4600000000005,-3131.367260521097,-3131.259744065822,-2601.5269312667847
d0ed93ef-1a78-5269-b966-f0a026bcb781,2022-08-01,-1623.75,-5798.19,-5798.19,-3952.126666666667,-6266.368563597332,-6272.460736351992,-5096.481564941406
d0ed93ef-1a78-5269-b966-f0a026bcb781,2022-09-01,4671.32,-1623.75,-1623.75,-3338.2233333333334,-2196.5091752199028,-2189.0459394118293,-1589.209831237793
d0ed93ef-1a78-5269-b966-f0a026bcb781,2022-10-01,-365.16,4671.32,4671.32,-916.8733333333333,4034.988216419254,4045.5987321256807,2485.2069628906247
d0ed93ef-1a78-5269-b966-f0a026bcb781,2022-11-01,-1834.58,-365.16,-365.16,894.1366666666667,-988.4179263595679,-983.6833688285301,-989.0130883789063
d0ed93ef-1a78-5269-b966-f0a026bcb781,2022-12-01,937.45,-1834.58,-1834.58,823.86,-2177.7526958190233,-2208.2192532511426,-1687.8993817138671
d0ed93ef-1a78-5269-b966-f0a026bcb781,2023-01-01,-378.36,937.45,937.45,-420.7633333333333,462.7066252934669,445.7352961793077,391.6938354492188
d0ed93ef-1a78-5269-b966-f0a026bcb781,2023-02-01,-910.44,-378.36,-378.36,-425.16333333333324,-647.2288182353566,-693.7140691490282,-527.8280328369141
d0ed93ef-1a78-5269-b966-f0a026bcb781,2023-03-01,-490.39,-910.44,-910.44,-117.11666666666672,-1350.0939458002094,-1372.2230566370156,-937.243077697754
d0ed93ef-1a78-5269-b966-f0a026bcb781,2023-04-01,-396.78,-490.39,-490.39,-593.0633333333334,-983.8633150608475,-994.5122256895866,-597.400368347168
d0ed93ef-1a78-5269-b966-f0a026bcb781,2023-05-01,-674.54,-396.78,-396.78,-599.2033333333334,-774.5526405143894,-798.6424438896222,-461.3386242675781
d0ed93ef-1a78-5269-b966-f0a026bcb781,2023-06-01,164.73,-674.54,-674.54,-520.57,-1112.990816967455,-1127.7723549868992,-636.8005819702148
d0ed93ef-1a78-5269-b966-f0a026bcb781,2023-07-01,-1373.99,164.73,164.73,-302.19666666666666,-474.4671407179412,-461.3086093845518,77.70309112548827
d0ed93ef-1a78-5269-b966-f0a026bcb781,2023-08-01,-2796.91,-1373.99,-1373.99,-627.9333333333333,-1985.797442439577,-1979.0189870955564,-1220.7916510009766
d0ed93ef-1a78-5269-b966-f0a026bcb781,2023-09-01,-1943.13,-2796.91,-2796.91,-1335.3899999999999,-3239.614802583221,-3253.063518898532,-2796.2213293647765
d0ed93ef-1a78-5269-b966-f0a026bcb781,2023-10-01,-2441.04,-1943.13,-1943.13,-2038.01,-2435.795003246159,-2443.030177718568,-2050.4367169189454
d0ed93ef-1a78-5269-b966-f0a026bcb781,2023-11-01,-2151.84,-2441.04,-2441.04,-2393.693333333333,-2923.5207300535108,-2932.541466531645,-2238.814627685547
d0ed93ef-1a78-5269-b966-f0a026bcb781,2023-12-01,-43.06,-2151.84,-2151.84,-2178.67,-2686.696899245209,-2687.3175499851577,-2131.8701361083986
d0ed93ef-1a78-5269-b966-f0a026bcb781,2024-01-01,-610.41,-43.06,-43.06,-1545.3133333333335,-609.4647276268649,-606.3284768921212,-228.53750854492188
d0ed93ef-1a78-5269-b966-f0a026bcb781,2024-02-01,-71.21,-610.41,-610.41,-935.1033333333335,-1276.6377093702883,-1259.5385208458008,-778.5933038330078
d0ed93ef-1a78-5269-b966-f0a026bcb781,2024-03-01,-245.19,-71.21,-71.21,-241.56000000000003,-885.8749024379496,-850.9241733624627,-410.9956750488281
d0ed93ef-1a78-5269-b966-f0a026bcb781,2024-04-01,-375.69,-245.19,-245.19,-308.93666666666667,-1007.2545505762635,-978.5665497710777,-271.52015060424804
d0ed93ef-1a78-5269-b966-f0a026bcb781,2024-05-01,-29.59,-375.69,-375.69,-230.6966666666667,-1082.4107195690374,-1060.9236816616349,-502.687802734375
d0ed93ef-1a78-5269-b966-f0a026bcb781,2024-06-01,-555.7,-29.59,-29.59,-216.82333333333335,-738.1084262257477,-716.8433088018575,2.723488006591797
d0ed93ef-1a78-5269-b966-f0a026bcb781,2024-07-01,-3188.41,-555.7,-555.7,-320.32666666666665,-1287.5106479644116,-1262.2449879557344,-866.5522033691407
d0ed93ef-1a78-5269-b966-f0a026bcb781,2024-08-01,-7190.6,-3188.41,-3188.41,-1257.8999999999999,-3716.753829226176,-3715.7595539425547,-3303.6160928344725
d0ed93ef-1a78-5269-b966-f0a026bcb781,2024-09-01,-4795.13,-7190.6,-7190.6,-3644.9033333333336,-7610.19407706846,-7619.5830837494495,-7133.073670959473
d0ed93ef-1a78-5269-b966-f0a026bcb781,2024-10-01,-7088.12,-4795.13,-4795.13,-5058.046666666666,-5372.976913974045,-5364.013195209143,-5097.873621826172
d0ed93ef-1a78-5269-b966-f0a026bcb781,2024-11-01,-7272.48,-7088.12,-7088.12,-6357.95,-7558.118776266001,-7561.053864757996,-7225.701756591797
d3f9235c-a7ec-5726-9dfa-82402b762c50,2022-01-01,-6320.6,,-13252.345000000001,-13252.345000000001,-599.9161128181978,-584.6049202465573,-976.0215454101562
d3f9235c-a7ec-5726-9dfa-82402b762c50,2022-02-01,-10122.27,-6320.6,-6320.6,-6320.6,-6692.362066348921,-6708.650171646941,-9383.5072265625
d3f9235c-a7ec-5726-9dfa-82402b762c50,2022-03-01,-20409.57,-10122.27,-10122.27,-8221.435000000001,-10665.680598188268,-10657.667755517665,-14747.80662109375
d3f9235c-a7ec-5726-9dfa-82402b762c50,2022-04-01,-27538.21,-20409.57,-20409.57,-12284.146666666667,-20634.56391046445,-20667.132084332225,-25674.43474609375
d3f9235c-a7ec-5726-9dfa-82402b762c50,2022-05-01,-27782.73,-27538.21,-27538.21,-19356.683333333334,-27793.89673350949,-27820.99920502279,-31726.58939453125
d3f9235c-a7ec-5726-9dfa-82402b762c50,2022-06-01,-29526.02,-27782.73,-27782.73,-25243.503333333338,-28178.86742042006,-28187.046970150357,-29575.156025390625
d3f9235c-a7ec-5726-9dfa-82402b762c50,2022-07-01,-32913.16,-29526.02,-29526.02,-28282.319999999996,-29670.026200777313,-29705.867968973205,-30253.500834960938
d3f9235c-a7ec-5726-9dfa-82402b762c50,2022-08-01,-33424.98,-32913.16,-32913.16,-30073.97,-33038.174288182745,-33075.98097849058,-33201.18197265625
d3f9235c-a7ec-5726-9dfa-82402b762c50,2022-09-01,-33325.23,-33424.98,-33424.98,-31954.720000000005,-33682.39701695083,-33704.74455430381,-33437.05493782044
d3f9235c-a7ec-5726-9dfa-82402b762c50,2022-10-01,-32619.76,-33325.23,-33325.23,-33221.12333333334,-33684.73205901388,-33694.86987594701,-33558.23088500977
d3f9235c-a7ec-5726-9dfa-82402b762c50,2022-11-01,-31590.62,-32619.76,-32619.76,-33123.323333333334,-33021.16723163155,-33027.432290859266,-32646.671754608153
d3f9235c-a7ec-5726-9dfa-82402b762c50,2022-12-01,-27744.16,-31590.62,-31590.62,-32511.87,-32008.751169250125,-32013.20325578017,-31592.645536775588
d3f9235c-a7ec-5726-9dfa-82402b762c50,2023-01-01,-29352.1,-27744.16,-27744.16,-30651.513333333332,-28213.691942831865,-28214.76698624152,-28966.366298828125
d3f9235c-a7ec-5726-9dfa-82402b762c50,2023-02-01,-30867.85,-29352.1,-29352.1,-29562.29333333333,-29880.72112308574,-29873.63483353498,-30474.237573242186
d3f9235c-a7ec-5726-9dfa-82402b762c50,2023-03-01,-32661.19,-30867.85,-30867.85,-29321.37,-31330.431758446237,-31331.474225266462,-32101.885400390624
d3f9235c-a7ec-5726-9dfa-82402b762c50,2023-04-01,-34805.91,-32661.19,-32661.19,-30960.379999999994,-33026.23865863505,-33037.564728981124,-34136.10296386719
d3f9235c-a7ec-5726-9dfa-82402b762c50,2023-05-01,-33662.35,-34805.91,-34805.91,-32778.31666666667,-35018.50192907,-35046.68764874501,-34984.16253295899
d3f9235c-a7ec-5726-9dfa-82402b762c50,2023-06-01,-33249.58,-33662.35,-33662.35,-33709.81666666667,-33937.66515260132,-33960.02140843686,-33510.59166870117
d3f9235c-a7ec-5726-9dfa-82402b762c50,2023-07-01,-32477.15,-33249.58,-33249.58,-33905.94666666666,-33588.55035526673,-33602.201429553534,-33543.35536010742
d3f9235c-a7ec-5726-9dfa-82402b762c50,2023-08-01,-35490.17,-32477.15,-32477.15,-33129.693333333336,-32830.04379785778,-32841.06600313153,-33431.19022216797
d3f9235c-a7ec-5726-9dfa-82402b762c50,2023-09-01,-34135.23,-35490.17,-35490.17,-33738.96666666667,-35564.19953206657,-35611.558766899034,-35498.025132102965
d3f9235c-a7ec-5726-9dfa-82402b762c50,2023-10-01,-34804.38,-34135.23,-34135.23,-34034.18333333333,-34498.868631445635,-34508.81943515739,-34122.826824646
d3f9235c-a7ec-5726-9dfa-82402b762c50,2023-11-01,-35082.88,-34804.38,-34804.38,-34809.926666666666,-35089.33731558798,-35107.9482368854,-35015.506663208005
d3f9235c-a7ec-5726-9dfa-82402b762c50,2023-12-01,-28677.93,-35082.88,-35082.88,-34674.16333333333,-35378.861756930564,-35397.89814290533,-34896.173167114255
d3f9235c-a7ec-5726-9dfa-82402b762c50,2024-01-01,-32657.74,-28677.93,-28677.93,-32855.06333333333,-28941.020963459046,-28970.192033643332,-29603.990974121094
d3f9235c-a7ec-5726-9dfa-82402b762c50,2024-02-01,-32414.76,-32657.74,-32657.74,-32139.516666666663,-32983.32488411978,-33001.74920618026,-32732.39008544922
d3f9235c-a7ec-5726-9dfa-82402b762c50,2024-03-01,-31755.38,-32414.76,-32414.76,-31250.14333333333,-32846.967556454234,-32852.17756654118,-32537.19228149414
d3f9235c-a7ec-5726-9dfa-82402b762c50,2024-04-01,-31299.47,-31755.38,-31755.38,-32275.960000000003,-32126.77504113223,-32138.566816638824,-31934.541087036134
d3f9235c-a7ec-5726-9dfa-82402b762c50,2024-05-01,-31868.36,-31299.47,-31299.47,-31823.203333333335,-31716.508987019573,-31722.961653668342,-31719.274290771486
d3f9235c-a7ec-5726-9dfa-82402b762c50,2024-06-01,-32663.9,-31868.36,-31868.36,-31641.070000000003,-32238.34921340676,-32249.960303255102,-32387.58900390625
d3f9235c-a7ec-5726-9dfa-82402b762c50,2024-07-01,-36892.8,-32663.9,-32663.9,-31943.910000000003,-33000.93808711911,-33013.93467363479,-32793.84343566895
d3f9235c-a7ec-5726-9dfa-82402b762c50,2024-08-01,-35962.34,-36892.8,-36892.8,-33808.35333333334,-37046.19146348143,-37081.60216285655,-38217.78413085938
d3f9235c-a7ec-5726-9dfa-82402b762c50,2024-09-01,-32561.2,-35962.34,-35962.34,-35173.013333333336,-36147.02947427436,-36179.65148192975,-37774.60623535156
d3f9235c-a7ec-5726-9dfa-82402b762c50,2024-10-01,-19829.63,-32561.2,-32561.2,-35138.78,-32769.73422094492,-32801.68757751332,-33205.26915283203
d3f9235c-a7ec-5726-9dfa-82402b762c50,2024-11-01,-20957.5,-19829.63,-19829.63,-29451.056666666667,-20498.77769759365,-20480.89978641426,-21061.8633984375
da878f9a-6f71-51f7-9513-fab128071328,2022-01-01,-70588.1,,-13252.345000000001,-13252.345000000001,-599.9161128181978,-584.6049202465573,-976.0215454101562
da878f9a-6f71-51f7-9513-fab128071328,2022-02-01,-88224.35,-70588.1,-70588.1,-70588.1,-70627.64881871214,-70682.0057919964,-71344.12661132813
da878f9a-6f71-51f7-9513-fab128071328,2022-03-01,-103324.86,-88224.35,-88224.35,-79406.225,-88280.69744661449,-88332.5387648535,-90284.53896484376
da878f9a-6f71-51f7-9513-fab128071328,2022-04-01,-101267.26,-103324.86,-103324.86,-87379.10333333335,-102679.76442321962,-102805.77482679798,-104269.0568383789
da878f9a-6f71-51f7-9513-fab128071328,2022-05-01,-102650.05,-101267.26,-101267.26,-97605.48999999999,-100910.2401153036,-101002.66707980742,-103670.65672851562
da878f9a-6f71-51f7-9513-fab128071328,2022-06-01,-106542.3,-102650.05,-102650.05,-102414.05666666666,-102294.19984737303,-102387.22991559775,-105361.84858398438
da878f9a-6f71-51f7-9513-fab128071328,2022-07-01,-102886.29,-106542.3,-106542.3,-103486.53666666667,-105981.37793759255,-106096.00471541255,-103916.37299804688
da878f9a-6f71-51f7-9513-fab128071328,2022-08-01,-98583.27,-102886.29,-102886.29,-104026.21333333333,-102515.34746173631,-102606.98367265836,-103399.67482666015
da878f9a-6f71-51f7-9513-fab128071328,2022-09-01,-124721.54,-98583.27,-98583.27,-102670.62,-98293.51050860254,-98380.16993353795,-99961.39329101563
da878f9a-6f71-51f7-9513-fab128071328,2022-10-01,-125584.43,-124721.54,-124721.54,-108730.36666666665,-123813.34006756997,-123970.073014111,-124214.10121826171
da878f9a-6f71-51f7-9513-fab128071328,2022-11-01,-114526.07,-125584.43,-125584.43,-116296.41333333333,-124939.67719067371,-125060.7519331213,-126494.60779541015
da878f9a-6f71-51f7-9513-fab128071328,2022-12-01,-116242.15,-114526.07,-114526.07,-121610.68,-113867.02682910685,-113995.23028889208,-115137.97106201173
da878f9a-6f71-51f7-9513-fab128071328,2023-01-01,-133880.23,-116242.15,-116242.15,-118784.21666666667,-115590.45234524406,-115719.95638915645,-118378.8501953125
da878f9a-6f71-51f7-9513-fab128071328,2023-02-01,-136140.52,-133880.23,-133880.23,-121549.48333333334,-133090.2978371158,-133229.0537156487,-134848.4978833008
da878f9a-6f71-51f7-9513-fab128071328,2023-03-01,-144693.43,-136140.52,-136140.52,-128754.3,-135373.94269136337,-135509.7475504579,-136859.7539477539
da878f9a-6f71-51f7-9513-fab128071328,2023-04-01,-142939.42,-144693.43,-144693.43,-138238.05999999997,-143734.84524066886,-143888.99207934813,-145493.06604736327
da878f9a-6f71-51f7-9513-fab128071328,2023-05-01,-147540.3,-142939.42,-142939.42,-141257.79,-142078.68884335263,-142223.39717553472,-144676.95173828126
da878f9a-6f71-51f7-9513-fab128071328,2023-06-01,-145941.83,-147540.3,-147540.3,-145057.71666666665,-146557.33832598952,-146714.86309246204,-147954.62958984374
da878f9a-6f71-51f7-9513-fab128071328,2023-07-01,-132676.62,-145941.83,-145941.83,-145473.85,-145165.63175782366,-145299.11878473943,-146103.06516845702
da878f9a-6f71-51f7-9513-fab128071328,2023-08-01,-133724.17,-132676.62,-132676.62,-142052.91666666666,-132127.29343032805,-132240.37202058936,-134997.3748828125
da878f9a-6f71-51f7-9513-fab128071328,2023-09-01,-157983.03,-133724.17,-133724.17,-137447.54,-133082.9166750844,-133205.95520019607,-136899.7586230469
da878f9a-6f71-51f7-9513-fab128071328,2023-10-01,-167194.59,-157983.03,-157983.03,-141461.27333333335,-156882.6875091704,-157056.8248748774,-158775.71292236328
da878f9a-6f71-51f7-9513-fab128071328,2023-11-01,-170527.41,-167194.59,-167194.59,-152967.26333333334,-166030.43028837224,-166206.6821990216,-166591.07822021484
da878f9a-6f71-51f7-9513-fab128071328,2023-12-01,-144787.08,-170527.41,-170527.41,-165235.01,-169274.32255633798,-169457.95575908077,-169523.52163330078
da878f9a-6f71-51f7-9513-fab128071328,2024-01-01,-160893.47,-144787.08,-144787.08,-160836.36,-143888.56050230312,-144042.81106605995,-147388.29069335936
da878f9a-6f71-51f7-9513-fab128071328,2024-02-01,-175674.98,-160893.47,-160893.47,-158735.98666666666,-159763.15129022344,-159940.09671584092,-162479.70974609375
da878f9a-6f71-51f7-9513-fab128071328,2024-03-01,-155539.89,-175674.98,-175674.98,-160451.84333333335,-174540.27473170625,-174714.54771425357,-174180.56203125
da878f9a-6f71-51f7-9513-fab128071328,2024-04-01,-144836.11,-155539.89,-155539.89,-164036.1133333333,-154579.1112734318,-154737.6281068527,-155383.71072448732
da878f9a-6f71-51f7-9513-fab128071328,2024-05-01,-152914.07,-144836.11,-144836.11,-158683.66,-144222.68432518226,-144341.98998514205,-147608.60584960936
da878f9a-6f71-51f7-9513-fab128071328,2024-06-01,-158096.59,-152914.07,-152914.07,-151096.69,-152186.3140970987,-152318.56581244263,-155783.92961914063
da878f9a-6f71-51f7-9513-fab128071328,2024-07-01,-135251.75,-158096.59,-158096.59,-151948.92333333334,-157244.83862925982,-157388.76987192038,-157793.78088745117
da878f9a-6f71-51f7-9513-fab128071328,2024-08-01,-119430.69,-135251.75,-135251.75,-148754.13666666666,-134755.03674268973,-134863.36599133135,-136815.48999023438
da878f9a-6f71-51f7-9513-fab128071328,2024-09-01,-119275.19,-119430.69,-119430.69,-137593.01,-119101.88627074244,-119197.04685386439,-121354.94537109375
da878f9a-6f71-51f7-9513-fab128071328,2024-10-01,-84467.27,-119275.19,-119275.19,-124652.54333333333,-119084.28698234631,-119161.76981018955,-121141.28643554688
da878f9a-6f71-51f7-9513-fab128071328,2024-11-01,-78262.9,-84467.27,-84467.27,-107724.38333333335,-84888.10670595526,-84901.56114148044,-86566.03708984375
dbe2a59a-5d97-5c37-aa02-3d31079f8256,2022-01-01,-2326.25,,-13252.345000000001,-13252.345000000001,-599.9161128181978,-584.6049202465573,-976.0215454101562
dbe2a59a-5d97-5c37-aa02-3d31079f8256,2022-02-01,-13850.72,-2326.25,-2326.25,-2326.25,-2856.178338186643,-2850.8095574596373,-6069.064697265625
dbe2a59a-5d97-5c37-aa02-3d31079f8256,2022-03-01,-19754.18,-13850.72,-13850.72,-8088.485,-14233.62897144346,-14246.17800235609,-18561.6233203125
dbe2a59a-5d97-5c37-aa02-3d31079f8256,2022-04-01,-20127.41,-19754.18,-19754.18,-11977.050000000001,-20143.99966106897,-20153.3706184598,-22848.459052734375
dbe2a59a-5d97-5c37-aa02-3d31079f8256,2022-05-01,-21986.0,-20127.41,-20127.41,-17910.77,-20546.281542095036,-20551.839081573802,-21304.671840820312
dbe2a59a-5d97-5c37-aa02-3d31079f8256,2022-06-01,-23536.29,-21986.0,-21986.0,-20622.530000000002,-22443.183332312834,-22443.34201773864,-23390.369018554688
dbe2a59a-5d97-5c37-aa02-3d31079f8256,2022-07-01,-23742.9,-23536.29,-23536.29,-21883.233333333334,-23714.608017082865,-23748.512146254983,-23708.45539001465
dbe2a59a-5d97-5c37-aa02-3d31079f8256,2022-08-01,-22971.79,-23742.9,-23742.9,-23088.396666666667,-24094.623726530277,-24105.956660349784,-23796.87677230835
dbe2a59a-5d97-5c37-aa02-3d31079f8256,2022-09-01,-32102.0,-22971.79,-22971.79,-23416.993333333336,-23410.8253107618,-23413.32672892357,-23328.724967041016
dbe2a59a-5d97-5c37-aa02-3d31079f8256,2022-10-01,-28420.28,-32102.0,-32102.0,-26272.23,-32182.903676437047,-32230.824594378344,-29741.46923828125
dbe2a59a-5d97-5c37-aa02-3d31079f8256,2022-11-01,-25004.84,-28420.28,-28420.28,-27831.35666666667,-28790.024526964517,-28801.702084954723,-26927.113374023436
dbe2a59a-5d97-5c37-aa02-3d31079f8256,2022-12-01,-18929.24,-25004.84,-25004.84,-28509.039999999997,-25422.289538336776,-25429.865444727082,-23563.738681640625
dbe2a59a-5d97-5c37-aa02-3d31079f8256,2023-01-01,-19912.92,-18929.24,-18929.24,-24118.12,-19552.523055120597,-19539.28727370532,-19666.515512695314
dbe2a59a-5d97-5c37-aa02-3d31079f8256,2023-02-01,-25744.32,-19912.92,-19912.92,-21282.333333333332,-20448.282756196022,-20445.396590630557,-21854.480791015623
dbe2a59a-5d97-5c37-aa02-3d31079f8256,2023-03-01,-24746.99,-25744.32,-25744.32,-21528.826666666664,-26048.790147288615,-26073.3666746342,-24135.086479492187
dbe2a59a-5d97-5c37-aa02-3d31079f8256,2023-04-01,-23675.81,-24746.99,-24746.99,-23468.076666666664,-25360.675685793096,-25344.778900021807,-24128.75940917969
dbe2a59a-5d97-5c37-aa02-3d31079f8256,2023-05-01,-23057.94,-23675.81,-23675.81,-24722.373333333333,-24178.921316649583,-24175.69192427722,-23703.97682815552
dbe2a59a-5d97-5c37-aa02-3d31079f8256,2023-06-01,-24358.44,-23057.94,-23057.94,-23826.913333333334,-23489.148306223393,-23495.737387551388,-23679.582761230467
dbe2a59a-5d97-5c37-aa02-3d31079f8256,2023-07-01,-23990.88,-24358.44,-24358.44,-23697.396666666667,-24751.049778123943,-24758.96918292325,-24657.399411621092
dbe2a59a-5d97-5c37-aa02-3d31079f8256,2023-08-01,-23430.09,-23990.88,-23990.88,-23802.42,-24468.85819395501,-24466.407872096683,-24256.312037353517
dbe2a59a-5d97-5c37-aa02-3d31079f8256,2023-09-01,-29263.84,-23430.09,-23430.09,-23926.47,-23979.597216656657,-23969.50607112943,-23944.843540039063
dbe2a59a-5d97-5c37-aa02-3d31079f8256,2023-10-01,-26439.1,-29263.84,-29263.84,-25561.603333333333,-29480.03731605425,-29511.474710883223,-26965.705478515625
dbe2a59a-5d97-5c37-aa02-3d31079f8256,2023-11-01,-25764.44,-26439.1,-26439.1,-26377.676666666666,-26842.43382789286,-26850.58936413149,-25606.593041992186
dbe2a59a-5d97-5c37-aa02-3d31079f8256,2023-12-01,-18886.74,-25764.44,-25764.44,-27155.79333333333,-26116.57260694959,-26131.775944290464,-24887.524655761717
dbe2a59a-5d97-5c37-aa02-3d31079f8256,2024-01-01,-18756.2,-18886.74,-18886.74,-23696.76,-19503.698256919426,-19490.73847690724,-19288.08588623047
dbe2a59a-5d97-5c37-aa02-3d31079f8256,2024-02-01,-25272.51,-18756.2,-18756.2,-21135.793333333335,-19385.793379733354,-19369.490029386685,-20744.1638671875
dbe2a59a-5d97-5c37-aa02-3d31079f8256,2024-03-01,-25549.03,-25272.51,-25272.51,-20971.816666666666,-25545.37999986137,-25573.47154176294,-24017.30504394531
dbe2a59a-5d97-5c37-aa02-3d31079f8256,2024-04-01,-23155.72,-25549.03,-25549.03,-23192.579999999998,-25987.90950403514,-25992.664650776547,-25377.503892211913
dbe2a59a-5d97-5c37-aa02-3d31079f8256,2024-05-01,-22143.64,-23155.72,-23155.72,-24659.086666666666,-23608.56609313715,-23611.831196369018,-22654.269530029298
dbe2a59a-5d97-5c37-aa02-3d31079f8256,2024-06-01,-23163.1,-22143.64,-22143.64,-23616.13,-22625.74313144409,-22625.949234219406,-22611.025650634765
dbe2a59a-5d97-5c37-aa02-3d31079f8256,2024-07-01,-26874.5,-23163.1,-23163.1,-22820.819999999996,-23562.717734276615,-23572.031077370957,-23845.08712158203
dbe2a59a-5d97-5c37-aa02-3d31079f8256,2024-08-01,-22074.16,-26874.5,-26874.5,-24060.41333333333,-27194.89036128781,-27211.501082643503,-27312.485961914062
dbe2a59a-5d97-5c37-aa02-3d31079f8256,2024-09-01,-25565.41,-22074.16,-22074.16,-24037.253333333338,-22557.60397116407,-22557.960590253373,-24028.575161132812
dbe2a59a-5d97-5c37-aa02-3d31079f8256,2024-10-01,-24634.45,-25565.41,-25565.41,-24838.023333333334,-25849.116515931586,-25872.805934631808,-25241.121822509765
dbe2a59a-5d97-5c37-aa02-3d31079f8256,2024-11-01,-19553.18,-24634.45,-24634.45,-24091.34,-25008.940855808898,-25021.469113779734,-25655.171252441407
dbfafff9-3757-5fe4-b1c6-fad0cdfadabf,2022-01-01,-1776.73,,-13252.345000000001,-13252.345000000001,-599.9161128181978,-584.6049202465573,-976.0215454101562
dbfafff9-3757-5fe4-b1c6-fad0cdfadabf,2022-02-01,-17233.65,-1776.73,-1776.73,-1776.73,-2284.2215483298737,-2280.6692237676225,-3469.7005810546875
dbfafff9-3757-5fe4-b1c6-fad0cdfadabf,2022-03-01,-20938.1,-17233.65,-17233.65,-9505.19,-17786.37464996247,-17760.971004762745,-18978.833227539064
dbfafff9-3757-5fe4-b1c6-fad0cdfadabf,2022-04-01,-23690.31,-20938.1,-20938.1,-13316.160000000002,-21345.84314212949,-21355.23376981616,-24393.66884765625
dbfafff9-3757-5fe4-b1c6-fad0cdfadabf,2022-05-01,-30821.68,-23690.31,-23690.31,-20620.68666666667,-23973.69348286136,-23993.915589098022,-26792.694765625
dbfafff9-3757-5fe4-b1c6-fad0cdfadabf,2022-06-01,-36404.97,-30821.68,-30821.68,-25150.03,-31066.626264882347,-31093.117405833375,-36749.08380859375
dbfafff9-3757-5fe4-b1c6-fad0cdfadabf,2022-07-01,-41194.37,-36404.97,-36404.97,-30305.653333333332,-36326.33492559103,-36389.664674664135,-41877.36794921875
dbfafff9-3757-5fe4-b1c6-fad0cdfadabf,2022-08-01,-45712.65,-41194.37,-41194.37,-36140.34,-41163.97658874313,-41218.89514203125,-46029.61072265625
dbfafff9-3757-5fe4-b1c6-fad0cdfadabf,2022-09-01,-51823.6,-45712.65,-45712.65,-41103.996666666666,-45704.355604469565,-45755.88590262592,-50672.237890625
dbfafff9-3757-5fe4-b1c6-fad0cdfadabf,2022-10-01,-57466.08,-51823.6,-51823.6,-46243.54,-51717.50785430495,-51781.03318216273,-53514.239038085936
dbfafff9-3757-5fe4-b1c6-fad0cdfadabf,2022-11-01,-62106.18,-57466.08,-57466.08,-51667.44333333333,-57270.65612511568,-57343.56890887399,-62245.6298046875
dbfafff9-3757-5fe4-b1c6-fad0cdfadabf,2022-12-01,-60822.99,-62106.18,-62106.18,-57131.95333333334,-61880.18983436172,-61956.75907927041,-63143.41046875
dbfafff9-3757-5fe4-b1c6-fad0cdfadabf,2023-01-01,-62632.33,-60822.99,-60822.99,-60131.75,-60644.48018174357,-60716.13148521636,-62675.996713867185
dbfafff9-3757-5fe4-b1c6-fad0cdfadabf,2023-02-01,-67786.9,-62632.33,-62632.33,-61853.833333333336,-62597.37266392892,-62648.92103067764,-65649.63053710938
dbfafff9-3757-5fe4-b1c6-fad0cdfadabf,2023-03-01,-73522.82,-67786.9,-67786.9,-63747.40666666667,-67718.30538782754,-67773.45087047465,-68448.13754882812
dbfafff9-3757-5fe4-b1c6-fad0cdfadabf,2023-04-01,-73543.47,-73522.82,-73522.82,-67980.68333333333,-73188.65359936692,-73276.47773295414,-73839.33275634766
dbfafff9-3757-5fe4-b1c6-fad0cdfadabf,2023-05-01,-76132.05,-73543.47,-73543.47,-71617.73,-73491.16062054246,-73543.92664544715,-74377.69302246094
dbfafff9-3757-5fe4-b1c6-fad0cdfadabf,2023-06-01,-83703.98,-76132.05,-76132.05,-74399.44666666667,-75957.86397849828,-76024.06941506003,-77292.49409179688
dbfafff9-3757-5fe4-b1c6-fad0cdfadabf,2023-07-01,-84493.15,-83703.98,-83703.98,-77793.16666666667,-83401.34386810944,-83479.70462604707,-85264.25844238281
dbfafff9-3757-5fe4-b1c6-fad0cdfadabf,2023-08-01,-84419.19,-84493.15,-84493.15,-81443.06,-84223.28035315951,-84300.65525138578,-84232.10373535156
dbfafff9-3757-5fe4-b1c6-fad0cdfadabf,2023-09-01,-85296.78,-84419.19,-84419.19,-84205.44,-84169.15587521854,-84243.88274877945,-85083.83147949219
dbfafff9-3757-5fe4-b1c6-fad0cdfadabf,2023-10-01,-83707.44,-85296.78,-85296.78,-84736.37333333334,-85083.71577554868,-85155.98087790476,-84394.59524658203
dbfafff9-3757-5fe4-b1c6-fad0cdfadabf,2023-11-01,-81684.46,-83707.44,-83707.44,-84474.47,-83479.24981347694,-83553.83238983164,-83789.0311026001
dbfafff9-3757-5fe4-b1c6-fad0cdfadabf,2023-12-01,-74674.69,-81684.46,-81684.46,-83562.89333333334,-81593.40521274357,-81649.76176999156,-81899.98691650391
dbfafff9-3757-5fe4-b1c6-fad0cdfadabf,2024-01-01,-74237.12,-74674.69,-74674.69,-80022.19666666667,-74754.30562031134,-74792.69841393063,-75115.88201660156
dbfafff9-3757-5fe4-b1c6-fad0cdfadabf,2024-02-01,-84940.77,-74237.12,-74237.12,-76865.42333333334,-74382.98508520158,-74415.52360950114,-76078.80310546875
dbfafff9-3757-5fe4-b1c6-fad0cdfadabf,2024-03-01,-85261.59,-84940.77,-84940.77,-77950.86,-84379.05977519232,-84499.04078757795,-85841.1713671875
dbfafff9-3757-5fe4-b1c6-fad0cdfadabf,2024-04-01,-84662.02,-85261.59,-85261.59,-81479.82666666666,-84868.43982726603,-84965.80953907606,-85345.61666473388
dbfafff9-3757-5fe4-b1c6-fad0cdfadabf,2024-05-01,-85652.5,-84662.02,-84662.02,-84954.79333333333,-84443.24669613456,-84515.46403308802,-85194.57645751954
dbfafff9-3757-5fe4-b1c6-fad0cdfadabf,2024-06-01,-85359.27,-85652.5,-85652.5,-85192.03666666667,-85195.04272643624,-85299.58444777608,-85637.75266075134
dbfafff9-3757-5fe4-b1c6-fad0cdfadabf,2024-07-01,-69140.81,-85359.27,-85359.27,-85224.59666666668,-85124.32069350786,-85197.67075807053,-85321.43793060303
dbfafff9-3757-5fe4-b1c6-fad0cdfadabf,2024-08-01,-86706.88,-69140.81,-69140.81,-80050.86,-69011.21548981975,-69082.61986171799,-70926.68060546875
dbfafff9-3757-5fe4-b1c6-fad0cdfadabf,2024-09-01,-75250.26,-86706.88,-86706.88,-80402.32,-86183.1157494437,-86297.26832854813,-86522.04195678711
dbfafff9-3757-5fe4-b1c6-fad0cdfadabf,2024-10-01,-63697.01,-75250.26,-75250.26,-77032.65000000001,-75112.70103823638,-75184.80680547678,-75336.60326171874
dbfafff9-3757-5fe4-b1c6-fad0cdfadabf,2024-11-01,-78918.06,-63697.01,-63697.01,-75218.05,-63897.78412982376,-63928.644750646614,-65908.85155273438
dcd2cf83-ad11-5b1d-9dad-52ecdb72db71,2022-01-01,5387.9,,-13252.345000000001,-13252.345000000001,-599.9161128181978,-584.6049202465573,-976.0215454101562
dcd2cf83-ad11-5b1d-9dad-52ecdb72db71,2022-02-01,4630.37,5387.9,5387.9,5387.9,4660.1184491401245,4688.770125622425,4571.631018066406
dcd2cf83-ad11-5b1d-9dad-52ecdb72db71,2022-03-01,5351.09,4630.37,4630.37,5009.135,4029.4665312913407,4041.449282770714,4271.958806152344
dcd2cf83-ad11-5b1d-9dad-52ecdb72db71,2022-04-01,3713.5,5351.09,5351.09,5123.12,4621.894976079716,4648.047598517166,4479.97916015625
dcd2cf83-ad11-5b1d-9dad-52ecdb72db71,2022-05-01,3854.57,3713.5,3713.5,4564.986666666667,2952.1263354473626,2983.3470562645603,3795.0155639648438
dcd2cf83-ad11-5b1d-9dad-52ecdb72db71,2022-06-01,3787.65,3854.57,3854.57,4306.386666666666,3089.08990108118,3119.6881695522284,3924.9335330200197
dcd2cf83-ad11-5b1d-9dad-52ecdb72db71,2022-07-01,6650.79,3787.65,3787.65,3785.2400000000002,2794.7667401761246,2850.6245422268485,4305.042456054687
dcd2cf83-ad11-5b1d-9dad-52ecdb72db71,2022-08-01,7204.03,6650.79,6650.79,4764.336666666667,5782.556032529108,5821.993498881155,6178.590231933594
dcd2cf83-ad11-5b1d-9dad-52ecdb72db71,2022-09-01,3683.62,7204.03,7204.03,5880.823333333334,6154.272476952176,6216.613608925775,6080.958100585937
dcd2cf83-ad11-5b1d-9dad-52ecdb72db71,2022-10-01,6231.62,3683.62,3683.62,5846.1466666666665,2805.026115281211,2846.147215512049,4942.200444335937
dcd2cf83-ad11-5b1d-9dad-52ecdb72db71,2022-11-01,5591.09,6231.62,6231.62,5706.423333333333,5593.253077159511,5604.7275185628005,5707.252873535156
dcd2cf83-ad11-5b1d-9dad-52ecdb72db71,2022-12-01,5150.74,5591.09,5591.09,5168.776666666666,4859.534582872333,4886.1860704167575,5502.6264532470705
dcd2cf83-ad11-5b1d-9dad-52ecdb72db71,2023-01-01,6646.14,5150.74,5150.74,5657.816666666667,4423.7437146715165,4449.687934137591,5232.418085327148
dcd2cf83-ad11-5b1d-9dad-52ecdb72db71,2023-02-01,8576.09,6646.14,6646.14,5795.990000000001,5798.216960345736,5838.04567125555,6533.666664733887
dcd2cf83-ad11-5b1d-9dad-52ecdb72db71,2023-03-01,5298.58,8576.09,8576.09,6790.990000000001,7767.5334315113705,7801.024683209123,7255.803134765625
dcd2cf83-ad11-5b1d-9dad-52ecdb72db71,2023-04-01,6577.17,5298.58,5298.58,6840.27,4433.553499806132,4474.773914378889,6519.752607421875
dcd2cf83-ad11-5b1d-9dad-52ecdb72db71,2023-05-01,6195.96,6577.17,6577.17,6817.28,5685.8743270813175,5728.202352499046,6393.817888183594
dcd2cf83-ad11-5b1d-9dad-52ecdb72db71,2023-06-01,5679.26,6195.96,6195.96,6023.903333333333,5338.527436866388,5377.606865519545,6233.636460266113
dcd2cf83-ad11-5b1d-9dad-52ecdb72db71,2023-07-01,5695.04,5679.26,5679.26,6150.796666666666,4802.187961915232,4843.826519271539,5680.433620223999
dcd2cf83-ad11-5b1d-9dad-52ecdb72db71,2023-08-01,1542.32,5695.04,5695.04,5856.753333333333,4785.24820141947,4832.107170556066,5363.596396484375
dcd2cf83-ad11-5b1d-9dad-52ecdb72db71,2023-09-01,1117.25,1542.32,1542.32,4305.54,840.0491358787949,861.3144519186201,1540.4198973846435
dcd2cf83-ad11-5b1d-9dad-52ecdb72db71,2023-10-01,1663.18,1117.25,1117.25,2784.8700000000003,553.0953247243193,559.1769596199059,1084.9950408935547
dcd2cf83-ad11-5b1d-9dad-52ecdb72db71,2023-11-01,3247.74,1663.18,1663.18,1440.9166666666667,1093.9811751858374,1101.3167303751893,1667.1423320102692
dcd2cf83-ad11-5b1d-9dad-52ecdb72db71,2023-12-01,2936.58,3247.74,3247.74,2009.39,2556.4601420539966,2578.578830136955,2793.0731909179685
dcd2cf83-ad11-5b1d-9dad-52ecdb72db71,2024-01-01,4182.69,2936.58,2936.58,2615.8333333333335,2257.4343195177435,2278.4727453678406,3055.648817138672
dcd2cf83-ad11-5b1d-9dad-52ecdb72db71,2024-02-01,1642.48,4182.69,4182.69,3455.6699999999996,3407.152680512116,3438.6029308469033,3420.2763647460933
dcd2cf83-ad11-5b1d-9dad-52ecdb72db71,2024-03-01,1729.91,1642.48,1642.48,2920.5833333333335,971.4563403768684,990.0968012883181,2502.6161083984375
dcd2cf83-ad11-5b1d-9dad-52ecdb72db71,2024-04-01,2142.84,1729.91,1729.91,2518.36,957.4170106031677,988.3794144967795,2158.741359863281
dcd2cf83-ad11-5b1d-9dad-52ecdb72db71,2024-05-01,2683.14,2142.84,2142.84,1838.4099999999999,1414.62479829343,1439.3336950389194,2279.9404486083986
dcd2cf83-ad11-5b1d-9dad-52ecdb72db71,2024-06-01,2921.45,2683.14,2683.14,2185.2966666666666,1911.53445719781,1941.4473733426466,2707.349451675415
dcd2cf83-ad11-5b1d-9dad-52ecdb72db71,2024-07-01,16057.55,2921.45,2921.45,2582.476666666667,2122.6096256320775,2155.599879166619,3101.8515350341795
dcd2cf83-ad11-5b1d-9dad-52ecdb72db71,2024-08-01,19240.09,16057.55,16057.55,7220.713333333333,14834.094087070385,14909.933367711546,17775.793896484374
dcd2cf83-ad11-5b1d-9dad-52ecdb72db71,2024-09-01,28446.92,19240.09,19240.09,12739.696666666665,18037.98223158147,18109.865352597917,20975.337436523438
dcd2cf83-ad11-5b1d-9dad-52ecdb72db71,2024-10-01,34911.89,28446.92,28446.92,21248.186666666665,26846.249048982776,26963.729073775903,28119.413408203123
dcd2cf83-ad11-5b1d-9dad-52ecdb72db71,2024-11-01,38203.56,34911.89,34911.89,27532.966666666664,33190.464984425336,33319.262943214155,34809.383156433105
df653a16-fb5d-540f-994c-05b0f16612b3,2022-01-01,-4362.45,,-13252.345000000001,-13252.345000000001,-599.9161128181978,-584.6049202465573,-976.0215454101562
df653a16-fb5d-540f-994c-05b0f16612b3,2022-02-01,-8359.38,-4362.45,-4362.45,-4362.45,-4835.34465480109,-4838.235012573821,-7622.487353515625
df653a16-fb5d-540f-994c-05b0f16612b3,2022-03-01,-17085.5,-8359.38,-8359.38,-6360.914999999999,-8914.468143167496,-8906.102459074546,-12611.21251953125
df653a16-fb5d-540f-994c-05b0f16612b3,2022-04-01,-25748.2,-17085.5,-17085.5,-9935.776666666667,-17432.202810855815,-17449.61800159854,-22571.9951171875
df653a16-fb5d-540f-994c-05b0f16612b3,2022-05-01,-30756.66,-25748.2,-25748.2,-17064.359999999997,-25994.51394145941,-26021.22608650618,-30868.19462890625
df653a16-fb5d-540f-994c-05b0f16612b3,2022-06-01,-34144.27,-30756.66,-30756.66,-24530.12,-31076.502845205927,-31089.20867549207,-34177.07137695313
df653a16-fb5d-540f-994c-05b0f16612b3,2022-07-01,-38300.95,-34144.27,-34144.27,-30216.376666666663,-34138.36373946551,-34189.31362050095,-37679.2612109375
df653a16-fb5d-540f-994c-05b0f16612b3,2022-08-01,-39390.23,-38300.95,-38300.95,-34400.62666666667,-38297.848679724295,-38348.67882324719,-39374.00029296875
df653a16-fb5d-540f-994c-05b0f16612b3,2022-09-01,-38305.8,-39390.23,-39390.23,-37278.48333333333,-39450.87575155806,-39495.813789880594,-39787.944477539066
df653a16-fb5d-540f-994c-05b0f16612b3,2022-10-01,-37176.7,-38305.8,-38305.8,-38665.659999999996,-38592.42187988816,-38608.27117074415,-38533.34759216309
df653a16-fb5d-540f-994c-05b0f16612b3,2022-11-01,-36123.4,-37176.7,-37176.7,-38290.91,-37481.9981841927,-37499.271897884435,-37054.41174621582
df653a16-fb5d-540f-994c-05b0f16612b3,2022-12-01,-38049.46,-36123.4,-36123.4,-37201.96666666667,-36521.4199098314,-36527.69991021183,-36371.386419677736
df653a16-fb5d-540f-994c-05b0f16612b3,2023-01-01,-37490.04,-38049.46,-38049.46,-37116.52,-38402.51844136679,-38413.658447585454,-37652.26725097656
df653a16-fb5d-540f-994c-05b0f16612b3,2023-02-01,-35899.67,-37490.04,-37490.04,-37220.96666666667,-37840.4214449108,-37853.80534329172,-37528.14135650635
df653a16-fb5d-540f-994c-05b0f16612b3,2023-03-01,-37517.76,-35899.67,-35899.67,-37146.38999999999,-36310.11616776337,-36316.90368471809,-36149.58300964355
df653a16-fb5d-540f-994c-05b0f16612b3,2023-04-01,-38465.78,-37517.76,-37517.76,-36969.15666666667,-37843.17369804669,-37859.64142362918,-37353.85854125977
df653a16-fb5d-540f-994c-05b0f16612b3,2023-05-01,-39456.2,-38465.78,-38465.78,-37294.403333333335,-38720.51799365843,-38744.27303044384,-39133.721467285155
df653a16-fb5d-540f-994c-05b0f16612b3,2023-06-01,-38499.99,-39456.2,-39456.2,-38479.91333333333,-39687.317924317336,-39713.34249271273,-39555.782466125485
df653a16-fb5d-540f-994c-05b0f16612b3,2023-07-01,-39300.51,-38499.99,-38499.99,-38807.323333333334,-38856.55562474436,-38866.75438769699,-38930.02778076172
df653a16-fb5d-540f-994c-05b0f16612b3,2023-08-01,-38803.0,-39300.51,-39300.51,-39085.566666666666,-39512.524097964866,-39542.064178176464,-39261.07393051148
df653a16-fb5d-540f-994c-05b0f16612b3,2023-09-01,-39134.25,-38803.0,-38803.0,-38867.833333333336,-39164.56300752992,-39174.443560062915,-39088.23034667969
df653a16-fb5d-540f-994c-05b0f16612b3,2023-10-01,-41532.01,-39134.25,-39134.25,-39079.253333333334,-39429.305976437485,-39448.58787941548,-39145.893688201904
df653a16-fb5d-540f-994c-05b0f16612b3,2023-11-01,-38138.95,-41532.01,-41532.01,-39823.08666666667,-41747.077221528365,-41775.94798658978,-40151.6301171875
df653a16-fb5d-540f-994c-05b0f16612b3,2023-12-01,-38459.28,-38138.95,-38138.95,-39601.736666666664,-38520.40919852387,-38529.71870662087,-37883.227236938474
df653a16-fb5d-540f-994c-05b0f16612b3,2024-01-01,-37431.82,-38459.28,-38459.28,-39376.746666666666,-38784.98877218849,-38800.72084905596,-38609.599381713866
df653a16-fb5d-540f-994c-05b0f16612b3,2024-02-01,-35800.29,-37431.82,-37431.82,-38010.01666666667,-37856.51196978148,-37860.32894661293,-37829.272697753906
df653a16-fb5d-540f-994c-05b0f16612b3,2024-03-01,-38606.23,-35800.29,-35800.29,-37230.46333333333,-36205.590859746444,-36212.96600340218,-36514.21224121094
df653a16-fb5d-540f-994c-05b0f16612b3,2024-04-01,-39566.48,-38606.23,-38606.23,-37279.44666666666,-38907.392895959216,-38926.477465441116,-37608.1157421875
df653a16-fb5d-540f-994c-05b0f16612b3,2024-05-01,-38140.35,-39566.48,-39566.48,-37991.0,-39775.47113897379,-39805.845454278555,-39529.38245819092
df653a16-fb5d-540f-994c-05b0f16612b3,2024-06-01,-38514.28,-38140.35,-38140.35,-38771.02,-38431.68094524176,-38451.5472558087,-37985.480935668944
df653a16-fb5d-540f-994c-05b0f16612b3,2024-07-01,-47606.42,-38514.28,-38514.28,-38740.37,-38750.14653930865,-38777.16459720212,-39176.020783691405
df653a16-fb5d-540f-994c-05b0f16612b3,2024-08-01,-74320.35,-47606.42,-47606.42,-41420.35,-47651.88186801064,-47697.15373044711,-49083.967729492186
df653a16-fb5d-540f-994c-05b0f16612b3,2024-09-01,-72053.8,-74320.35,-74320.35,-53480.35,-73415.8955187265,-73579.57039561884,-74182.55909118653
df653a16-fb5d-540f-994c-05b0f16612b3,2024-10-01,-82448.54,-72053.8,-72053.8,-64660.19,-71599.2182587444,-71702.06238155604,-72889.35737304688
df653a16-fb5d-540f-994c-05b0f16612b3,2024-11-01,-74169.15,-82448.54,-82448.54,-76274.23,-81665.80554932058,-81803.09161434154,-82292.62070373535
e08fbd80-4e56-5d0b-b77c-216f05bc1d74,2022-01-01,-8418.6,,-13252.345000000001,-13252.345000000001,-599.9161128181978,-584.6049202465573,-976.0215454101562
e08fbd80-4e56-5d0b-b77c-216f05bc1d74,2022-02-01,-8029.25,-8418.6,-8418.6,-8418.6,-9016.68785767577,-9003.481653355217,-10277.6830078125
e08fbd80-4e56-5d0b-b77c-216f05bc1d74,2022-03-01,-8186.6,-8029.25,-8029.25,-8223.925,-8632.023068639632,-8619.229962309908,-8949.079284667969
e08fbd80-4e56-5d0b-b77c-216f05bc1d74,2022-04-01,-6682.55,-8186.6,-8186.6,-8211.483333333334,-8831.437542001646,-8812.807065435472,-8931.607690429688
e08fbd80-4e56-5d0b-b77c-216f05bc1d74,2022-05-01,-6575.34,-6682.55,-6682.55,-7632.8,-7350.767626584393,-7330.398224702717,-7015.457897949219
e08fbd80-4e56-5d0b-b77c-216f05bc1d74,2022-06-01,-7052.61,-6575.34,-6575.34,-7148.163333333333,-7168.875712376563,-7157.8012249856465,-6843.355350341797
e08fbd80-4e56-5d0b-b77c-216f05bc1d74,2022-07-01,-8197.26,-7052.61,-7052.61,-6770.166666666667,-7640.27061822072,-7629.239386757588,-7296.5059503173825
e08fbd80-4e56-5d0b-b77c-216f05bc1d74,2022-08-01,-11236.78,-8197.26,-8197.26,-7275.07,-8825.227644814933,-8808.221808117754,-7852.525716552735
e08fbd80-4e56-5d0b-b77c-216f05bc1d74,2022-09-01,-7762.31,-11236.78,-11236.78,-8828.883333333333,-11800.283686839468,-11792.49001279408,-9552.814790039063
e08fbd80-4e56-5d0b-b77c-216f05bc1d74,2022-10-01,-9361.21,-7762.31,-7762.31,-9065.449999999999,-8295.020699791266,-8291.479225060784,-7488.173250732422
e08fbd80-4e56-5d0b-b77c-216f05bc1d74,2022-11-01,-9070.52,-9361.21,-9361.21,-9453.433333333334,-9899.05951009664,-9892.85687285177,-9605.862236938476
e08fbd80-4e56-5d0b-b77c-216f05bc1d74,2022-12-01,-3905.42,-9070.52,-9070.52,-8731.346666666666,-9704.700519864027,-9687.45234957622,-9210.082103271485
e08fbd80-4e56-5d0b-b77c-216f05bc1d74,2023-01-01,-6310.82,-3905.42,-3905.42,-7445.716666666667,-4579.634119449949,-4561.001231188887,-4715.599260253906
e08fbd80-4e56-5d0b-b77c-216f05bc1d74,2023-02-01,-8087.43,-6310.82,-6310.82,-6428.920000000001,-6960.790939629946,-6944.745316825573,-7046.9124682617185
e08fbd80-4e56-5d0b-b77c-216f05bc1d74,2023-03-01,-8672.38,-8087.43,-8087.43,-6101.223333333332,-8562.080722243476,-8567.53703810195,-7953.0389477539065
e08fbd80-4e56-5d0b-b77c-216f05bc1d74,2023-04-01,-7117.84,-8672.38,-8672.38,-7690.209999999999,-9279.713058983265,-9266.604232692504,-8355.370081787109
e08fbd80-4e56-5d0b-b77c-216f05bc1d74,2023-05-01,-10848.35,-7117.84,-7117.84,-7959.216666666667,-7622.939704908754,-7624.133887996901,-7795.948520507813
e08fbd80-4e56-5d0b-b77c-216f05bc1d74,2023-06-01,-7176.31,-10848.35,-10848.35,-8879.523333333333,-11241.334165135218,-11254.897318810823,-9839.378930664063
e08fbd80-4e56-5d0b-b77c-216f05bc1d74,2023-07-01,-6466.11,-7176.31,-7176.31,-8380.833333333334,-7643.77497250784,-7646.049642191238,-7779.513430175782
e08fbd80-4e56-5d0b-b77c-216f05bc1d74,2023-08-01,-11083.07,-6466.11,-6466.11,-8163.59,-6983.981932066595,-6981.677150828075,-6595.257384643554
e08fbd80-4e56-5d0b-b77c-216f05bc1d74,2023-09-01,-10376.23,-11083.07,-11083.07,-8241.83,-11606.72338748173,-11603.376979204868,-10548.105339355468
e08fbd80-4e56-5d0b-b77c-216f05bc1d74,2023-10-01,-8531.98,-10376.23,-10376.23,-9308.47,-10903.091081870181,-10899.326092075566,-9911.911701660156
e08fbd80-4e56-5d0b-b77c-216f05bc1d74,2023-11-01,-7748.96,-8531.98,-8531.98,-9997.093333333332,-9146.470841767956,-9132.946209227754,-7845.684895019531
e08fbd80-4e56-5d0b-b77c-216f05bc1d74,2023-12-01,-1852.53,-7748.96,-7748.96,-8885.723333333333,-8384.538240477767,-8369.314046701524,-7937.470070800781
e08fbd80-4e56-5d0b-b77c-216f05bc1d74,2024-01-01,-6377.17,-1852.53,-1852.53,-6044.490000000001,-2769.101284850959,-2724.0158743717457,-3466.8966992187497
e08fbd80-4e56-5d0b-b77c-216f05bc1d74,2024-02-01,-5352.21,-6377.17,-6377.17,-5326.22,-7011.56534423359,-7000.406552901721,-6619.065095825195
e08fbd80-4e56-5d0b-b77c-216f05bc1d74,2024-03-01,-5393.99,-5352.21,-5352.21,-4527.303333333334,-5990.540413143537,-5978.986569287364,-5923.651345214844
e08fbd80-4e56-5d0b-b77c-216f05bc1d74,2024-04-01,-6109.07,-5393.99,-5393.99,-5707.790000000001,-6000.743057254845,-5990.963357678511,-5553.857294311523
e08fbd80-4e56-5d0b-b77c-216f05bc1d74,2024-05-01,-7065.56,-6109.07,-6109.07,-5618.423333333333,-6602.814978461992,-6604.291744969013,-6303.315483398437
e08fbd80-4e56-5d0b-b77c-216f05bc1d74,2024-06-01,-8008.36,-7065.56,-7065.56,-6189.540000000001,-7541.725464368182,-7546.490095786645,-6876.670321044922
e08fbd80-4e56-5d0b-b77c-216f05bc1d74,2024-07-01,-10529.34,-8008.36,-8008.36,-7060.996666666666,-8536.713333939259,-8533.740925954926,-8733.97102294922
e08fbd80-4e56-5d0b-b77c-216f05bc1d74,2024-08-01,-11696.2,-10529.34,-10529.34,-8534.42,-10989.815036425643,-10995.031605290098,-10795.954685058594
e08fbd80-4e56-5d0b-b77c-216f05bc1d74,2024-09-01,-24499.84,-11696.2,-11696.2,-10077.966666666667,-12081.806146041776,-12097.128696214728,-13186.796923828126
e08fbd80-4e56-5d0b-b77c-216f05bc1d74,2024-10-01,-28481.14,-24499.84,-24499.84,-15575.126666666669,-24506.12196122811,-24562.72189578626,-26055.49087890625
e08fbd80-4e56-5d0b-b77c-216f05bc1d74,2024-11-01,-36810.31,-28481.14,-28481.14,-21559.059999999998,-28521.065064664577,-28572.04766245814,-29954.044052734374
e115c94f-b338-5365-9a7e-3a1509a024b6,2022-01-01,-285.44,,-13252.345000000001,-13252.345000000001,-599.9161128181978,-584.6049202465573,-976.0215454101562
e115c94f-b338-5365-9a7e-3a1509a024b6,2022-02-01,-13412.67,-285.44,-285.44,-285.44,-964.5509888318784,-940.1820917526154,-3119.8003515625
e115c94f-b338-5365-9a7e-3a1509a024b6,2022-03-01,-6104.22,-13412.67,-13412.67,-6849.055,-13983.982060267295,-13972.781565714095,-14741.715532226563
e115c94f-b338-5365-9a7e-3a1509a024b6,2022-04-01,-10107.87,-6104.22,-6104.22,-6600.776666666666,-6667.00628969975,-6657.648549197338,-8287.260527343751
e115c94f-b338-5365-9a7e-3a1509a024b6,2022-05-01,-9529.5,-10107.87,-10107.87,-9874.92,-10597.186106606505,-10596.4740529192,-12978.979375
e115c94f-b338-5365-9a7e-3a1509a024b6,2022-06-01,-8919.38,-9529.5,-9529.5,-8580.53,-10132.979839327621,-10119.298224613756,-10920.632568359375
e115c94f-b338-5365-9a7e-3a1509a024b6,2022-07-01,-8751.81,-8919.38,-8919.38,-9518.916666666666,-9362.871132474249,-9368.537464639761,-9688.767817382812
e115c94f-b338-5365-9a7e-3a1509a024b6,2022-08-01,-10394.53,-8751.81,-8751.81,-9066.896666666666,-9272.24565695876,-9268.5333476357,-9981.64642578125
e115c94f-b338-5365-9a7e-3a1509a024b6,2022-09-01,-9907.29,-10394.53,-10394.53,-9355.24,-10921.314407058393,-10917.445546759747,-10167.485947875977
e115c94f-b338-5365-9a7e-3a1509a024b6,2022-10-01,-7103.81,-9907.29,-9907.29,-9684.543333333333,-10462.02161276605,-10455.004588249429,-9658.540137329102
e115c94f-b338-5365-9a7e-3a1509a024b6,2022-11-01,-6487.73,-7103.81,-7103.81,-9135.210000000001,-7724.846444469933,-7710.846964320237,-7034.031557617188
e115c94f-b338-5365-9a7e-3a1509a024b6,2022-12-01,1701.07,-6487.73,-6487.73,-7832.943333333334,-7118.269364400429,-7105.11787986779,-6965.015461425781
e115c94f-b338-5365-9a7e-3a1509a024b6,2023-01-01,-5426.46,1701.07,1701.07,-3963.4900000000002,812.5604851624546,854.0461808540217,-865.2671582031251
e115c94f-b338-5365-9a7e-3a1509a024b6,2023-02-01,-289.03,-5426.46,-5426.46,-3404.373333333333,-6097.463691533523,-6083.7551036237455,-5555.513955078125
e115c94f-b338-5365-9a7e-3a1509a024b6,2023-03-01,2009.99,-289.03,-289.03,-1338.14,-1009.032717506646,-991.0217752250571,-2299.3262646484372
e115c94f-b338-5365-9a7e-3a1509a024b6,2023-04-01,-1723.1,2009.99,2009.99,-1235.1666666666667,1305.8995282772728,1321.2632624630587,1120.3286840820313
e115c94f-b338-5365-9a7e-3a1509a024b6,2023-05-01,-2525.68,-1723.1,-1723.1,-0.7133333333332909,-2337.7822377544194,-2335.614600398392,-2128.79873046875
e115c94f-b338-5365-9a7e-3a1509a024b6,2023-06-01,-5256.18,-2525.68,-2525.68,-746.2633333333333,-3026.0546738084286,-3035.8089434675053,-2821.360908203125
e115c94f-b338-5365-9a7e-3a1509a024b6,2023-07-01,-7989.83,-5256.18,-5256.18,-3168.32,-5818.440590879182,-5817.911066200633,-6166.4221875
e115c94f-b338-5365-9a7e-3a1509a024b6,2023-08-01,-7552.76,-7989.83,-7989.83,-5257.2300000000005,-8305.339006426711,-8330.963548569081,-8079.171537475586
e115c94f-b338-5365-9a7e-3a1509a024b6,2023-09-01,-8216.04,-7552.76,-7552.76,-6932.923333333333,-7969.396459960504,-7982.66833808165,-7806.309346923828
e115c94f-b338-5365-9a7e-3a1509a024b6,2023-10-01,-6623.12,-8216.04,-8216.04,-7919.543333333334,-8646.52135297927,-8655.756625090233,-7365.811606445313
e115c94f-b338-5365-9a7e-3a1509a024b6,2023-11-01,-5459.03,-6623.12,-6623.12,-7463.973333333332,-7062.028461953415,-7071.684915565251,-6226.5505725097655
e115c94f-b338-5365-9a7e-3a1509a024b6,2023-12-01,-1708.46,-5459.03,-5459.03,-6766.063333333334,-6063.927499679875,-6052.641489779771,-4996.6012890625
e115c94f-b338-5365-9a7e-3a1509a024b6,2024-01-01,-2103.33,-1708.46,-1708.46,-4596.87,-2361.7620183012236,-2347.207268635987,-2343.5001611328125
e115c94f-b338-5365-9a7e-3a1509a024b6,2024-02-01,-2855.05,-2103.33,-2103.33,-3090.273333333333,-2893.573958636057,-2861.365561747596,-3204.7248974609374
e115c94f-b338-5365-9a7e-3a1509a024b6,2024-03-01,-2338.18,-2855.05,-2855.05,-2222.28,-3525.010357865962,-3508.3714736284023,-3260.169140625
e115c94f-b338-5365-9a7e-3a1509a024b6,2024-04-01,-2436.17,-2338.18,-2338.18,-2432.1866666666665,-2973.800137367402,-2960.9096644174188,-2521.2211376953123
e115c94f-b338-5365-9a7e-3a1509a024b6,2024-05-01,-2657.62,-2436.17,-2436.17,-2543.1333333333337,-3140.6018966927677,-3118.3721217540824,-2609.582582397461
e115c94f-b338-5365-9a7e-3a1509a024b6,2024-06-01,-1901.94,-2657.62,-2657.62,-2477.3233333333333,-3342.8072468590735,-3323.195897917095,-2782.617863769531
e115c94f-b338-5365-9a7e-3a1509a024b6,2024-07-01,-8849.13,-1901.94,-1901.94,-2331.91,-2648.1507371212574,-2620.0765697606575,-2167.317166748047
e115c94f-b338-5365-9a7e-3a1509a024b6,2024-08-01,-14074.54,-8849.13,-8849.13,-4469.563333333333,-9206.524866297272,-9224.739519445995,-9688.31310546875
e115c94f-b338-5365-9a7e-3a1509a024b6,2024-09-01,-17719.02,-14074.54,-14074.54,-8275.203333333333,-14320.13552809686,-14351.166749620363,-14729.001181640626
e115c94f-b338-5365-9a7e-3a1509a024b6,2024-10-01,-27000.17,-17719.02,-17719.02,-13547.563333333334,-17851.110810747887,-17893.85781428637,-19303.454326171875
e115c94f-b338-5365-9a7e-3a1509a024b6,2024-11-01,-30884.79,-27000.17,-27000.17,-19597.91,-26930.501120524692,-26993.085401801654,-28600.32002441406
e2434271-15d8-54da-b6db-d74284cf060a,2022-01-01,-4205.06,,-13252.345000000001,-13252.345000000001,-599.9161128181978,-584.6049202465573,-976.0215454101562
e2434271-15d8-54da-b6db-d74284cf060a,2022-02-01,-61.63,-4205.06,-4205.06,-4205.06,-4769.680782980799,-4761.747367981453,-6322.15619140625
e2434271-15d8-54da-b6db-d74284cf060a,2022-03-01,-2143.72,-61.63,-61.63,-2133.3450000000003,-692.6975893273205,-675.5230324109281,-1606.1220654296876
e2434271-15d8-54da-b6db-d74284cf060a,2022-04-01,-5007.76,-2143.72,-2143.72,-2136.8033333333333,-2759.453970462486,-2746.4987069222097,-2895.350187988281
e2434271-15d8-54da-b6db-d74284cf060a,2022-05-01,-1783.06,-5007.76,-5007.76,-2404.37,-5670.958522600847,-5650.5846326060055,-4652.926229248047
e2434271-15d8-54da-b6db-d74284cf060a,2022-06-01,-1226.41,-1783.06,-1783.06,-2978.18,-2439.052021462377,-2421.053211976865,-2106.144014892578
e2434271-15d8-54da-b6db-d74284cf060a,2022-07-01,-1729.04,-1226.41,-1226.41,-2672.4100000000003,-1891.166140043113,-1873.5584863264726,-1092.553310546875
e2434271-15d8-54da-b6db-d74284cf060a,2022-08-01,2388.59,-1729.04,-1729.04,-1579.5033333333333,-2346.8288847145145,-2335.6928048172445,-1431.5662756347656
e2434271-15d8-54da-b6db-d74284cf060a,2022-09-01,-1216.41,2388.59,2388.59,-188.9533333333333,1655.9713970996868,1678.5801257559756,827.0935400390626
e2434271-15d8-54da-b6db-d74284cf060a,2022-10-01,-412.04,-1216.41,-1216.41,-185.61999999999998,-1741.2096448095108,-1747.1939380832696,-60.53622070312508
e2434271-15d8-54da-b6db-d74284cf060a,2022-11-01,-692.41,-412.04,-412.04,253.38000000000002,-1068.9636183558505,-1058.5117827640338,-692.1678991699218
e2434271-15d8-54da-b6db-d74284cf060a,2022-12-01,3362.75,-692.41,-692.41,-773.62,-1123.589303353071,-1139.1803348598705,-841.4596215820312
e2434271-15d8-54da-b6db-d74284cf060a,2023-01-01,1273.16,3362.75,3362.75,752.7666666666668,3067.657555936689,3025.980356228646,1999.7850341796875
e2434271-15d8-54da-b6db-d74284cf060a,2023-02-01,-633.65,1273.16,1273.16,1314.5,683.7024393929933,684.5708241390291,1057.8846856689454
e2434271-15d8-54da-b6db-d74284cf060a,2023-03-01,-100.41,-633.65,-633.65,1334.0866666666668,-975.0478231168427,-1006.9125676373783,-556.6213745117187
e2434271-15d8-54da-b6db-d74284cf060a,2023-04-01,139.75,-100.41,-100.41,179.70000000000005,-494.4774834578427,-517.3295302090932,-394.91827026367184
e2434271-15d8-54da-b6db-d74284cf060a,2023-05-01,-285.19,139.75,139.75,-198.10333333333332,-278.15556374328605,-299.53131182401455,-141.62100219726562
e2434271-15d8-54da-b6db-d74284cf060a,2023-06-01,557.3,-285.19,-285.19,-81.95,-937.1738698410845,-928.1122415094121,-329.28196853637695
e2434271-15d8-54da-b6db-d74284cf060a,2023-07-01,1200.09,557.3,557.3,137.28666666666666,21.106363346029866,13.587808367615935,346.13297729492183
e2434271-15d8-54da-b6db-d74284cf060a,2023-08-01,-810.46,1200.09,1200.09,490.7333333333333,683.0516837884385,673.7577583313052,855.0065039062499
e2434271-15d8-54da-b6db-d74284cf060a,2023-09-01,-1585.56,-810.46,-810.46,315.64333333333326,-1172.9520503005092,-1203.1962195966662,-1073.0003747558594
e2434271-15d8-54da-b6db-d74284cf060a,2023-10-01,-960.81,-1585.56,-1585.56,-398.6433333333334,-1877.583741859257,-1915.3187321807618,-1800.8728204345703
e2434271-15d8-54da-b6db-d74284cf060a,2023-11-01,-1070.75,-960.81,-960.81,-1118.9433333333334,-1317.745605234592,-1343.3890703220413,-1009.4760232543945
e2434271-15d8-54da-b6db-d74284cf060a,2023-12-01,2018.82,-1070.75,-1070.75,-1205.7066666666667,-1553.747809592018,-1560.194852700849,-1058.6197290420532
e2434271-15d8-54da-b6db-d74284cf060a,2024-01-01,234.63,2018.82,2018.82,-4.24666666666667,1785.8885128531174,1740.2301027331068,1204.9187548828124
e2434271-15d8-54da-b6db-d74284cf060a,2024-02-01,406.18,234.63,234.63,394.2333333333333,-188.470505014906,-206.28782256418708,183.81102645874023
e2434271-15d8-54da-b6db-d74284cf060a,2024-03-01,-394.62,406.18,406.18,886.5433333333334,287.21835356840046,226.84873551520985,281.2760922241211
e2434271-15d8-54da-b6db-d74284cf060a,2024-04-01,-10.51,-394.62,-394.62,82.06333333333333,-1006.9718362869693,-999.9046970326814,-642.7799578857422
e2434271-15d8-54da-b6db-d74284cf060a,2024-05-01,729.44,-10.51,-10.51,0.3500000000000038,-384.22118155026374,-411.0285776652512,48.734007110595705
e2434271-15d8-54da-b6db-d74284cf060a,2024-06-01,-76.49,729.44,729.44,108.10333333333335,31.212565463419423,47.46407118912043,764.1649832153321
e2434271-15d8-54da-b6db-d74284cf060a,2024-07-01,-4973.07,-76.49,-76.49,214.14666666666668,-424.0175309657309,-452.8050906901451,-318.1706335449219
e2434271-15d8-54da-b6db-d74284cf060a,2024-08-01,-4906.31,-4973.07,-4973.07,-1440.0399999999997,-5149.197226844783,-5199.290526878822,-5384.039512939453
e2434271-15d8-54da-b6db-d74284cf060a,2024-09-01,-3104.33,-4906.31,-4906.31,-3318.6233333333334,-5311.819484179441,-5329.023136795804,-5074.000795898438
e2434271-15d8-54da-b6db-d74284cf060a,2024-10-01,22038.34,-3104.33,-3104.33,-4327.903333333333,-3527.275467862558,-3543.3406995524456,-3188.0414639282226
e2434271-15d8-54da-b6db-d74284cf060a,2024-11-01,21177.32,22038.34,22038.34,4675.900000000001,21000.649780382413,21040.560622124896,22904.16568359375
e58b243f-3614-56b2-9fdc-0877bd9a445f,2022-01-01,-2294.91,,-13252.345000000001,-13252.345000000001,-599.9161128181978,-584.6049202465573,-976.0215454101562
e58b243f-3614-56b2-9fdc-0877bd9a445f,2022-02-01,-5865.18,-2294.91,-2294.91,-2294.91,-2817.6031948772993,-2814.74952036006,-6094.109462890625
e58b243f-3614-56b2-9fdc-0877bd9a445f,2022-03-01,-14070.69,-5865.18,-5865.18,-4080.045,-6398.083158878184,-6394.019765005487,-10583.83380859375
e58b243f-3614-56b2-9fdc-0877bd9a445f,2022-04-01,-17697.2,-14070.69,-14070.69,-7410.260000000001,-14414.286405829562,-14435.292614539534,-17488.520566406252
e58b243f-3614-56b2-9fdc-0877bd9a445f,2022-05-01,-21966.12,-17697.2,-17697.2,-12544.356666666667,-18093.966210739505,-18105.69904928858,-22134.85673828125
e58b243f-3614-56b2-9fdc-0877bd9a445f,2022-06-01,-27826.6,-21966.12,-21966.12,-17911.336666666666,-22317.803363424136,-22333.506955187564,-27232.88220703125
e58b243f-3614-56b2-9fdc-0877bd9a445f,2022-07-01,-32831.79,-27826.6,-27826.6,-22496.64,-27864.588243534585,-27917.55084219769,-32517.6986328125
e58b243f-3614-56b2-9fdc-0877bd9a445f,2022-08-01,-38674.04,-32831.79,-32831.79,-27541.50333333333,-32869.17385047953,-32918.594996231375,-37803.26705078125
e58b243f-3614-56b2-9fdc-0877bd9a445f,2022-09-01,-39899.46,-38674.04,-38674.04,-33110.81,-38537.97901603385,-38611.25483223066,-40729.362265625
e58b243f-3614-56b2-9fdc-0877bd9a445f,2022-10-01,-43739.19,-39899.46,-39899.46,-37135.09666666667,-39973.49805235805,-40018.88414627061,-42748.275185546874
e58b243f-3614-56b2-9fdc-0877bd9a445f,2022-11-01,-45635.13,-43739.19,-43739.19,-40770.89666666667,-43758.89232071143,-43808.565589906204,-46116.844296875
e58b243f-3614-56b2-9fdc-0877bd9a445f,2022-12-01,-50782.0,-45635.13,-45635.13,-43091.26,-45692.7830142453,-45740.75144688388,-48317.89391601562
e58b243f-3614-56b2-9fdc-0877bd9a445f,2023-01-01,-49728.63,-50782.0,-50782.0,-46718.77333333334,-50740.09086822564,-50798.58232386603,-52776.386962890625
e58b243f-3614-56b2-9fdc-0877bd9a445f,2023-02-01,-49049.2,-49728.63,-49728.63,-48715.253333333334,-49876.40531420689,-49911.04370516687,-50668.97222412109
e58b243f-3614-56b2-9fdc-0877bd9a445f,2023-03-01,-50247.11,-49049.2,-49049.2,-49853.276666666665,-49211.894546568095,-49245.377085707056,-49447.84498901367
e58b243f-3614-56b2-9fdc-0877bd9a445f,2023-04-01,-50657.22,-50247.11,-50247.11,-49674.98,-50404.24509069954,-50437.95818849168,-51089.98896728516
e58b243f-3614-56b2-9fdc-0877bd9a445f,2023-05-01,-51988.13,-50657.22,-50657.22,-49984.51,-50826.232362949384,-50858.44125687547,-51590.133208007814
e58b243f-3614-56b2-9fdc-0877bd9a445f,2023-06-01,-51155.36,-51988.13,-51988.13,-50964.15333333334,-52108.457204183345,-52146.69658225215,-52880.069819335935
e58b243f-3614-56b2-9fdc-0877bd9a445f,2023-07-01,-54867.1,-51155.36,-51155.36,-51266.90333333333,-51389.3011144005,-51413.45148622431,-51682.21125732422
e58b243f-3614-56b2-9fdc-0877bd9a445f,2023-08-01,-56885.27,-54867.1,-54867.1,-52670.19666666666,-54868.22218158517,-54920.83831972977,-56421.985620117186
e58b243f-3614-56b2-9fdc-0877bd9a445f,2023-09-01,-53831.09,-56885.27,-56885.27,-54302.57666666666,-56943.90411841165,-56987.82241974481,-57434.03373291015
e58b243f-3614-56b2-9fdc-0877bd9a445f,2023-10-01,-52121.86,-53831.09,-53831.09,-55194.486666666664,-54008.697234930405,-54039.88069068556,-53461.156772460934
e58b243f-3614-56b2-9fdc-0877bd9a445f,2023-11-01,-52125.22,-52121.86,-52121.86,-54279.40666666667,-52243.7531812791,-52284.09293527154,-52289.35964904785
e58b243f-3614-56b2-9fdc-0877bd9a445f,2023-12-01,-55273.17,-52125.22,-52125.22,-52692.72333333333,-52372.65855470186,-52395.7875411401,-53272.640043945314
e58b243f-3614-56b2-9fdc-0877bd9a445f,2024-01-01,-53519.39,-55273.17,-55273.17,-53173.416666666664,-55306.17452567167,-55356.995470609414,-55036.11589233398
e58b243f-3614-56b2-9fdc-0877bd9a445f,2024-02-01,-53480.21,-53519.39,-53519.39,-53639.26,-53624.02449467939,-53665.459753177,-53769.9064642334
e58b243f-3614-56b2-9fdc-0877bd9a445f,2024-03-01,-52633.69,-53480.21,-53480.21,-54090.92333333334,-53599.754300460874,-53640.24508141531,-54031.86655517578
e58b243f-3614-56b2-9fdc-0877bd9a445f,2024-04-01,-53091.46,-52633.69,-52633.69,-53211.09666666666,-52773.28626810323,-52811.30921487795,-53113.66253417969
e58b243f-3614-56b2-9fdc-0877bd9a445f,2024-05-01,-52082.16,-53091.46,-53091.46,-53068.45333333333,-53181.206498377316,-53225.28508855634,-53299.503991088866
e58b243f-3614-56b2-9fdc-0877bd9a445f,2024-06-01,-51271.35,-52082.16,-52082.16,-52602.43666666667,-52313.47861052582,-52338.96491150356,-52446.00872436524
e58b243f-3614-56b2-9fdc-0877bd9a445f,2024-07-01,-53888.53,-51271.35,-51271.35,-52148.323333333334,-51500.10901713436,-51525.86257457253,-52551.63637695312
e58b243f-3614-56b2-9fdc-0877bd9a445f,2024-08-01,-59154.32,-53888.53,-53888.53,-52414.013333333336,-54070.02974526628,-54102.96900605656,-55995.539521484374
e58b243f-3614-56b2-9fdc-0877bd9a445f,2024-09-01,-67257.82,-59154.32,-59154.32,-54771.4,-58902.19961915877,-58989.35302400311,-61891.155205078125
e58b243f-3614-56b2-9fdc-0877bd9a445f,2024-10-01,-66266.83,-67257.82,-67257.82,-60100.223333333335,-67032.02816941844,-67109.87734908529,-69412.44817382813
e58b243f-3614-56b2-9fdc-0877bd9a445f,2024-11-01,-54974.57,-66266.83,-66266.83,-64226.32333333334,-66124.47259327998,-66190.52703332965,-67959.34306152344
e78be146-be52-5bce-95db-bb07f3e19100,2022-01-01,-261.09,,-13252.345000000001,-13252.345000000001,-599.9161128181978,-584.6049202465573,-976.0215454101562
e78be146-be52-5bce-95db-bb07f3e19100,2022-02-01,-832.27,-261.09,-261.09,-261.09,-940.0056620648136,-916.0181863719374,-451.9053076171875
e78be146-be52-5bce-95db-bb07f3e19100,2022-03-01,-969.27,-832.27,-832.27,-546.68,-1494.987792609562,-1473.7504731124193,-1243.6972155761719
e78be146-be52-5bce-95db-bb07f3e19100,2022-04-01,-631.49,-969.27,-969.27,-687.5433333333334,-1675.0567832997472,-1649.4385141070402,-1349.7167468261719
e78be146-be52-5bce-95db-bb07f3e19100,2022-05-01,-493.76,-631.49,-631.49,-811.0099999999999,-1382.2816818498177,-1350.3705275196203,-672.5831358337402
e78be146-be52-5bce-95db-bb07f3e19100,2022-06-01,-189.68,-493.76,-493.76,-698.1733333333333,-1237.866529739289,-1207.2817336550102,-569.1297128295898
e78be146-be52-5bce-95db-bb07f3e19100,2022-07-01,-1005.46,-189.68,-189.68,-438.31,-717.9960226062963,-717.5946610410822,-80.53935211181641
e78be146-be52-5bce-95db-bb07f3e19100,2022-08-01,-1091.89,-1005.46,-1005.46,-562.9666666666667,-1519.9691063645628,-1520.7372570819896,-616.5463342285157
e78be146-be52-5bce-95db-bb07f3e19100,2022-09-01,-1185.88,-1091.89,-1091.89,-762.3433333333334,-1782.062120298746,-1761.1432723622206,-979.5241781616212
e78be146-be52-5bce-95db-bb07f3e19100,2022-10-01,-1284.0,-1185.88,-1185.88,-1094.41,-1742.180469960353,-1737.281313743966,-821.5527905273439
e78be146-be52-5bce-95db-bb07f3e19100,2022-11-01,-297.47,-1284.0,-1284.0,-1187.256666666667,-1885.066731806098,-1874.2186139324167,-972.1470947265625
e78be146-be52-5bce-95db-bb07f3e19100,2022-12-01,-265.56,-297.47,-297.47,-922.4500000000002,-822.9306471898147,-822.2805438904591,-149.53665039062503
e78be146-be52-5bce-95db-bb07f3e19100,2023-01-01,309.49,-265.56,-265.56,-615.6766666666666,-1015.8571071638505,-986.4052844768726,-153.57042938232422
e78be146-be52-5bce-95db-bb07f3e19100,2023-02-01,-1656.44,309.49,309.49,-84.51333333333334,-438.15041279784805,-412.20847285748323,173.81028198242188
e78be146-be52-5bce-95db-bb07f3e19100,2023-03-01,50.54,-1656.44,-1656.44,-537.5033333333333,-2099.662142962431,-2112.784805051728,-348.88177246093755
e78be146-be52-5bce-95db-bb07f3e19100,2023-04-01,-24.74,50.54,50.54,-432.1366666666667,-555.8912769526221,-551.6737312414111,244.05852416992187
e78be146-be52-5bce-95db-bb07f3e19100,2023-05-01,-3760.83,-24.74,-24.74,-543.5466666666667,-444.8498345936379,-467.8027026177806,204.68608642578124
e78be146-be52-5bce-95db-bb07f3e19100,2023-06-01,-982.1,-3760.83,-3760.83,-1245.01,-4279.994548873332,-4289.117425429222,-2331.287763671875
e78be146-be52-5bce-95db-bb07f3e19100,2023-07-01,-313.98,-982.1,-982.1,-1589.2233333333334,-1528.719748782959,-1531.9613805529148,-759.1665740966797
e78be146-be52-5bce-95db-bb07f3e19100,2023-08-01,40.28,-313.98,-313.98,-1685.6366666666665,-1044.8365760913564,-1022.2842418577432,-149.07985351562502
e78be146-be52-5bce-95db-bb07f3e19100,2023-09-01,-1650.67,40.28,40.28,-418.6000000000001,-778.5288357114762,-746.3552433050031,-488.2398364257813
e78be146-be52-5bce-95db-bb07f3e19100,2023-10-01,-524.59,-1650.67,-1650.67,-641.4566666666667,-2385.6953443206744,-2361.4911832182706,-749.3733691406251
e78be146-be52-5bce-95db-bb07f3e19100,2023-11-01,453.92,-524.59,-524.59,-711.66,-1215.8277430115745,-1197.800094076089,-323.71536621093753
e78be146-be52-5bce-95db-bb07f3e19100,2023-12-01,-404.14,453.92,453.92,-573.7800000000001,-282.53332765420333,-260.85827732065667,543.611276550293
e78be146-be52-5bce-95db-bb07f3e19100,2024-01-01,136.62,-404.14,-404.14,-158.27,-941.2504829705688,-947.0644426027831,-170.89492858886717
e78be146-be52-5bce-95db-bb07f3e19100,2024-02-01,-2848.04,136.62,136.62,62.13333333333335,-416.9748884022323,-421.0926979971713,115.74760543823243
e78be146-be52-5bce-95db-bb07f3e19100,2024-03-01,36.36,-2848.04,-2848.04,-1038.52,-3267.9212850455538,-3287.440459091532,-909.5948095703125
e78be146-be52-5bce-95db-bb07f3e19100,2024-04-01,-79.81,36.36,36.36,-891.6866666666666,-473.40081105287635,-486.3848361920344,422.01701293945314
e78be146-be52-5bce-95db-bb07f3e19100,2024-05-01,469.31,-79.81,-79.81,-963.8299999999999,-529.0284974119068,-550.1972462826341,333.348935546875
e78be146-be52-5bce-95db-bb07f3e19100,2024-06-01,311.47,469.31,469.31,141.95333333333335,-111.3206311256003,-114.75889271968975,283.1874719238281
e78be146-be52-5bce-95db-bb07f3e19100,2024-07-01,8088.51,311.47,311.47,233.65666666666667,-100.67356223507772,-125.33754726975945,490.8863970947266
e78be146-be52-5bce-95db-bb07f3e19100,2024-08-01,771.46,8088.51,8088.51,2956.43,7233.89445505507,7262.5355442421205,6580.539663085938
e78be146-be52-5bce-95db-bb07f3e19100,2024-09-01,11142.18,771.46,771.46,3057.146666666667,454.1661806789738,419.04871265157317,2245.206826171875
e78be146-be52-5bce-95db-bb07f3e19100,2024-10-01,9467.25,11142.18,11142.18,6667.383333333334,10143.1357644125,10191.323525850514,11497.544532470703
e78be146-be52-5bce-95db-bb07f3e19100,2024-11-01,8107.46,9467.25,9467.25,7126.963333333333,8649.743263292987,8680.091032249422,9072.578704833984
ebd675d7-1b73-5c2e-8bc3-b1751691821c,2022-01-01,-2049.6,,-13252.345000000001,-13252.345000000001,-599.9161128181978,-584.6049202465573,-976.0215454101562
ebd675d7-1b73-5c2e-8bc3-b1751691821c,2022-02-01,-958.84,-2049.6,-2049.6,-2049.6,-2705.7574110616265,-2685.7984653797434,-2967.289270019531
ebd675d7-1b73-5c2e-8bc3-b1751691821c,2022-03-01,-593.87,-958.84,-958.84,-1504.22,-1607.693562381422,-1589.7060030857983,-2357.8755224609376
ebd675d7-1b73-5c2e-8bc3-b1751691821c,2022-04-01,-4624.85,-593.87,-593.87,-1200.77,-1301.8852489014703,-1276.997116818245,-1837.8508349609374
ebd675d7-1b73-5c2e-8bc3-b1751691821c,2022-05-01,-2476.55,-4624.85,-4624.85,-2059.186666666667,-5314.629755411687,-5292.748980954711,-4916.369195556641
ebd675d7-1b73-5c2e-8bc3-b1751691821c,2022-06-01,-3002.62,-2476.55,-2476.55,-2565.09,-3172.396174078896,-3149.922150364067,-2983.4270446777346
ebd675d7-1b73-5c2e-8bc3-b1751691821c,2022-07-01,-3085.28,-3002.62,-3002.62,-3368.0066666666667,-3838.2817260150096,-3802.3378758142217,-2753.0842028808593
ebd675d7-1b73-5c2e-8bc3-b1751691821c,2022-08-01,-3046.37,-3085.28,-3085.28,-2854.816666666667,-3889.7540952963536,-3857.4705863101367,-3019.464394836426
ebd675d7-1b73-5c2e-8bc3-b1751691821c,2022-09-01,-1562.31,-3046.37,-3046.37,-3044.7566666666667,-3893.205320619668,-3855.770233830342,-2783.0673571777343
ebd675d7-1b73-5c2e-8bc3-b1751691821c,2022-10-01,-2220.64,-1562.31,-1562.31,-2564.6533333333336,-2592.571091135944,-2532.6253224096163,-1761.7712731933593
ebd675d7-1b73-5c2e-8bc3-b1751691821c,2022-11-01,-1372.48,-2220.64,-2220.64,-2276.44,-3156.553919248814,-3108.289051875572,-1955.044571533203
ebd675d7-1b73-5c2e-8bc3-b1751691821c,2022-12-01,489.27,-1372.48,-1372.48,-1718.4766666666667,-2433.469654875231,-2370.972683587588,-1237.8509411621094
ebd675d7-1b73-5c2e-8bc3-b1751691821c,2023-01-01,300.04,489.27,489.27,-1034.6166666666666,-550.6372231871001,-494.2574603839611,24.990458984374982
ebd675d7-1b73-5c2e-8bc3-b1751691821c,2023-02-01,43.63,300.04,300.04,-194.39000000000001,-732.4220837611806,-676.5225918529989,30.26137451171877
ebd675d7-1b73-5c2e-8bc3-b1751691821c,2023-03-01,-1185.06,43.63,43.63,277.6466666666667,-940.8613314069045,-891.0508438423971,37.731566791534426
ebd675d7-1b73-5c2e-8bc3-b1751691821c,2023-04-01,-1944.15,-1185.06,-1185.06,-280.4633333333333,-1830.8770494821838,-1823.9628704417923,-1528.2420983886718
ebd675d7-1b73-5c2e-8bc3-b1751691821c,2023-05-01,-1706.68,-1944.15,-1944.15,-1028.5266666666666,-2522.7904184674785,-2522.7026034891633,-2022.905355834961
ebd675d7-1b73-5c2e-8bc3-b1751691821c,2023-06-01,-1663.95,-1706.68,-1706.68,-1611.9633333333331,-2281.58670766101,-2279.1225044262665,-1708.9166728782654
ebd675d7-1b73-5c2e-8bc3-b1751691821c,2023-07-01,-2208.62,-1663.95,-1663.95,-1771.5933333333335,-2243.4270322648536,-2239.3454753263673,-1762.1079971313477
ebd675d7-1b73-5c2e-8bc3-b1751691821c,2023-08-01,-1670.84,-2208.62,-2208.62,-1859.75,-2945.5729775677723,-2920.172393650067,-2268.873189086914
ebd675d7-1b73-5c2e-8bc3-b1751691821c,2023-09-01,-1792.33,-1670.84,-1670.84,-1847.8033333333333,-2313.6854367450687,-2298.450025897194,-1783.4242895507812
ebd675d7-1b73-5c2e-8bc3-b1751691821c,2023-10-01,-1139.0,-1792.33,-1792.33,-1890.5966666666666,-2544.467239213581,-2516.5038499935445,-1621.810987548828
ebd675d7-1b73-5c2e-8bc3-b1751691821c,2023-11-01,-988.91,-1139.0,-1139.0,-1534.0566666666666,-2074.8424386976535,-2026.1668675423066,-1094.6917839050293
ebd675d7-1b73-5c2e-8bc3-b1751691821c,2023-12-01,452.55,-988.91,-988.91,-1306.7466666666667,-1961.2388540120705,-1908.4441106034435,-894.6492654418945
ebd675d7-1b73-5c2e-8bc3-b1751691821c,2024-01-01,345.08,452.55,452.55,-558.4533333333333,-519.089930939597,-469.3863920991583,89.66614990234376
ebd675d7-1b73-5c2e-8bc3-b1751691821c,2024-02-01,177.04,345.08,345.08,-63.75999999999999,-586.4393677551966,-541.6156148617608,109.23467834472655
ebd675d7-1b73-5c2e-8bc3-b1751691821c,2024-03-01,-139.67,177.04,177.04,324.89000000000004,-812.317401474209,-760.377859146719,112.07001403808593
ebd675d7-1b73-5c2e-8bc3-b1751691821c,2024-04-01,-697.12,-139.67,-139.67,127.48333333333333,-905.1353497108153,-883.558788987582,-214.33893768310546
ebd675d7-1b73-5c2e-8bc3-b1751691821c,2024-05-01,-965.24,-697.12,-697.12,-219.91666666666666,-1327.1913648738073,-1322.0679441469526,-924.517705078125
ebd675d7-1b73-5c2e-8bc3-b1751691821c,2024-06-01,-842.41,-965.24,-965.24,-600.6766666666667,-1586.9606265762418,-1580.527021132397,-1003.2202360534668
ebd675d7-1b73-5c2e-8bc3-b1751691821c,2024-07-01,-1870.13,-842.41,-842.41,-834.9233333333333,-1602.1293155637945,-1576.1842851303272,-769.2539636230468
ebd675d7-1b73-5c2e-8bc3-b1751691821c,2024-08-01,10990.18,-1870.13,-1870.13,-1225.9266666666665,-2623.213803807551,-2597.5136819278814,-1496.7051953125
ebd675d7-1b73-5c2e-8bc3-b1751691821c,2024-09-01,17195.16,10990.18,10990.18,2759.213333333333,9924.375252786673,9973.577531705543,12733.232001953125
ebd675d7-1b73-5c2e-8bc3-b1751691821c,2024-10-01,16320.63,17195.16,17195.16,8771.736666666666,15660.358886853643,15764.617515360569,17699.102993164062
ebd675d7-1b73-5c2e-8bc3-b1751691821c,2024-11-01,27639.32,16320.63,16320.63,14835.323333333334,14949.99647662113,15037.3928450706,16860.751643066404
ed7fd650-5c79-504b-ad2b-72ccdef82d1c,2022-01-01,-951.29,,-13252.345000000001,-13252.345000000001,-599.9161128181978,-584.6049202465573,-976.0215454101562
ed7fd650-5c79-504b-ad2b-72ccdef82d1c,2022-02-01,-6016.65,-951.29,-951.29,-951.29,-1534.7791231742224,-1523.6108989309191,-3232.48189453125
ed7fd650-5c79-504b-ad2b-72ccdef82d1c,2022-03-01,-6997.83,-6016.65,-6016.65,-3483.97,-6530.329197164309,-6527.949953156049,-8019.592993164062
ed7fd650-5c79-504b-ad2b-72ccdef82d1c,2022-04-01,-8827.68,-6997.83,-6997.83,-4655.256666666667,-7598.4881746023875,-7585.426660394302,-8906.546552734375
ed7fd650-5c79-504b-ad2b-72ccdef82d1c,2022-05-01,-10384.36,-8827.68,-8827.68,-7280.72,-9370.020582340958,-9362.785428954328,-10634.329658203125
ed7fd650-5c79-504b-ad2b-72ccdef82d1c,2022-06-01,-12696.6,-10384.36,-10384.36,-8736.623333333335,-10891.028837021771,-10889.315604575277,-11875.346572265626
ed7fd650-5c79-504b-ad2b-72ccdef82d1c,2022-07-01,-13430.86,-12696.6,-12696.6,-10636.213333333333,-13015.11651465231,-13034.008808064726,-13724.565942382813
ed7fd650-5c79-504b-ad2b-72ccdef82d1c,2022-08-01,-13462.06,-13430.86,-13430.86,-12170.606666666667,-13830.471345960197,-13838.653375876824,-13901.928756103516
ed7fd650-5c79-504b-ad2b-72ccdef82d1c,2022-09-01,-14584.88,-13462.06,-13462.06,-13196.506666666666,-13944.178498020872,-13942.139925630498,-13830.324190673828
ed7fd650-5c79-504b-ad2b-72ccdef82d1c,2022-10-01,-13339.87,-14584.88,-14584.88,-13825.933333333334,-15058.66189234875,-15058.51970166581,-14120.140650634765
ed7fd650-5c79-504b-ad2b-72ccdef82d1c,2022-11-01,-13017.23,-13339.87,-13339.87,-13795.603333333333,-13913.761759126179,-13901.902993164342,-13100.752141113282
ed7fd650-5c79-504b-ad2b-72ccdef82d1c,2022-12-01,-9662.93,-13017.23,-13017.23,-13647.326666666666,-13589.301712077811,-13578.357387288175,-12846.75716064453
ed7fd650-5c79-504b-ad2b-72ccdef82d1c,2023-01-01,-10317.89,-9662.93,-9662.93,-12006.676666666666,-10363.872921182357,-10339.998634203468,-10556.160651855469
ed7fd650-5c79-504b-ad2b-72ccdef82d1c,2023-02-01,-12724.82,-10317.89,-10317.89,-10999.35,-11012.54449196098,-10989.059984008272,-11447.114853515624
ed7fd650-5c79-504b-ad2b-72ccdef82d1c,2023-03-01,-12928.01,-12724.82,-12724.82,-10901.88,-13219.426266784478,-13221.1963391653,-12530.24039489746
ed7fd650-5c79-504b-ad2b-72ccdef82d1c,2023-04-01,-13340.11,-12928.01,-12928.01,-11990.24,-13515.250616010948,-13503.854125370579,-13195.579274902344
ed7fd650-5c79-504b-ad2b-72ccdef82d1c,2023-05-01,-13771.52,-13340.11,-13340.11,-12997.646666666667,-13912.030799137525,-13900.7817313375,-13705.79099975586
ed7fd650-5c79-504b-ad2b-72ccdef82d1c,2023-06-01,-13475.27,-13771.52,-13771.52,-13346.546666666667,-14318.118152404739,-14310.076612383315,-13892.183307189942
ed7fd650-5c79-504b-ad2b-72ccdef82d1c,2023-07-01,-13266.57,-13475.27,-13475.27,-13528.966666666667,-14034.460822927645,-14024.27743561853,-13530.73649169922
ed7fd650-5c79-504b-ad2b-72ccdef82d1c,2023-08-01,-13159.59,-13266.57,-13266.57,-13504.453333333333,-13836.797823488467,-13825.607980959523,-13204.223160095215
ed7fd650-5c79-504b-ad2b-72ccdef82d1c,2023-09-01,-14276.52,-13159.59,-13159.59,-13300.476666666667,-13774.854315467943,-13758.253321986087,-13226.871105041504
ed7fd650-5c79-504b-ad2b-72ccdef82d1c,2023-10-01,-13508.19,-14276.52,-14276.52,-13567.56,-14859.088723337172,-14846.564364858472,-13611.517985839844
ed7fd650-5c79-504b-ad2b-72ccdef82d1c,2023-11-01,-12900.07,-13508.19,-13508.19,-13648.1,-14115.255595430936,-14100.094763839712,-13375.82752746582
ed7fd650-5c79-504b-ad2b-72ccdef82d1c,2023-12-01,-9442.15,-12900.07,-12900.07,-13561.593333333332,-13524.177694465297,-13507.562635972696,-12837.284469909668
ed7fd650-5c79-504b-ad2b-72ccdef82d1c,2024-01-01,-9175.94,-9442.15,-9442.15,-11950.136666666667,-10147.811599225754,-10123.861348010883,-9840.187536621093
ed7fd650-5c79-504b-ad2b-72ccdef82d1c,2024-02-01,-12940.87,-9175.94,-9175.94,-10506.053333333333,-9897.97965222481,-9871.799069172926,-10575.845029296876
ed7fd650-5c79-504b-ad2b-72ccdef82d1c,2024-03-01,-12821.67,-12940.87,-12940.87,-10519.653333333334,-13455.225855671413,-13453.090200292898,-12702.149373168946
ed7fd650-5c79-504b-ad2b-72ccdef82d1c,2024-04-01,-12732.61,-12821.67,-12821.67,-11646.160000000002,-13328.589282769404,-13327.875767140527,-13257.347215576172
ed7fd650-5c79-504b-ad2b-72ccdef82d1c,2024-05-01,-13082.58,-12732.61,-12732.61,-12831.716666666667,-13165.076887896057,-13172.439181198077,-12967.59568725586
ed7fd650-5c79-504b-ad2b-72ccdef82d1c,2024-06-01,-13550.5,-13082.58,-13082.58,-12878.953333333333,-13662.914676778037,-13650.344419433033,-13410.625501708984
ed7fd650-5c79-504b-ad2b-72ccdef82d1c,2024-07-01,-11634.72,-13550.5,-13550.5,-13121.896666666667,-14026.028144844793,-14027.074876854273,-13501.975025177002
ed7fd650-5c79-504b-ad2b-72ccdef82d1c,2024-08-01,-11260.97,-11634.72,-11634.72,-12755.933333333334,-12153.389597888328,-12149.624928774565,-12224.645537109374
ed7fd650-5c79-504b-ad2b-72ccdef82d1c,2024-09-01,-12439.06,-11260.97,-11260.97,-12148.730000000001,-11901.577802927975,-11883.180490542556,-12410.977080078124
ed7fd650-5c79-504b-ad2b-72ccdef82d1c,2024-10-01,-7384.58,-12439.06,-12439.06,-11778.25,-12984.520840061103,-12977.743032583852,-12897.02368408203
ed7fd650-5c79-504b-ad2b-72ccdef82d1c,2024-11-01,-7361.3,-7384.58,-7384.58,-10361.536666666667,-8134.787973383505,-8105.845260177226,-9166.768720703125
edd50e13-76a0-5895-9e7a-6c24ae5ed4fd,2022-01-01,-6524.33,,-13252.345000000001,-13252.345000000001,-599.9161128181978,-584.6049202465573,-976.0215454101562
edd50e13-76a0-5895-9e7a-6c24ae5ed4fd,2022-02-01,-8908.77,-6524.33,-6524.33,-6524.33,-6985.610387054099,-6988.660310489095,-10657.11271484375
edd50e13-76a0-5895-9e7a-6c24ae5ed4fd,2022-03-01,-14771.4,-8908.77,-8908.77,-7716.55,-9420.403937690447,-9419.521243722675,-12739.16892578125
edd50e13-76a0-5895-9e7a-6c24ae5ed4fd,2022-04-01,-18761.25,-14771.4,-14771.4,-10068.166666666666,-15200.6035776462,-15205.389046703218,-18312.8423828125
edd50e13-76a0-5895-9e7a-6c24ae5ed4fd,2022-05-01,-25945.31,-18761.25,-18761.25,-14147.14,-19143.085532971985,-19155.96045705691,-23427.59033203125
edd50e13-76a0-5895-9e7a-6c24ae5ed4fd,2022-06-01,-36491.21,-25945.31,-25945.31,-19825.986666666668,-26228.042937294245,-26251.667922129036,-32131.17669921875
edd50e13-76a0-5895-9e7a-6c24ae5ed4fd,2022-07-01,-44520.9,-36491.21,-36491.21,-27065.923333333336,-36390.99450523338,-36455.491989174254,-41915.4043359375
edd50e13-76a0-5895-9e7a-6c24ae5ed4fd,2022-08-01,-52007.32,-44520.9,-44520.9,-35652.473333333335,-44401.42864449069,-44465.01728435518,-49669.73154296875
edd50e13-76a0-5895-9e7a-6c24ae5ed4fd,2022-09-01,-55845.88,-52007.32,-52007.32,-44339.81,-51788.03983519341,-51863.471799042025,-56641.5592578125
edd50e13-76a0-5895-9e7a-6c24ae5ed4fd,2022-10-01,-58961.8,-55845.88,-55845.88,-50791.36666666667,-55620.150561549686,-55697.29025985155,-60453.18517578125
edd50e13-76a0-5895-9e7a-6c24ae5ed4fd,2022-11-01,-63356.41,-58961.8,-58961.8,-55605.0,-58782.87558472191,-58853.17542457455,-63146.4611328125
edd50e13-76a0-5895-9e7a-6c24ae5ed4fd,2022-12-01,-54968.84,-63356.41,-63356.41,-59388.03,-63229.73130814711,-63291.15856982047,-63694.40642944336
edd50e13-76a0-5895-9e7a-6c24ae5ed4fd,2023-01-01,-57014.8,-54968.84,-54968.84,-59095.68333333333,-55090.05436164916,-55127.55012023855,-55544.212436523434
edd50e13-76a0-5895-9e7a-6c24ae5ed4fd,2023-02-01,-57476.09,-57014.8,-57014.8,-58446.68333333333,-57061.157768597004,-57107.81345925149,-58005.6392944336
edd50e13-76a0-5895-9e7a-6c24ae5ed4fd,2023-03-01,-59512.8,-57476.09,-57476.09,-56486.57666666666,-57663.55846321931,-57692.895057539405,-58519.58377441406
edd50e13-76a0-5895-9e7a-6c24ae5ed4fd,2023-04-01,-61638.55,-59512.8,-59512.8,-58001.23,-59580.86443182222,-59624.06209006503,-60313.07337646485
edd50e13-76a0-5895-9e7a-6c24ae5ed4fd,2023-05-01,-62673.29,-61638.55,-61638.55,-59542.48,-61605.065042106005,-61660.224647410134,-62698.5353515625
edd50e13-76a0-5895-9e7a-6c24ae5ed4fd,2023-06-01,-60621.94,-62673.29,-62673.29,-61274.880000000005,-62490.22211340821,-62567.300569337145,-61444.48873046875
edd50e13-76a0-5895-9e7a-6c24ae5ed4fd,2023-07-01,-60199.98,-60621.94,-60621.94,-61644.593333333345,-60724.251525129,-60762.60911486236,-60446.61521667481
edd50e13-76a0-5895-9e7a-6c24ae5ed4fd,2023-08-01,-60923.01,-60199.98,-60199.98,-61165.07000000001,-60264.5108341755,-60307.99933489748,-60644.16655395508
edd50e13-76a0-5895-9e7a-6c24ae5ed4fd,2023-09-01,-63419.13,-60923.01,-60923.01,-60581.64333333333,-60976.84887479636,-61021.57905275049,-61213.64104248047
edd50e13-76a0-5895-9e7a-6c24ae5ed4fd,2023-10-01,-59132.66,-63419.13,-63419.13,-61514.04,-63408.209440780694,-63461.57489171429,-61755.74694335937
edd50e13-76a0-5895-9e7a-6c24ae5ed4fd,2023-11-01,-59554.41,-59132.66,-59132.66,-61158.26666666667,-59325.5639673963,-59355.43435633003,-58829.88024536133
edd50e13-76a0-5895-9e7a-6c24ae5ed4fd,2023-12-01,-52740.06,-59554.41,-59554.41,-60702.06666666667,-59715.394049842034,-59747.623759734895,-59451.7545892334
edd50e13-76a0-5895-9e7a-6c24ae5ed4fd,2024-01-01,-53488.27,-52740.06,-52740.06,-57142.37666666667,-53142.837981781995,-53147.502668307185,-53686.086733398435
edd50e13-76a0-5895-9e7a-6c24ae5ed4fd,2024-02-01,-52497.65,-53488.27,-53488.27,-55260.91333333333,-53733.28881469497,-53758.78112624078,-54566.01279785156
edd50e13-76a0-5895-9e7a-6c24ae5ed4fd,2024-03-01,-61642.67,-52497.65,-52497.65,-52908.659999999996,-52815.71211638722,-52833.302795550735,-54218.01694335938
edd50e13-76a0-5895-9e7a-6c24ae5ed4fd,2024-04-01,-66262.85,-61642.67,-61642.67,-55876.19666666666,-61381.88433752614,-61468.41854465781,-63735.41169921875
edd50e13-76a0-5895-9e7a-6c24ae5ed4fd,2024-05-01,-66042.04,-66262.85,-66262.85,-60134.39000000001,-66018.25191589787,-66096.82392277653,-67720.144921875
edd50e13-76a0-5895-9e7a-6c24ae5ed4fd,2024-06-01,-63702.97,-66042.04,-66042.04,-64649.18666666667,-65867.16519416492,-65936.96101232465,-66693.46913818359
edd50e13-76a0-5895-9e7a-6c24ae5ed4fd,2024-07-01,-68748.86,-63702.97,-63702.97,-65335.95333333333,-63659.29705040952,-63713.567363487884,-63997.88714477539
edd50e13-76a0-5895-9e7a-6c24ae5ed4fd,2024-08-01,-60497.65,-68748.86,-68748.86,-66164.62333333334,-68560.87770354943,-68632.74146062696,-69532.57746826172
edd50e13-76a0-5895-9e7a-6c24ae5ed4fd,2024-09-01,-39058.56,-60497.65,-60497.65,-64316.49333333334,-60540.102154795706,-60588.88291430427,-61629.37058105469
edd50e13-76a0-5895-9e7a-6c24ae5ed4fd,2024-10-01,-43738.67,-39058.56,-39058.56,-56101.69,-39733.13955777279,-39715.245993463664,-40755.031069335935
edd50e13-76a0-5895-9e7a-6c24ae5ed4fd,2024-11-01,-51318.35,-43738.67,-43738.67,-47764.96,-44372.003775443416,-44357.98069180486,-46194.42146484375
ef348d93-b341-5e02-8f5c-4090016d6e8c,2022-01-01,5300.38,,-13252.345000000001,-13252.345000000001,-599.9161128181978,-584.6049202465573,-976.0215454101562
ef348d93-b341-5e02-8f5c-4090016d6e8c,2022-02-01,4079.43,5300.38,5300.38,5300.38,4646.273707062163,4665.189010991211,4393.379877929688
ef348d93-b341-5e02-8f5c-4090016d6e8c,2022-03-01,4517.33,4079.43,4079.43,4689.905,3386.8325889828957,3410.9325274137386,3074.487861328125
ef348d93-b341-5e02-8f5c-4090016d6e8c,2022-04-01,5144.1,4517.33,4517.33,4632.38,3789.947889173889,3816.317206475866,4030.2354260253906
ef348d93-b341-5e02-8f5c-4090016d6e8c,2022-05-01,5147.84,5144.1,5144.1,4580.286666666667,4504.970104218295,4520.557221255677,4654.315209960938
ef348d93-b341-5e02-8f5c-4090016d6e8c,2022-06-01,5374.59,5147.84,5147.84,4936.423333333333,4369.207152196531,4403.213565510901,4794.228244628906
ef348d93-b341-5e02-8f5c-4090016d6e8c,2022-07-01,5999.51,5374.59,5374.59,5222.176666666667,4432.980813638627,4483.005906489852,5254.7282598876955
ef348d93-b341-5e02-8f5c-4090016d6e8c,2022-08-01,5763.36,5999.51,5999.51,5507.313333333334,5057.699036763394,5108.474734458452,5746.918142089844
ef348d93-b341-5e02-8f5c-4090016d6e8c,2022-09-01,6939.79,5763.36,5763.36,5712.486666666667,4855.794155500764,4902.636290198249,5802.151801452636
ef348d93-b341-5e02-8f5c-4090016d6e8c,2022-10-01,6895.17,6939.79,6939.79,6234.22,6140.725766608453,6172.714634862619,6598.307181396484
ef348d93-b341-5e02-8f5c-4090016d6e8c,2022-11-01,6777.89,6895.17,6895.17,6532.7733333333335,5984.65179474873,6030.812235850938,6578.530748291016
ef348d93-b341-5e02-8f5c-4090016d6e8c,2022-12-01,5437.9,6777.89,6777.89,6870.950000000001,5960.983654879014,5995.281136538234,6524.786301269532
ef348d93-b341-5e02-8f5c-4090016d6e8c,2023-01-01,3762.6,5437.9,5437.9,6370.32,4654.944060989708,4685.953444322177,5345.721968078613
ef348d93-b341-5e02-8f5c-4090016d6e8c,2023-02-01,5592.99,3762.6,3762.6,5326.13,3013.188281088341,3039.0602018443824,4386.227380371094
ef348d93-b341-5e02-8f5c-4090016d6e8c,2023-03-01,2205.71,5592.99,5592.99,4931.163333333333,4783.026902560574,4817.0239570355,5016.26490234375
ef348d93-b341-5e02-8f5c-4090016d6e8c,2023-04-01,2405.58,2205.71,2205.71,3853.7666666666664,1429.6047697029824,1458.4536761668153,2124.873963317871
ef348d93-b341-5e02-8f5c-4090016d6e8c,2023-05-01,3342.62,2405.58,2405.58,3401.4266666666663,1743.0041436292902,1758.4665141980054,2499.756284790039
ef348d93-b341-5e02-8f5c-4090016d6e8c,2023-06-01,2326.87,3342.62,3342.62,2651.3033333333333,2564.302978098038,2594.9785755195558,2987.9404956054686
ef348d93-b341-5e02-8f5c-4090016d6e8c,2023-07-01,2939.29,2326.87,2326.87,2691.69,1521.6605311634453,1556.4128841785107,2272.4966746520995
ef348d93-b341-5e02-8f5c-4090016d6e8c,2023-08-01,2595.43,2939.29,2939.29,2869.593333333333,2150.6927986478586,2181.7098254649636,2789.1118994140625
ef348d93-b341-5e02-8f5c-4090016d6e8c,2023-09-01,2225.04,2595.43,2595.43,2620.5299999999997,1909.9209269955454,1929.1026694068637,2522.40802734375
ef348d93-b341-5e02-8f5c-4090016d6e8c,2023-10-01,4076.11,2225.04,2225.04,2586.5866666666666,1424.91622556565,1458.6894752511766,2820.9173803710937
ef348d93-b341-5e02-8f5c-4090016d6e8c,2023-11-01,2151.56,4076.11,4076.11,2965.5266666666666,3383.080248212591,3403.9324460010334,3533.2206567382814
ef348d93-b341-5e02-8f5c-4090016d6e8c,2023-12-01,2587.91,2151.56,2151.56,2817.5699999999997,1493.698925041927,1510.3165349138505,2450.1514306640624
ef348d93-b341-5e02-8f5c-4090016d6e8c,2024-01-01,2816.08,2587.91,2587.91,2938.5266666666666,1963.0640593252474,1974.5475422576492,2770.192485961914
ef348d93-b341-5e02-8f5c-4090016d6e8c,2024-02-01,2488.92,2816.08,2816.08,2518.5166666666664,2113.173126073909,2134.162628182969,3079.436689453125
ef348d93-b341-5e02-8f5c-4090016d6e8c,2024-03-01,2575.56,2488.92,2488.92,2630.97,1799.7680196304716,1818.7090068387474,2699.3114031982423
ef348d93-b341-5e02-8f5c-4090016d6e8c,2024-04-01,2638.01,2575.56,2575.56,2626.853333333333,1888.2251338954998,1907.4587761707853,2783.2354302978515
ef348d93-b341-5e02-8f5c-4090016d6e8c,2024-05-01,2763.83,2638.01,2638.01,2567.4966666666664,1810.026709747337,1846.80587597284,2682.549157867432
ef348d93-b341-5e02-8f5c-4090016d6e8c,2024-06-01,2640.25,2763.83,2763.83,2659.133333333333,1914.1334117002243,1953.7229542268492,2772.214557723999
ef348d93-b341-5e02-8f5c-4090016d6e8c,2024-07-01,1019.18,2640.25,2640.25,2680.6966666666667,1769.4224280951776,1811.471826768269,2439.4996185302734
ef348d93-b341-5e02-8f5c-4090016d6e8c,2024-08-01,1488.54,1019.18,1019.18,2141.0866666666666,433.6133550745227,442.36973483781856,548.4473034667968
ef348d93-b341-5e02-8f5c-4090016d6e8c,2024-09-01,-5753.81,1488.54,1488.54,1715.9899999999998,950.1697133861762,951.7638629396786,435.37422851562496
ef348d93-b341-5e02-8f5c-4090016d6e8c,2024-10-01,-9075.8,-5753.81,-5753.81,-1082.0300000000002,-5919.312996720946,-5964.7910522098655,-6870.535341796875
ef348d93-b341-5e02-8f5c-4090016d6e8c,2024-11-01,-12574.12,-9075.8,-9075.8,-4447.0233333333335,-9281.048148967267,-9318.765816973933,-9290.122937011718
ef9f6ab8-d5aa-5b0c-a833-6560adcf7866,2022-01-01,1951.98,,-13252.345000000001,-13252.345000000001,-599.9161128181978,-584.6049202465573,-976.0215454101562
ef9f6ab8-d5aa-5b0c-a833-6560adcf7866,2022-02-01,1654.95,1951.98,1951.98,1951.98,1318.5962004468852,1336.7636947619958,1764.9341320800781
ef9f6ab8-d5aa-5b0c-a833-6560adcf7866,2022-03-01,1301.0,1654.95,1654.95,1803.4650000000001,936.2095389137971,964.9859410164019,1196.9201232910157
ef9f6ab8-d5aa-5b0c-a833-6560adcf7866,2022-04-01,1864.84,1301.0,1301.0,1635.9766666666667,553.8128226244911,584.0843980822776,1115.1519317626953
ef9f6ab8-d5aa-5b0c-a833-6560adcf7866,2022-05-01,1186.34,1864.84,1864.84,1606.93,1135.421108383655,1163.4033950063017,1569.0502966308593
ef9f6ab8-d5aa-5b0c-a833-6560adcf7866,2022-06-01,1935.11,1186.34,1186.34,1450.7266666666667,451.3839342476083,480.9572407064454,1255.7403143310546
ef9f6ab8-d5aa-5b0c-a833-6560adcf7866,2022-07-01,1145.61,1935.11,1935.11,1662.0966666666666,1056.1086016510387,1100.3860152189718,1960.9548066711425
ef9f6ab8-d5aa-5b0c-a833-6560adcf7866,2022-08-01,806.31,1145.61,1145.61,1422.3533333333332,315.28286476223775,353.7449819229489,1570.1081994628905
ef9f6ab8-d5aa-5b0c-a833-6560adcf7866,2022-09-01,2502.72,806.31,806.31,1295.6766666666665,-27.755824077896932,12.254042691601057,1005.2742486572265
ef9f6ab8-d5aa-5b0c-a833-6560adcf7866,2022-10-01,1098.8,2502.72,2502.72,1484.8799999999999,1688.3029579147358,1725.4887740233407,2402.2909838867185
ef9f6ab8-d5aa-5b0c-a833-6560adcf7866,2022-11-01,1748.0,1098.8,1098.8,1469.2766666666666,324.4590153778677,356.37470705004034,1285.0372589111328
ef9f6ab8-d5aa-5b0c-a833-6560adcf7866,2022-12-01,1037.25,1748.0,1748.0,1783.1733333333334,928.5576140766075,966.5498513654372,1721.532377243042
ef9f6ab8-d5aa-5b0c-a833-6560adcf7866,2023-01-01,983.48,1037.25,1037.25,1294.6833333333334,262.43751118423074,294.6984930884762,1446.3388977050781
ef9f6ab8-d5aa-5b0c-a833-6560adcf7866,2023-02-01,689.89,983.48,983.48,1256.2433333333333,200.74426080741057,233.82704808735787,1153.5501751708985
ef9f6ab8-d5aa-5b0c-a833-6560adcf7866,2023-03-01,667.63,689.89,689.89,903.54,-74.43904187843452,-43.28874598928155,991.4904638671875
ef9f6ab8-d5aa-5b0c-a833-6560adcf7866,2023-04-01,823.95,667.63,667.63,780.3333333333334,-68.014869634452,-40.41438861945733,822.0286053466797
ef9f6ab8-d5aa-5b0c-a833-6560adcf7866,2023-05-01,712.5,823.95,823.95,727.1566666666666,57.38688331472531,89.094064946358,986.2238342285157
ef9f6ab8-d5aa-5b0c-a833-6560adcf7866,2023-06-01,608.12,712.5,712.5,734.6933333333333,-45.65243234135039,-15.26211557495867,897.5247344970703
ef9f6ab8-d5aa-5b0c-a833-6560adcf7866,2023-07-01,973.57,608.12,608.12,714.8566666666666,-145.87644307313042,-116.03419635363832,669.1001216125488
ef9f6ab8-d5aa-5b0c-a833-6560adcf7866,2023-08-01,287.67,973.57,973.57,764.73,161.64908641521095,199.3042334900391,1041.0717700195314
ef9f6ab8-d5aa-5b0c-a833-6560adcf7866,2023-09-01,1282.5,287.67,287.67,623.12,-487.29684710587577,-454.57316322902767,710.6867236328126
ef9f6ab8-d5aa-5b0c-a833-6560adcf7866,2023-10-01,257.62,1282.5,1282.5,847.9133333333334,489.66007744988565,524.1282612002659,1299.531494140625
ef9f6ab8-d5aa-5b0c-a833-6560adcf7866,2023-11-01,218.79,257.62,257.62,609.2633333333333,-463.26121378015466,-437.8472672235405,840.1926318359375
ef9f6ab8-d5aa-5b0c-a833-6560adcf7866,2023-12-01,599.27,218.79,218.79,586.3033333333333,-523.187558922129,-495.27210567487157,509.85857299804684
ef9f6ab8-d5aa-5b0c-a833-6560adcf7866,2024-01-01,47.44,599.27,599.27,358.55999999999995,-128.907581020429,-102.92626745315931,772.4870867919922
ef9f6ab8-d5aa-5b0c-a833-6560adcf7866,2024-02-01,773.0,47.44,47.44,288.5,-697.418771047895,-669.8356890055813,474.60351318359375
ef9f6ab8-d5aa-5b0c-a833-6560adcf7866,2024-03-01,94.79,773.0,773.0,473.2366666666667,33.854931466651124,60.513792792189406,908.6992950439453
ef9f6ab8-d5aa-5b0c-a833-6560adcf7866,2024-04-01,184.97,94.79,94.79,305.07666666666665,-533.1705673325745,-520.0570716394602,328.6698522949219
ef9f6ab8-d5aa-5b0c-a833-6560adcf7866,2024-05-01,494.92,184.97,184.97,350.92,-545.4932494693771,-519.6226647445534,337.08079406738284
ef9f6ab8-d5aa-5b0c-a833-6560adcf7866,2024-06-01,606.19,494.92,494.92,258.22666666666663,-208.22072072381485,-186.3347986511199,598.4901217651368
ef9f6ab8-d5aa-5b0c-a833-6560adcf7866,2024-07-01,-431.34,606.19,606.19,428.6933333333334,-124.55163807728968,-99.38424745290547,690.8738073730469
ef9f6ab8-d5aa-5b0c-a833-6560adcf7866,2024-08-01,1135.63,-431.34,-431.34,223.2566666666667,-933.3279441590626,-936.6666372529419,-229.8499639892578
ef9f6ab8-d5aa-5b0c-a833-6560adcf7866,2024-09-01,6967.76,1135.63,1135.63,436.82666666666677,483.1153584876033,495.17723851967435,1247.6261395263673
ef9f6ab8-d5aa-5b0c-a833-6560adcf7866,2024-10-01,5172.25,6967.76,6967.76,2557.35,5860.185351380661,5919.742821133883,5868.686391601563
ef9f6ab8-d5aa-5b0c-a833-6560adcf7866,2024-11-01,5147.48,5172.25,5172.25,4425.213333333333,4281.003483052801,4316.710209078688,4703.094818115234
f17d52e7-c307-50d4-abf8-0153794ab2cb,2022-01-01,-1936.88,,-13252.345000000001,-13252.345000000001,-599.9161128181978,-584.6049202465573,-976.0215454101562
f17d52e7-c307-50d4-abf8-0153794ab2cb,2022-02-01,-4003.44,-1936.88,-1936.88,-1936.88,-2422.647722876445,-2424.421882701908,-5693.027216796875
f17d52e7-c307-50d4-abf8-0153794ab2cb,2022-03-01,-5785.97,-4003.44,-4003.44,-2970.16,-4590.332000868045,-4578.015880279612,-7771.5342382812505
f17d52e7-c307-50d4-abf8-0153794ab2cb,2022-04-01,-7008.63,-5785.97,-5785.97,-3908.763333333334,-6387.104852410554,-6373.658701320322,-7629.534575195313
f17d52e7-c307-50d4-abf8-0153794ab2cb,2022-05-01,-7510.18,-7008.63,-7008.63,-5599.346666666667,-7582.949360363239,-7573.01914111027,-8197.935786132814
f17d52e7-c307-50d4-abf8-0153794ab2cb,2022-06-01,-9467.92,-7510.18,-7510.18,-6768.260000000001,-8085.045185186607,-8074.547918851107,-8325.460639648438
f17d52e7-c307-50d4-abf8-0153794ab2cb,2022-07-01,-12014.63,-9467.92,-9467.92,-7995.576666666667,-9910.670663771602,-9916.07967546322,-11058.335161132813
f17d52e7-c307-50d4-abf8-0153794ab2cb,2022-08-01,-15685.29,-12014.63,-12014.63,-9664.243333333334,-12345.89937349796,-12364.882585861485,-13775.35607421875
f17d52e7-c307-50d4-abf8-0153794ab2cb,2022-09-01,-17242.57,-15685.29,-15685.29,-12389.279999999999,-15920.257799390403,-15950.15528346296,-18020.026083984376
f17d52e7-c307-50d4-abf8-0153794ab2cb,2022-10-01,-17378.14,-17242.57,-17242.57,-14980.83,-17626.342848255088,-17635.337078928373,-19104.449516601562
f17d52e7-c307-50d4-abf8-0153794ab2cb,2022-11-01,-20321.49,-17378.14,-17378.14,-16768.666666666668,-17787.912944174925,-17794.577025692342,-18707.148056640624
f17d52e7-c307-50d4-abf8-0153794ab2cb,2022-12-01,-23080.02,-20321.49,-20321.49,-18314.06666666667,-20659.496248285723,-20675.537734299087,-19912.28086303711
f17d52e7-c307-50d4-abf8-0153794ab2cb,2023-01-01,-21538.06,-23080.02,-23080.02,-20259.883333333335,-23329.944463469248,-23356.938834597702,-23680.26688720703
f17d52e7-c307-50d4-abf8-0153794ab2cb,2023-02-01,-21266.84,-21538.06,-21538.06,-21646.523333333334,-21969.686933044155,-21973.62869591626,-21765.041216430665
f17d52e7-c307-50d4-abf8-0153794ab2cb,2023-03-01,-22204.66,-21266.84,-21266.84,-21961.64,-21770.574785841287,-21765.498251178647,-21787.577243652344
f17d52e7-c307-50d4-abf8-0153794ab2cb,2023-04-01,-24135.68,-22204.66,-22204.66,-21669.853333333333,-22656.03825830509,-22659.181633558008,-22918.1844140625
f17d52e7-c307-50d4-abf8-0153794ab2cb,2023-05-01,-25344.2,-24135.68,-24135.68,-22535.726666666666,-24545.585980682547,-24551.04311532623,-24906.221137695313
f17d52e7-c307-50d4-abf8-0153794ab2cb,2023-06-01,-30054.14,-25344.2,-25344.2,-23894.846666666668,-25739.162171808213,-25748.10803371023,-26362.966357421876
f17d52e7-c307-50d4-abf8-0153794ab2cb,2023-07-01,-32800.17,-30054.14,-30054.14,-26511.339999999997,-30305.86343542369,-30330.114030276218,-31521.992783203124
f17d52e7-c307-50d4-abf8-0153794ab2cb,2023-08-01,-34356.54,-32800.17,-32800.17,-29399.50333333333,-33006.30724492664,-33036.020992087004,-35110.12385742187
f17d52e7-c307-50d4-abf8-0153794ab2cb,2023-09-01,-34022.58,-34356.54,-34356.54,-32403.616666666665,-34554.106023417065,-34583.470911263496,-34910.24556640625
f17d52e7-c307-50d4-abf8-0153794ab2cb,2023-10-01,-36969.9,-34022.58,-34022.58,-33726.43,-34289.6481777897,-34311.04878305348,-35319.24003417969
f17d52e7-c307-50d4-abf8-0153794ab2cb,2023-11-01,-38412.39,-36969.9,-36969.9,-35116.340000000004,-37086.22873262591,-37124.00614973312,-38536.3150390625
f17d52e7-c307-50d4-abf8-0153794ab2cb,2023-12-01,-40189.41,-38412.39,-38412.39,-36468.29,-38617.322547315205,-38642.84430154225,-39214.48484863281
f17d52e7-c307-50d4-abf8-0153794ab2cb,2024-01-01,-39327.67,-40189.41,-40189.41,-38523.9,-40267.12202782315,-40311.034802696435,-41081.28652587891
f17d52e7-c307-50d4-abf8-0153794ab2cb,2024-02-01,-38950.37,-39327.67,-39327.67,-39309.823333333334,-39544.69603599427,-39571.659952526694,-39232.71300689697
f17d52e7-c307-50d4-abf8-0153794ab2cb,2024-03-01,-39490.44,-38950.37,-38950.37,-39489.15,-39224.250052523894,-39243.03114595778,-39497.71790039063
f17d52e7-c307-50d4-abf8-0153794ab2cb,2024-04-01,-39989.56,-39490.44,-39490.44,-39256.159999999996,-39705.90695734309,-39732.85148847182,-40133.03881591797
f17d52e7-c307-50d4-abf8-0153794ab2cb,2024-05-01,-40688.28,-39989.56,-39989.56,-39476.79,-40271.13695961491,-40290.11882736065,-40484.10852294922
f17d52e7-c307-50d4-abf8-0153794ab2cb,2024-06-01,-47160.72,-40688.28,-40688.28,-40056.09333333333,-40894.40000763686,-40922.815484138766,-41633.76791503906
f17d52e7-c307-50d4-abf8-0153794ab2cb,2024-07-01,-49280.46,-47160.72,-47160.72,-42612.85333333333,-47103.992808482384,-47164.26103326577,-49360.021025390626
f17d52e7-c307-50d4-abf8-0153794ab2cb,2024-08-01,-37109.74,-49280.46,-49280.46,-45709.82,-49410.57200687986,-49447.42026222434,-49564.12940307617
f17d52e7-c307-50d4-abf8-0153794ab2cb,2024-09-01,-57842.77,-37109.74,-37109.74,-44516.97333333333,-37471.731587550144,-37485.25307123823,-39404.63477539062
f17d52e7-c307-50d4-abf8-0153794ab2cb,2024-10-01,-57189.51,-57842.77,-57842.77,-48077.65666666667,-57657.62058628803,-57731.199993374976,-58863.060222167966
f17d52e7-c307-50d4-abf8-0153794ab2cb,2024-11-01,-52765.31,-57189.51,-57189.51,-50714.00666666666,-57177.97876171333,-57232.63331511017,-57279.05364013672
f213c54e-b047-5bab-a51f-0f141606dd18,2022-01-01,-6326.92,,-13252.345000000001,-13252.345000000001,-599.9161128181978,-584.6049202465573,-976.0215454101562
f213c54e-b047-5bab-a51f-0f141606dd18,2022-02-01,-6235.13,-6326.92,-6326.92,-6326.92,-6921.52150280096,-6908.645892161889,-6496.704713745117
f213c54e-b047-5bab-a51f-0f141606dd18,2022-03-01,-6143.14,-6235.13,-6235.13,-6281.025,-6981.772644897608,-6948.422389886195,-6409.525965576172
f213c54e-b047-5bab-a51f-0f141606dd18,2022-04-01,-6050.95,-6143.14,-6143.14,-6235.063333333334,-6896.920269094802,-6862.662719436543,-6410.299545898438
f213c54e-b047-5bab-a51f-0f141606dd18,2022-05-01,-5958.56,-6050.95,-6050.95,-6143.073333333334,-6831.135465719182,-6794.129434195864,-6076.369691085815
f213c54e-b047-5bab-a51f-0f141606dd18,2022-06-01,-5865.96,-5958.56,-5958.56,-6050.883333333334,-6736.626326989186,-6699.908161037545,-5983.979691085816
f213c54e-b047-5bab-a51f-0f141606dd18,2022-07-01,-5773.16,-5865.96,-5865.96,-5958.490000000001,-6398.912504772812,-6397.018165882347,-5766.487503967285
f213c54e-b047-5bab-a51f-0f141606dd18,2022-08-01,-5680.16,-5773.16,-5773.16,-5865.893333333333,-6590.931630617948,-6549.471071426736,-5786.461792144775
f213c54e-b047-5bab-a51f-0f141606dd18,2022-09-01,-5586.95,-5680.16,-5680.16,-5773.093333333333,-6495.9898775809015,-6454.799333689934,-5693.461792144775
f213c54e-b047-5bab-a51f-0f141606dd18,2022-10-01,-5493.54,-5586.95,-5586.95,-5680.09,-6400.822145671282,-6359.903351391799,-5600.251792144775
f213c54e-b047-5bab-a51f-0f141606dd18,2022-11-01,-5399.92,-5493.54,-5493.54,-5586.883333333334,-6305.456908051261,-6264.809606137775,-5506.841792144775
f213c54e-b047-5bab-a51f-0f141606dd18,2022-12-01,-18644.55,-5399.92,-5399.92,-5493.47,-6209.894915863314,-6169.51771603745,-5373.1735610198975
f213c54e-b047-5bab-a51f-0f141606dd18,2023-01-01,-18579.86,-18644.55,-18644.55,-9846.003333333334,-18520.417604212464,-18602.57301996527,-18561.062214660644
f213c54e-b047-5bab-a51f-0f141606dd18,2023-02-01,-20108.49,-18579.86,-18579.86,-14208.11,-18731.609120117486,-18775.223888714463,-18689.438430175782
f213c54e-b047-5bab-a51f-0f141606dd18,2023-03-01,-20047.02,-20108.49,-20108.49,-19110.96666666667,-20172.741652110657,-20224.534527341788,-20195.738672485353
f213c54e-b047-5bab-a51f-0f141606dd18,2023-04-01,-19985.42,-20047.02,-20047.02,-19578.45666666667,-20228.58805715505,-20266.806991020512,-19966.884601135254
f213c54e-b047-5bab-a51f-0f141606dd18,2023-05-01,-19923.68,-19985.42,-19985.42,-20046.97666666667,-20176.00831523416,-20213.06563090385,-19914.50535003662
f213c54e-b047-5bab-a51f-0f141606dd18,2023-06-01,-19861.81,-19923.68,-19923.68,-19985.373333333333,-20261.960199799338,-20280.475944088368,-19800.766853027344
f213c54e-b047-5bab-a51f-0f141606dd18,2023-07-01,-19799.8,-19861.81,-19861.81,-19923.63666666667,-20222.278525120346,-20240.098287411554,-19938.23402648926
f213c54e-b047-5bab-a51f-0f141606dd18,2023-08-01,-19737.65,-19799.8,-19799.8,-19861.763333333332,-20165.189952114546,-20182.42240730018,-19861.19945602417
f213c54e-b047-5bab-a51f-0f141606dd18,2023-09-01,-19675.37,-19737.65,-19737.65,-19799.75333333333,-20379.021954776854,-20356.525535650842,-19765.227882766725
f213c54e-b047-5bab-a51f-0f141606dd18,2023-10-01,-19612.95,-19675.37,-19675.37,-19737.60666666667,-20314.525321659865,-20292.326541167484,-19685.81926738739
f213c54e-b047-5bab-a51f-0f141606dd18,2023-11-01,-19550.39,-19612.95,-19612.95,-19675.323333333334,-20249.886112866494,-20227.985256713346,-19608.7714468956
f213c54e-b047-5bab-a51f-0f141606dd18,2023-12-01,-19487.7,-19550.39,-19550.39,-19612.903333333332,-20185.098742553302,-20163.496672807396,-19536.130900993347
f213c54e-b047-5bab-a51f-0f141606dd18,2024-01-01,-19424.87,-19487.7,-19487.7,-19550.346666666665,-20120.1813414673,-20098.87804469129,-19473.440900993348
f213c54e-b047-5bab-a51f-0f141606dd18,2024-02-01,-27998.69,-19424.87,-19424.87,-19487.653333333332,-20055.132223664812,-20034.126816922188,-19439.97626888275
f213c54e-b047-5bab-a51f-0f141606dd18,2024-03-01,-27954.58,-27998.69,-27998.69,-22303.75333333333,-28116.074104811745,-28155.085398977986,-27979.386126937865
f213c54e-b047-5bab-a51f-0f141606dd18,2024-04-01,-27910.37,-27954.58,-27954.58,-25126.046666666665,-28094.36319502118,-28137.731578945775,-28013.106432037355
f213c54e-b047-5bab-a51f-0f141606dd18,2024-05-01,-27866.07,-27910.37,-27910.37,-27954.546666666665,-28025.187257338872,-28070.611215161138,-28011.548581237792
f213c54e-b047-5bab-a51f-0f141606dd18,2024-06-01,-27821.67,-27866.07,-27866.07,-27910.34,-28033.370096918763,-28073.33292772278,-27855.614320106506
f213c54e-b047-5bab-a51f-0f141606dd18,2024-07-01,-27778.74,-27821.67,-27821.67,-27866.036666666667,-27994.43113218084,-28033.850797819705,-27871.211118621824
f213c54e-b047-5bab-a51f-0f141606dd18,2024-08-01,-27712.49,-27778.74,-27778.74,-27822.160000000003,-27986.227633363564,-28021.314484711056,-27799.777775039674
f213c54e-b047-5bab-a51f-0f141606dd18,2024-09-01,-27645.22,-27712.49,-27712.49,-27770.966666666664,-28240.091334779572,-28230.092884343176,-27851.52128051758
f213c54e-b047-5bab-a51f-0f141606dd18,2024-10-01,-27577.88,-27645.22,-27645.22,-27712.150000000005,-28170.80812139149,-28161.08779745155,-27820.221235961915
f213c54e-b047-5bab-a51f-0f141606dd18,2024-11-01,-27530.7,-27577.88,-27577.88,-27645.19666666667,-28101.52110093662,-28092.070781635222,-27776.188334350587
f245083d-be42-588d-bd06-ede811207b5f,2022-01-01,-3510.96,,-13252.345000000001,-13252.345000000001,-599.9161128181978,-584.6049202465573,-976.0215454101562
f245083d-be42-588d-bd06-ede811207b5f,2022-02-01,-5090.59,-3510.96,-3510.96,-3510.96,-4058.162049610694,-4051.627455954058,-6457.329873046875
f245083d-be42-588d-bd06-ede811207b5f,2022-03-01,-7599.49,-5090.59,-5090.59,-4300.775,-5672.163568655482,-5662.500905147678,-7874.829013671875
f245083d-be42-588d-bd06-ede811207b5f,2022-04-01,-11250.72,-7599.49,-7599.49,-5400.346666666667,-8151.992862509582,-8146.567204621897,-9673.022958984375
f245083d-be42-588d-bd06-ede811207b5f,2022-05-01,-13577.93,-11250.72,-11250.72,-7980.266666666666,-11765.341660802958,-11763.996716382013,-13976.43923828125
f245083d-be42-588d-bd06-ede811207b5f,2022-06-01,-16474.65,-13577.93,-13577.93,-10809.38,-14057.190681892343,-14058.769948333766,-16471.2395703125
f245083d-be42-588d-bd06-ede811207b5f,2022-07-01,-42377.42,-16474.65,-16474.65,-13767.766666666668,-16739.76472586048,-16765.14266056035,-18696.996923828126
f245083d-be42-588d-bd06-ede811207b5f,2022-08-01,-46076.12,-42377.42,-42377.42,-24143.333333333332,-42312.43930396893,-42339.31755516154,-45320.37043945312
f245083d-be42-588d-bd06-ede811207b5f,2022-09-01,-56774.39,-46076.12,-46076.12,-34976.06333333333,-45806.94619714791,-45892.22324755048,-49378.13440429688
f245083d-be42-588d-bd06-ede811207b5f,2022-10-01,-58202.1,-56774.39,-56774.39,-48409.31,-56202.3577110638,-56322.02879230448,-57410.82304443359
f245083d-be42-588d-bd06-ede811207b5f,2022-11-01,-63761.0,-58202.1,-58202.1,-53684.20333333333,-57879.15783231208,-57968.54914721804,-60621.11391601562
f245083d-be42-588d-bd06-ede811207b5f,2022-12-01,-67648.61,-63761.0,-63761.0,-59579.16333333333,-63322.2670932143,-63424.61951662988,-66712.74877929688
f245083d-be42-588d-bd06-ede811207b5f,2023-01-01,-68179.03,-67648.61,-67648.61,-63203.90333333333,-67352.84819829963,-67435.37982879435,-70032.45838867188
f245083d-be42-588d-bd06-ede811207b5f,2023-02-01,-69680.76,-68179.03,-68179.03,-66529.54666666668,-68033.43087734691,-68097.99061045301,-69787.66232421875
f245083d-be42-588d-bd06-ede811207b5f,2023-03-01,-72420.25,-69680.76,-69680.76,-68502.79999999999,-69547.61481011251,-69611.39353482687,-71765.59520507812
f245083d-be42-588d-bd06-ede811207b5f,2023-04-01,-74907.06,-72420.25,-72420.25,-70093.34666666666,-72226.67836449137,-72298.2319230332,-74611.96069335938
f245083d-be42-588d-bd06-ede811207b5f,2023-05-01,-76563.81,-74907.06,-74907.06,-72336.02333333333,-74743.53347452015,-74812.03936384844,-76864.19757324219
f245083d-be42-588d-bd06-ede811207b5f,2023-06-01,-80694.74,-76563.81,-76563.81,-74630.37333333334,-76415.54295468984,-76481.1573317923,-79059.86737304687
f245083d-be42-588d-bd06-ede811207b5f,2023-07-01,-83682.07,-80694.74,-80694.74,-77388.53666666667,-80478.85757350041,-80550.11425104944,-83006.80127929688
f245083d-be42-588d-bd06-ede811207b5f,2023-08-01,-87455.75,-83682.07,-83682.07,-80313.54,-83387.82938058682,-83470.22209663896,-85722.1011279297
f245083d-be42-588d-bd06-ede811207b5f,2023-09-01,-88314.29,-87455.75,-87455.75,-83944.18666666666,-87089.13766895507,-87178.3325883561,-89544.62548828125
f245083d-be42-588d-bd06-ede811207b5f,2023-10-01,-88495.92,-88314.29,-88314.29,-86484.03666666667,-88036.3806571912,-88114.86495973245,-89358.32845214843
f245083d-be42-588d-bd06-ede811207b5f,2023-11-01,-91098.47,-88495.92,-88495.92,-88088.65333333332,-88252.19835861324,-88326.82283968787,-89188.21699707031
f245083d-be42-588d-bd06-ede811207b5f,2023-12-01,-92774.71,-91098.47,-91098.47,-89302.89333333333,-90779.04243249133,-90862.4540550523,-92761.72256347656
f245083d-be42-588d-bd06-ede811207b5f,2024-01-01,-94447.84,-92774.71,-92774.71,-90789.7,-92405.59350656837,-92495.84099782656,-94428.5926904297
f245083d-be42-588d-bd06-ede811207b5f,2024-02-01,-95348.86,-94447.84,-94447.84,-92773.67333333334,-94066.39877973184,-94157.39321977197,-96036.17532714843
f245083d-be42-588d-bd06-ede811207b5f,2024-03-01,-98833.8,-95348.86,-95348.86,-94190.47000000002,-95019.77738235216,-95104.06211125353,-97092.02845703125
f245083d-be42-588d-bd06-ede811207b5f,2024-04-01,-99794.87,-98833.8,-98833.8,-96210.16666666667,-98403.97949440287,-98498.94742066337,-100449.03754882813
f245083d-be42-588d-bd06-ede811207b5f,2024-05-01,-100683.09,-99794.87,-99794.87,-97992.51,-99413.80242923896,-99502.13270728102,-101170.145390625
f245083d-be42-588d-bd06-ede811207b5f,2024-06-01,-102639.38,-100683.09,-100683.09,-99770.58666666667,-100296.89589130362,-100385.85515925587,-101975.44083007812
f245083d-be42-588d-bd06-ede811207b5f,2024-07-01,-107460.37,-102639.38,-102639.38,-101039.11333333333,-102200.6633719049,-102295.80260332624,-104329.70666015625
f245083d-be42-588d-bd06-ede811207b5f,2024-08-01,-107198.75,-107460.37,-107460.37,-103594.27999999998,-106762.42169391883,-106888.24605100643,-109568.63953125
f245083d-be42-588d-bd06-ede811207b5f,2024-09-01,-113356.06,-107198.75,-107198.75,-105766.16666666667,-106620.77212283922,-106732.22397310568,-109828.83911132812
f245083d-be42-588d-bd06-ede811207b5f,2024-10-01,-118455.31,-113356.06,-113356.06,-109338.39333333333,-112550.09619119662,-112688.551973784,-116530.15155273437
f245083d-be42-588d-bd06-ede811207b5f,2024-11-01,-124705.27,-118455.31,-118455.31,-113003.37333333334,-117639.05329028111,-117777.77939337699,-121229.77435546875
f5ec1acb-de8e-5b4b-b75e-45fb67e9acfb,2022-01-01,-2512.42,,-13252.345000000001,-13252.345000000001,-599.9161128181978,-584.6049202465573,-976.0215454101562
f5ec1acb-de8e-5b4b-b75e-45fb67e9acfb,2022-02-01,-4200.88,-2512.42,-2512.42,-2512.42,-3059.797689898427,-3054.4654932132735,-6401.12166015625
f5ec1acb-de8e-5b4b-b75e-45fb67e9acfb,2022-03-01,-14328.28,-4200.88,-4200.88,-3356.65,-4769.192718700747,-4760.937984182254,-8317.885859375001
f5ec1acb-de8e-5b4b-b75e-45fb67e9acfb,2022-04-01,-24765.94,-14328.28,-14328.28,-7013.860000000001,-14704.316076079282,-14718.841721327277,-19863.795625
f5ec1acb-de8e-5b4b-b75e-45fb67e9acfb,2022-05-01,-31290.92,-24765.94,-24765.94,-14431.699999999999,-24967.82175600913,-25003.72471242474,-31091.18267578125
f5ec1acb-de8e-5b4b-b75e-45fb67e9acfb,2022-06-01,-36026.14,-31290.92,-31290.92,-23461.713333333333,-31457.404290963837,-31492.854189893413,-37250.51521484375
f5ec1acb-de8e-5b4b-b75e-45fb67e9acfb,2022-07-01,-45659.06,-36026.14,-36026.14,-30694.333333333332,-36018.832596126114,-36070.68803508984,-41640.450546875
f5ec1acb-de8e-5b4b-b75e-45fb67e9acfb,2022-08-01,-50365.62,-45659.06,-45659.06,-37658.706666666665,-45387.35363962761,-45471.43325316981,-50635.2348046875
f5ec1acb-de8e-5b4b-b75e-45fb67e9acfb,2022-09-01,-56718.64,-50365.62,-50365.62,-44016.94,-50245.645624218996,-50310.52101156841,-55096.6151171875
f5ec1acb-de8e-5b4b-b75e-45fb67e9acfb,2022-10-01,-61766.75,-56718.64,-56718.64,-50914.44,-56483.74111636143,-56562.747909504156,-61651.30748046875
f5ec1acb-de8e-5b4b-b75e-45fb67e9acfb,2022-11-01,-68086.85,-61766.75,-61766.75,-56283.670000000006,-61578.35234075888,-61650.811322155394,-66839.8447265625
f5ec1acb-de8e-5b4b-b75e-45fb67e9acfb,2022-12-01,-77647.5,-68086.85,-68086.85,-62190.746666666666,-67814.7700499307,-67894.00358625725,-72796.5482421875
f5ec1acb-de8e-5b4b-b75e-45fb67e9acfb,2023-01-01,-77613.2,-77647.5,-77647.5,-69167.03333333334,-77282.99659064529,-77372.49666191528,-81503.59643554688
f5ec1acb-de8e-5b4b-b75e-45fb67e9acfb,2023-02-01,-77940.14,-77613.2,-77613.2,-74449.18333333333,-77412.51066295733,-77481.30218525352,-78767.45366210937
f5ec1acb-de8e-5b4b-b75e-45fb67e9acfb,2023-03-01,-80319.85,-77940.14,-77940.14,-77733.61333333333,-77726.65503929021,-77798.14207517233,-79468.13609375
f5ec1acb-de8e-5b4b-b75e-45fb67e9acfb,2023-04-01,-83256.89,-80319.85,-80319.85,-78624.39666666667,-80089.0708506339,-80163.80413968976,-81727.58901367188
f5ec1acb-de8e-5b4b-b75e-45fb67e9acfb,2023-05-01,-82622.85,-83256.89,-83256.89,-80505.62666666666,-82962.96002670012,-83044.63571051828,-82637.0691381836
f5ec1acb-de8e-5b4b-b75e-45fb67e9acfb,2023-06-01,-82693.87,-82622.85,-82622.85,-82066.53,-82431.42515136604,-82500.45009609191,-83142.86446533204
f5ec1acb-de8e-5b4b-b75e-45fb67e9acfb,2023-07-01,-81958.2,-82693.87,-82693.87,-82857.87,-82538.08214535563,-82603.30519891721,-82922.43317138671
f5ec1acb-de8e-5b4b-b75e-45fb67e9acfb,2023-08-01,-84885.26,-81958.2,-81958.2,-82424.97333333334,-81843.20278464949,-81905.01593902757,-82300.27696533203
f5ec1acb-de8e-5b4b-b75e-45fb67e9acfb,2023-09-01,-82407.93,-84885.26,-84885.26,-83179.11,-84623.65219138705,-84704.12014863914,-83185.8918359375
f5ec1acb-de8e-5b4b-b75e-45fb67e9acfb,2023-10-01,-80665.64,-82407.93,-82407.93,-83083.79666666668,-82289.13029438654,-82352.23489808738,-81916.64966552734
f5ec1acb-de8e-5b4b-b75e-45fb67e9acfb,2023-11-01,-79872.09,-80665.64,-80665.64,-82652.94333333334,-80629.43388768994,-80681.97008118674,-80590.35809387207
f5ec1acb-de8e-5b4b-b75e-45fb67e9acfb,2023-12-01,-81161.81,-79872.09,-79872.09,-80981.88666666666,-79846.96727644348,-79899.37741802527,-80522.76132568359
f5ec1acb-de8e-5b4b-b75e-45fb67e9acfb,2024-01-01,-78265.6,-81161.81,-81161.81,-80566.51333333332,-80976.69093873614,-81049.75674705551,-81428.37192016601
f5ec1acb-de8e-5b4b-b75e-45fb67e9acfb,2024-02-01,-77307.57,-78265.6,-78265.6,-79766.5,-78321.92425101351,-78365.06988699583,-78397.74668273926
f5ec1acb-de8e-5b4b-b75e-45fb67e9acfb,2024-03-01,-79820.63,-77307.57,-77307.57,-78911.66,-77344.60373927688,-77391.2575400041,-78060.39159423829
f5ec1acb-de8e-5b4b-b75e-45fb67e9acfb,2024-04-01,-84875.99,-79820.63,-79820.63,-78464.6,-79671.58923495217,-79738.5655821804,-81851.06859863282
f5ec1acb-de8e-5b4b-b75e-45fb67e9acfb,2024-05-01,-84583.09,-84875.99,-84875.99,-80668.06333333334,-84549.24152716884,-84636.10590095141,-85272.78522705079
f5ec1acb-de8e-5b4b-b75e-45fb67e9acfb,2024-06-01,-83883.21,-84583.09,-84583.09,-83093.23666666668,-84298.09604613316,-84380.14919534775,-84570.17350849151
f5ec1acb-de8e-5b4b-b75e-45fb67e9acfb,2024-07-01,-77699.4,-83883.21,-83883.21,-84447.43,-83688.28939292788,-83757.28685619168,-84499.3496484375
f5ec1acb-de8e-5b4b-b75e-45fb67e9acfb,2024-08-01,-83740.36,-77699.4,-77699.4,-82055.23333333332,-77538.66959672158,-77607.3868898372,-79746.16049804687
f5ec1acb-de8e-5b4b-b75e-45fb67e9acfb,2024-09-01,-66473.18,-83740.36,-83740.36,-81774.32333333335,-83475.70224005313,-83553.49424077521,-84636.48322998047
f5ec1acb-de8e-5b4b-b75e-45fb67e9acfb,2024-10-01,-64577.37,-66473.18,-66473.18,-75970.98,-66669.0931578476,-66702.40849669598,-65267.75470703124
f5ec1acb-de8e-5b4b-b75e-45fb67e9acfb,2024-11-01,-60869.94,-64577.37,-64577.37,-71596.96999999999,-64736.16264596722,-64772.850375342125,-64459.5178805542
fa4acd2b-0083-5350-a108-052bbab56915,2022-01-01,-4563.89,,-13252.345000000001,-13252.345000000001,-599.9161128181978,-584.6049202465573,-976.0215454101562
fa4acd2b-0083-5350-a108-052bbab56915,2022-02-01,-4586.55,-4563.89,-4563.89,-4563.89,-5253.731785469289,-5227.691588097081,-5060.270737304688
fa4acd2b-0083-5350-a108-052bbab56915,2022-03-01,-2696.17,-4586.55,-4586.55,-4575.22,-5229.533064361375,-5209.958693240627,-4964.912579345703
fa4acd2b-0083-5350-a108-052bbab56915,2022-04-01,-4741.1,-2696.17,-2696.17,-3948.8700000000003,-3430.991185080752,-3399.8959358702086,-3374.201433105469
fa4acd2b-0083-5350-a108-052bbab56915,2022-05-01,-4207.59,-4741.1,-4741.1,-4007.94,-5495.366682540427,-5461.589700911775,-4730.017110443116
fa4acd2b-0083-5350-a108-052bbab56915,2022-06-01,-3853.76,-4207.59,-4207.59,-3881.6200000000003,-4990.770626473831,-4953.696483349767,-4235.269372787476
fa4acd2b-0083-5350-a108-052bbab56915,2022-07-01,-3737.23,-3853.76,-3853.76,-4267.483333333334,-4345.461193804839,-4344.5149509359235,-3834.643043289185
fa4acd2b-0083-5350-a108-052bbab56915,2022-08-01,-3219.3,-3737.23,-3737.23,-3932.86,-4225.088974001964,-4226.340794180581,-3717.9157414245606
fa4acd2b-0083-5350-a108-052bbab56915,2022-09-01,-3219.3,-3219.3,-3219.3,-3603.4300000000003,-3688.865123968865,-3693.2144052426443,-3318.0326278686525
fa4acd2b-0083-5350-a108-052bbab56915,2022-10-01,-3219.3,-3219.3,-3219.3,-3391.943333333333,-4058.8363195496145,-4015.3347704410007,-3280.0780265808107
fa4acd2b-0083-5350-a108-052bbab56915,2022-11-01,-265.35,-3219.3,-3219.3,-3219.3000000000006,-4056.705476015708,-4013.4234850100647,-3215.4440699100496
fa4acd2b-0083-5350-a108-052bbab56915,2022-12-01,-4791.73,-265.35,-265.35,-2234.65,-1121.5125204577234,-1076.9458796941747,-721.0761962890625
fa4acd2b-0083-5350-a108-052bbab56915,2023-01-01,-4791.73,-4791.73,-4791.73,-2758.7933333333335,-5470.676241904364,-5447.43508708864,-4557.006794433593
fa4acd2b-0083-5350-a108-052bbab56915,2023-02-01,-4791.73,-4791.73,-4791.73,-3282.9366666666665,-5470.167718763136,-5447.345612327995,-4796.8002672004695
fa4acd2b-0083-5350-a108-052bbab56915,2023-03-01,-4791.73,-4791.73,-4791.73,-4791.73,-5449.13352063805,-5428.209322305727,-4836.848728637695
fa4acd2b-0083-5350-a108-052bbab56915,2023-04-01,-4791.73,-4791.73,-4791.73,-4791.73,-5455.1814441833085,-5433.706000790998,-4844.95427368164
fa4acd2b-0083-5350-a108-052bbab56915,2023-05-01,-4791.73,-4791.73,-4791.73,-4791.73,-5451.951341405191,-5430.85171648769,-4844.95427368164
fa4acd2b-0083-5350-a108-052bbab56915,2023-06-01,-4791.73,-4791.73,-4791.73,-4791.73,-5590.279215642742,-5551.377761536731,-4830.031162719726
fa4acd2b-0083-5350-a108-052bbab56915,2023-07-01,-4791.73,-4791.73,-4791.73,-4791.73,-5588.125495513937,-5549.49312869342,-4830.031162719726
fa4acd2b-0083-5350-a108-052bbab56915,2023-08-01,-4791.73,-4791.73,-4791.73,-4791.73,-5585.26854903665,-5546.999428381216,-4822.414549331665
fa4acd2b-0083-5350-a108-052bbab56915,2023-09-01,-4791.73,-4791.73,-4791.73,-4791.73,-5582.411602559364,-5544.505728069012,-4784.410547714233
fa4acd2b-0083-5350-a108-052bbab56915,2023-10-01,-4791.73,-4791.73,-4791.73,-4791.73,-5579.554656082078,-5542.012027756808,-4767.281931381225
fa4acd2b-0083-5350-a108-052bbab56915,2023-11-01,-4791.73,-4791.73,-4791.73,-4791.73,-5576.697709604791,-5539.518327444603,-4752.654129486084
fa4acd2b-0083-5350-a108-052bbab56915,2023-12-01,-4791.73,-4791.73,-4791.73,-4791.73,-5573.840763127505,-5537.0246271323995,-4742.573589782714
fa4acd2b-0083-5350-a108-052bbab56915,2024-01-01,-4791.73,-4791.73,-4791.73,-4791.73,-5570.983816650219,-5534.5309268201945,-4742.573589782714
fa4acd2b-0083-5350-a108-052bbab56915,2024-02-01,-4791.73,-4791.73,-4791.73,-4791.73,-5568.126870172932,-5532.03722650799,-4771.938919525146
fa4acd2b-0083-5350-a108-052bbab56915,2024-03-01,-4791.73,-4791.73,-4791.73,-4791.73,-5565.269923695646,-5529.543526195786,-4771.938919525146
fa4acd2b-0083-5350-a108-052bbab56915,2024-04-01,-4791.73,-4791.73,-4791.73,-4791.73,-5562.41297721836,-5527.049825883582,-4770.052322845459
fa4acd2b-0083-5350-a108-052bbab56915,2024-05-01,-4791.73,-4791.73,-4791.73,-4791.73,-5559.556030741073,-5524.556125571378,-4770.052322845459
fa4acd2b-0083-5350-a108-052bbab56915,2024-06-01,-4791.73,-4791.73,-4791.73,-4791.73,-5556.699084263788,-5522.062425259174,-4770.052322845459
fa4acd2b-0083-5350-a108-052bbab56915,2024-07-01,-2972.5,-4791.73,-4791.73,-4791.73,-5553.842137786502,-5519.56872494697,-4733.232624511718
fa4acd2b-0083-5350-a108-052bbab56915,2024-08-01,-3067.44,-2972.5,-2972.5,-4185.32,-3737.7786146852163,-3703.4057710925244,-3333.805145263672
fa4acd2b-0083-5350-a108-052bbab56915,2024-09-01,-3209.26,-3067.44,-3067.44,-3610.556666666667,-3832.920336333325,-3798.9993829628247,-3334.7196325683594
fa4acd2b-0083-5350-a108-052bbab56915,2024-10-01,-3368.1,-3209.26,-3209.26,-3083.066666666667,-3634.7646113277247,-3645.7040530222816,-3561.702840576172
fa4acd2b-0083-5350-a108-052bbab56915,2024-11-01,-4098.3,-3368.1,-3368.1,-3214.933333333334,-3790.1825045263904,-3801.0814298430532,-3639.6194091796874
ffdf6bea-c52b-5830-9f66-ce34269d9193,2022-01-01,-4301.08,,-13252.345000000001,-13252.345000000001,-599.9161128181978,-584.6049202465573,-976.0215454101562
ffdf6bea-c52b-5830-9f66-ce34269d9193,2022-02-01,-16636.51,-4301.08,-4301.08,-4301.08,-4809.982633979829,-4808.6359044468745,-8453.2196484375
ffdf6bea-c52b-5830-9f66-ce34269d9193,2022-03-01,-18725.02,-16636.51,-16636.51,-10468.794999999998,-16955.828658960316,-16977.74566085278,-21415.40990234375
ffdf6bea-c52b-5830-9f66-ce34269d9193,2022-04-01,-29194.58,-18725.02,-18725.02,-13220.87,-19168.34831847605,-19174.067571138206,-22147.3901171875
ffdf6bea-c52b-5830-9f66-ce34269d9193,2022-05-01,-27809.08,-29194.58,-29194.58,-21518.703333333335,-29244.6296477081,-29298.767580495056,-30325.01835449219
ffdf6bea-c52b-5830-9f66-ce34269d9193,2022-06-01,-25191.91,-27809.08,-27809.08,-25242.893333333337,-28188.841678312125,-28200.927887371305,-28610.841169433595
ffdf6bea-c52b-5830-9f66-ce34269d9193,2022-07-01,-23163.79,-25191.91,-25191.91,-27398.523333333334,-25397.694754812022,-25429.08984420091,-24578.588955078125
ffdf6bea-c52b-5830-9f66-ce34269d9193,2022-08-01,-23658.87,-23163.79,-23163.79,-25388.26,-23576.74785694994,-23585.581432902847,-23492.713156738282
ffdf6bea-c52b-5830-9f66-ce34269d9193,2022-09-01,-26222.89,-23658.87,-23658.87,-24004.85666666667,-24076.63289281323,-24085.189760159465,-24254.0858203125
ffdf6bea-c52b-5830-9f66-ce34269d9193,2022-10-01,-23497.56,-26222.89,-26222.89,-24348.516666666663,-26605.858526791293,-26619.157134221263,-24012.5335546875
ffdf6bea-c52b-5830-9f66-ce34269d9193,2022-11-01,-23466.81,-23497.56,-23497.56,-24459.77333333333,-24130.691032184786,-24113.942248678955,-23206.73483520508
ffdf6bea-c52b-5830-9f66-ce34269d9193,2022-12-01,-18790.1,-23466.81,-23466.81,-24395.753333333338,-24041.617287161553,-24031.418902070825,-23222.27667480469
ffdf6bea-c52b-5830-9f66-ce34269d9193,2023-01-01,-16981.99,-18790.1,-18790.1,-21918.156666666666,-19421.41660878726,-19407.858965473853,-19408.673303222655
ffdf6bea-c52b-5830-9f66-ce34269d9193,2023-02-01,-26499.36,-16981.99,-16981.99,-19746.3,-17827.760885526484,-17787.62304048858,-18611.83997558594
ffdf6bea-c52b-5830-9f66-ce34269d9193,2023-03-01,-23869.95,-26499.36,-26499.36,-20757.15,-26714.610908276147,-26750.974733175823,-25729.3746484375
ffdf6bea-c52b-5830-9f66-ce34269d9193,2023-04-01,-22861.44,-23869.95,-23869.95,-22450.433333333334,-24454.62624042852,-24445.212961418387,-22727.381640625
ffdf6bea-c52b-5830-9f66-ce34269d9193,2023-05-01,-23335.82,-22861.44,-22861.44,-24410.25,-23329.446278152132,-23332.488350328153,-22801.675450744628
ffdf6bea-c52b-5830-9f66-ce34269d9193,2023-06-01,-23501.32,-23335.82,-23335.82,-23355.736666666664,-23805.48402843143,-23808.87570072693,-24092.732719726562
ffdf6bea-c52b-5830-9f66-ce34269d9193,2023-07-01,-23554.15,-23501.32,-23501.32,-23232.86,-23916.82874819917,-23926.900915950297,-23543.534225769043
ffdf6bea-c52b-5830-9f66-ce34269d9193,2023-08-01,-23253.29,-23554.15,-23554.15,-23463.763333333336,-23993.278440083406,-23998.710867669248,-23471.623152160646
ffdf6bea-c52b-5830-9f66-ce34269d9193,2023-09-01,-27758.74,-23253.29,-23253.29,-23436.253333333338,-23792.25218633395,-23785.733390056528,-23829.310141601563
ffdf6bea-c52b-5830-9f66-ce34269d9193,2023-10-01,-25905.94,-27758.74,-27758.74,-24855.39333333333,-28013.307366899455,-28041.31822129315,-25618.95728515625
ffdf6bea-c52b-5830-9f66-ce34269d9193,2023-11-01,-26263.12,-25905.94,-25905.94,-25639.323333333334,-26317.027429095906,-26325.37766595226,-25116.171201171874
ffdf6bea-c52b-5830-9f66-ce34269d9193,2023-12-01,-19965.13,-26263.12,-26263.12,-26642.600000000002,-26587.247563909943,-26607.249853475052,-25518.077458496093
ffdf6bea-c52b-5830-9f66-ce34269d9193,2024-01-01,-20655.1,-19965.13,-19965.13,-24044.73,-20530.927075550346,-20523.616219683663,-20658.00390136719
ffdf6bea-c52b-5830-9f66-ce34269d9193,2024-02-01,-28743.2,-20655.1,-20655.1,-22294.449999999997,-21131.51109443966,-21135.438597405362,-21999.770288085936
ffdf6bea-c52b-5830-9f66-ce34269d9193,2024-03-01,-26086.55,-28743.2,-28743.2,-23121.143333333337,-28946.189821172193,-28982.40152428155,-26867.287646484376
ffdf6bea-c52b-5830-9f66-ce34269d9193,2024-04-01,-23851.91,-26086.55,-26086.55,-25161.61666666667,-26427.248030323964,-26446.50799762792,-24834.631298828124
ffdf6bea-c52b-5830-9f66-ce34269d9193,2024-05-01,-23305.21,-23851.91,-23851.91,-26227.22,-24203.420584891814,-24221.239240366533,-22949.470913085937
ffdf6bea-c52b-5830-9f66-ce34269d9193,2024-06-01,-22817.52,-23305.21,-23305.21,-24414.556666666667,-23749.5290890536,-23756.138677920688,-23850.704812011718
ffdf6bea-c52b-5830-9f66-ce34269d9193,2024-07-01,-18964.01,-22817.52,-22817.52,-23324.88,-23236.65798853943,-23244.622580273313,-23022.83936645508
ffdf6bea-c52b-5830-9f66-ce34269d9193,2024-08-01,-21023.02,-18964.01,-18964.01,-21695.579999999998,-19429.029308115936,-19433.783077046508,-19546.282216796873
ffdf6bea-c52b-5830-9f66-ce34269d9193,2024-09-01,-20841.28,-21023.02,-21023.02,-20934.850000000002,-21532.60658362976,-21531.69975216112,-21570.598491210938
ffdf6bea-c52b-5830-9f66-ce34269d9193,2024-10-01,-22268.31,-20841.28,-20841.28,-20276.103333333333,-21294.576800510345,-21299.799407734983,-21848.665437011718
ffdf6bea-c52b-5830-9f66-ce34269d9193,2024-11-01,-25061.48,-22268.31,-22268.31,-21377.536666666667,-22657.000310771622,-22668.639267153776,-23330.028383789064
